rxcui,ndc,ndc_source
105585,00054455015,current
105585,00054455025,current
105585,00054855025,current
105585,00378001401,current
105585,00555057202,current
105585,00555057235,current
105585,00904714110,current
105585,16729048601,current
105585,16729048636,current
105585,42291050501,current
105585,46708073031,current
105585,46708073036,current
105585,47335023583,current
105585,47335023596,current
105585,47781048201,current
105585,48433006501,current
105585,48433006505,current
105585,50090029409,current
105585,50090341802,current
105585,50090545702,current
105585,50090545709,current
105585,50268052711,current
105585,50268052715,current
105585,50268055411,current
105585,50268055415,current
105585,51079067001,current
105585,51079067005,current
105585,51407012101,current
105585,52959024400,current
105585,55887007301,current
105585,59651018201,current
105585,59651018236,current
105585,62135077235,current
105585,62332073031,current
105585,62332073036,current
105585,63629147201,current
105585,63629147202,current
105585,64850033001,current
105585,67046152403,current
105585,68071376506,current
105585,68071376509,current
105585,68071399109,current
105585,68382077501,current
105585,68382077505,current
105585,68382077510,current
105585,68382077516,current
105585,68382077560,current
105585,68382077577,current
105585,69238142301,current
105585,70771105800,current
105585,70771105801,current
105585,70771105802,current
105585,70771105803,current
105585,70771105805,current
105585,70771105807,current
105585,70771105809,current
105585,71335078201,current
105585,71335078202,current
105585,71335078203,current
105585,71335078204,current
105585,71335078205,current
105585,71335078206,current
105585,71335078207,current
105585,71335078208,current
105585,71335111801,current
105585,71335111802,current
105585,71335111803,current
105585,71335111804,current
105585,71335111805,current
105585,71335111806,current
105585,71335111807,current
105585,71335111808,current
105585,71335177201,current
105585,71335177202,current
105585,71335177203,current
105585,71335177204,current
105585,71335177205,current
105585,71335177206,current
105585,71335177207,current
105585,71335177208,current
105585,71335222101,current
105585,71335222102,current
105585,71335222103,current
105585,71335222104,current
105585,71335222105,current
105585,71335222106,current
105585,71335222107,current
105585,71335222108,current
105585,72162217401,current
105585,72162264701,current
105585,72162264702,current
105585,82804013630,current
106258,00113054164,current
106258,00113097316,current
106258,00113097364,current
106258,00113136964,current
106258,00168001516,current
106258,00168001531,current
106258,00316018601,current
106258,00316018616,current
106258,00363023604,current
106258,00363023702,current
106258,00363023703,current
106258,00363034356,current
106258,00363036964,current
106258,00363062001,current
106258,00363062002,current
106258,00363062003,current
106258,00363062004,current
106258,00363063801,current
106258,00363063802,current
106258,00363063803,current
106258,00363063804,current
106258,00363079164,current
106258,00363097202,current
106258,00363197316,current
106258,00363197326,current
106258,00363197364,current
106258,00363206302,current
106258,00363998102,current
106258,00404016650,current
106258,00472032126,current
106258,00472033956,current
106258,00472034356,current
106258,00536127780,current
106258,00536140795,current
106258,00924113201,current
106258,00924113300,current
106258,00924113301,current
106258,00924113302,current
106258,00924113303,current
106258,00924113304,current
106258,00924113305,current
106258,00924113306,current
106258,00924563300,current
106258,00924563301,current
106258,00924563302,current
106258,00924563400,current
106258,00924563402,current
106258,00924563404,current
106258,08137003658,current
106258,10939057033,current
106258,11383018551,current
106258,11383018552,current
106258,11383029201,current
106258,11383031301,current
106258,11383031302,current
106258,11527005251,current
106258,11527005255,current
106258,11673003016,current
106258,11673005764,current
106258,11673020264,current
106258,11673039802,current
106258,11673039902,current
106258,11673089056,current
106258,11822206902,current
106258,11822209002,current
106258,11822209003,current
106258,11822209902,current
106258,11822209903,current
106258,11822313001,current
106258,11822313003,current
106258,11822358708,current
106258,11917004958,current
106258,11917004959,current
106258,11917010288,current
106258,11917013828,current
106258,11917018247,current
106258,13709035901,current
106258,21130027864,current
106258,21130036964,current
106258,21130039516,current
106258,21130039564,current
106258,21130043364,current
106258,21130044916,current
106258,21130044964,current
106258,21130099364,current
106258,21922009604,current
106258,21922009605,current
106258,21922009704,current
106258,21922009705,current
106258,24286157801,current
106258,24385002103,current
106258,24385027403,current
106258,27293001714,current
106258,29784014228,current
106258,30142036964,current
106258,30142041116,current
106258,30142097364,current
106258,36800005106,current
106258,36800005118,current
106258,36800009902,current
106258,36800052416,current
106258,36800052426,current
106258,36800052464,current
106258,36800093964,current
106258,36800098164,current
106258,37012005902,current
106258,37808031964,current
106258,37808036964,current
106258,37808097364,current
106258,40002000303,current
106258,41163031916,current
106258,41163031964,current
106258,41163036964,current
106258,41163097364,current
106258,41250036916,current
106258,41250036964,current
106258,41415004775,current
106258,41415004875,current
106258,41415033002,current
106258,41520003364,current
106258,41520031964,current
106258,42507031928,current
106258,42507031964,current
106258,42507097328,current
106258,42507097364,current
106258,42961023701,current
106258,42961023702,current
106258,42961023703,current
106258,42961023704,current
106258,43473004901,current
106258,43473005401,current
106258,43473009201,current
106258,43473031301,current
106258,43749062001,current
106258,43749062002,current
106258,45334032702,current
106258,45334032704,current
106258,45565055509,current
106258,45802043803,current
106258,45802043805,current
106258,46122082236,current
106258,47046015701,current
106258,47682020712,current
106258,47682020735,current
106258,47682020773,current
106258,47682020799,current
106258,47682021112,current
106258,47682021135,current
106258,47682021173,current
106258,47682021199,current
106258,47682024369,current
106258,47682039735,current
106258,47682039773,current
106258,47682039799,current
106258,47682039873,current
106258,47682039899,current
106258,47682092373,current
106258,47682093373,current
106258,47682098035,current
106258,47682098073,current
106258,47682098099,current
106258,47682098173,current
106258,49035036964,current
106258,49035055026,current
106258,49035070701,current
106258,49035070716,current
106258,49035070726,current
106258,49035070764,current
106258,49035073202,current
106258,49035073220,current
106258,49035097327,current
106258,49314000501,current
106258,49348043578,current
106258,49348044172,current
106258,49348052172,current
106258,49348052176,current
106258,49348052178,current
106258,49967010801,current
106258,49967010802,current
106258,49999013901,current
106258,50090311300,current
106258,50090311500,current
106258,50090547000,current
106258,50090725500,current
106258,50090742800,current
106258,51143005902,current
106258,51316022700,current
106258,51316023000,current
106258,51326010530,current
106258,51326010857,current
106258,51672201301,current
106258,51672201302,current
106258,51672201303,current
106258,51672205901,current
106258,51672205902,current
106258,51672206302,current
106258,51672206902,current
106258,51672206909,current
106258,51672300402,current
106258,51672533001,current
106258,51672533002,current
106258,51672533003,current
106258,51824005001,current
106258,51824005009,current
106258,51824005014,current
106258,51824009701,current
106258,51824009809,current
106258,51824009814,current
106258,51824009825,current
106258,51824019701,current
106258,51824019702,current
106258,51824019703,current
106258,51824019704,current
106258,52000002236,current
106258,52000002238,current
106258,52000002239,current
106258,52735074026,current
106258,52959003901,current
106258,52959003903,current
106258,52959003915,current
106258,52959083005,current
106258,53329009101,current
106258,53329009190,current
106258,53329009191,current
106258,53329009196,current
106258,53943026901,current
106258,55301020164,current
106258,55315018156,current
106258,55315018256,current
106258,55319098200,current
106258,55621000101,current
106258,55621000801,current
106258,55621001828,current
106258,55681001801,current
106258,55681001909,current
106258,55681001914,current
106258,55758042002,current
106258,55758042003,current
106258,55910022564,current
106258,55910031964,current
106258,55910050416,current
106258,56152200301,current
106258,57896014609,current
106258,57896014614,current
106258,58228204501,current
106258,58228204502,current
106258,58228289601,current
106258,58228624501,current
106258,58228702001,current
106258,58228703001,current
106258,59256000401,current
106258,59390002317,current
106258,59428040357,current
106258,59779009902,current
106258,59779009903,current
106258,59779009904,current
106258,59779030728,current
106258,59779031916,current
106258,59779031956,current
106258,59779084428,current
106258,59779097364,current
106258,60600053720,current
106258,61010580001,current
106258,61010580002,current
106258,61010580003,current
106258,61010580004,current
106258,61040012901,current
106258,61387025201,current
106258,61678041193,current
106258,62011009501,current
106258,62011009601,current
106258,62559043001,current
106258,63187050401,current
106258,63187056701,current
106258,63629195101,current
106258,63868059428,current
106258,63868059728,current
106258,63868068901,current
106258,63981097316,current
106258,63981097334,current
106258,65923003540,current
106258,65923049414,current
106258,65923092514,current
106258,66267096820,current
106258,66267096901,current
106258,66915053101,current
106258,66915053102,current
106258,67091005528,current
106258,67091019728,current
106258,67091041928,current
106258,67234001001,current
106258,67234001002,current
106258,67777000401,current
106258,67777000402,current
106258,67777000403,current
106258,67777000404,current
106258,67777000405,current
106258,67777000406,current
106258,67777000407,current
106258,67777000408,current
106258,68001047646,current
106258,68001047650,current
106258,68016001936,current
106258,68016002411,current
106258,68016010201,current
106258,68016014901,current
106258,68016052901,current
106258,68071520501,current
106258,68071530501,current
106258,68196097316,current
106258,68196097334,current
106258,68391010016,current
106258,68599118201,current
106258,68599118202,current
106258,68726050401,current
106258,68726050402,current
106258,68788410902,current
106258,68788412202,current
106258,68788807802,current
106258,69396000505,current
106258,69396000520,current
106258,69396002801,current
106258,69396002802,current
106258,69396002833,current
106258,69396002844,current
106258,69396005001,current
106258,69396005005,current
106258,69396005501,current
106258,69396005701,current
106258,69396008101,current
106258,69396009616,current
106258,69396011809,current
106258,69396011825,current
106258,69396012901,current
106258,69396014701,current
106258,69473001701,current
106258,69473002001,current
106258,69571000901,current
106258,69729010311,current
106258,69729026953,current
106258,69729030151,current
106258,69729079402,current
106258,69729082802,current
106258,69729083001,current
106258,69842015510,current
106258,69842015528,current
106258,69842015556,current
106258,69842029201,current
106258,69842063001,current
106258,69842063002,current
106258,69842063003,current
106258,69842063004,current
106258,69968051101,current
106258,69968088801,current
106258,70000048501,current
106258,70000054301,current
106258,70000066201,current
106258,70288071401,current
106258,70403092330,current
106258,70484000701,current
106258,70484000702,current
106258,70677121501,current
106258,70677121601,current
106258,70677121602,current
106258,71101002101,current
106258,71101022001,current
106258,71205057101,current
106258,71399014001,current
106258,71399018001,current
106258,71399018002,current
106258,71399124601,current
106258,71927001801,current
106258,71927003101,current
106258,71927003102,current
106258,71927003103,current
106258,71927003201,current
106258,71927003202,current
106258,71927003203,current
106258,71927003301,current
106258,71927003302,current
106258,72162176302,current
106258,72162228302,current
106258,72162228304,current
106258,72189020928,current
106258,72288036964,current
106258,72288097316,current
106258,73141062228,current
106258,73141062254,current
106258,73408093373,current
106258,73408093773,current
106258,73408098173,current
106258,76986001901,current
106258,76986001902,current
106258,79481001801,current
106258,79481001802,current
106258,79481031900,current
106258,79481031901,current
106258,79481097300,current
106258,79503020230,current
106258,79903009101,current
106258,79903009104,current
106258,79903009201,current
106258,80489000101,current
106258,80489000102,current
106258,80489008801,current
106258,80489008802,current
106258,80684003801,current
106258,80684014500,current
106258,80684014600,current
106258,80684015100,current
106258,80684019700,current
106258,81335053215,current
106258,81370003658,current
106258,82280047802,current
106258,82280047803,current
106258,82895071630,current
106258,82942100301,current
106258,83324004601,current
106258,83324004701,current
106258,83324029701,current
106258,83324032901,current
106258,83838041501,current
106258,84269450601,current
106258,84387000501,current
106258,84722303100,current
106258,84722303101,current
106258,84956001101,current
106258,85248010401,current
106258,85248012601,current
106258,85248015701,current
106258,85248018101,current
106258,85402000101,current
106258,85766015128,current
106258,85766016610,current
106258,85766016625,current
106258,86173000504,current
106258,86173000516,current
106258,87083000301,current
106258,87184089900,current
106258,87236000301,current
106258,87236000409,current
106258,87681000801,current
106258,87686000101,current
106892,00002871501,current
106892,00002871517,current
108515,00469301601,current
141918,00068072306,historical
141918,00068072330,historical
141918,00068072361,historical
141918,00068072365,historical
141918,00172424660,historical
141918,00172424670,historical
141918,00536311401,historical
141918,00536311405,historical
141918,17022004553,historical
141918,52493027320,historical
141918,52493027360,historical
141918,52728041003,historical
141918,53002040900,historical
141918,53002040910,historical
141918,53002040914,historical
141918,53002040915,historical
141918,53002040920,historical
141918,53002040930,historical
141918,53002040940,historical
141918,53002040950,historical
141918,53002040960,historical
141918,53492102901,historical
141918,53506021920,historical
141918,60491057930,historical
141918,60491057934,historical
141962,00069305050,historical
141962,00069305086,historical
141962,51129930501,historical
141962,60491072206,historical
197319,00378013701,current
197319,00378013710,current
197319,00591554301,current
197319,00591554310,current
197319,00603211502,current
197319,00603211504,current
197319,00603211521,current
197319,00603211528,current
197319,00603211532,current
197319,00603211593,current
197319,00615838505,current
197319,00615838539,current
197319,00904704161,current
197319,14445017000,current
197319,14445017001,current
197319,14445017005,current
197319,14445017030,current
197319,16571088301,current
197319,16571088309,current
197319,16571088310,current
197319,16571088350,current
197319,16714004107,current
197319,16714004110,current
197319,16714004112,current
197319,16714057601,current
197319,16714057602,current
197319,16714057603,current
197319,16714057604,current
197319,16729013401,current
197319,16729013410,current
197319,16729013416,current
197319,16729013417,current
197319,23155069301,current
197319,23155069310,current
197319,29300034901,current
197319,29300034905,current
197319,29300034910,current
197319,31722025201,current
197319,31722025205,current
197319,31722025210,current
197319,31722025290,current
197319,43063079320,current
197319,43063079360,current
197319,43063079390,current
197319,43063093501,current
197319,43063097520,current
197319,43063097590,current
197319,43353050160,current
197319,43353050180,current
197319,48433000201,current
197319,48433000220,current
197319,50090254403,current
197319,50090254404,current
197319,50090376003,current
197319,50090376004,current
197319,50090466203,current
197319,50090466204,current
197319,50090516803,current
197319,50090516804,current
197319,50090671503,current
197319,50090671504,current
197319,50090671600,current
197319,50090769603,current
197319,50090769604,current
197319,50090769700,current
197319,50090779100,current
197319,50090779101,current
197319,50090783200,current
197319,50090783201,current
197319,50090783300,current
197319,50742013501,current
197319,50742013510,current
197319,51079020501,current
197319,51079020520,current
197319,51655008252,current
197319,51655052352,current
197319,51655054626,current
197319,51655054652,current
197319,51655094526,current
197319,51655094552,current
197319,52959047300,current
197319,52959047330,current
197319,53401001960,current
197319,53401001980,current
197319,53489015601,current
197319,53489015602,current
197319,53489015605,current
197319,53489015610,current
197319,55111072901,current
197319,55111072910,current
197319,55154233800,current
197319,55154553400,current
197319,57664043413,current
197319,57664043418,current
197319,57664043488,current
197319,59651028501,current
197319,59651028599,current
197319,60687067701,current
197319,60687067711,current
197319,60760013490,current
197319,60760065690,current
197319,60760071090,current
197319,61919074830,current
197319,61919074890,current
197319,62135051631,current
197319,62135051690,current
197319,62584098880,current
197319,62584098885,current
197319,63187046330,current
197319,63187046360,current
197319,63187046390,current
197319,63304053901,current
197319,63304053910,current
197319,63629167501,current
197319,63629167502,current
197319,63629167503,current
197319,63629167504,current
197319,63629211101,current
197319,63739041010,current
197319,66267066530,current
197319,66267066560,current
197319,66267066590,current
197319,67296189703,current
197319,67544073630,current
197319,67544073660,current
197319,67544073674,current
197319,67544073680,current
197319,67544098830,current
197319,67544098860,current
197319,67544098880,current
197319,67877012201,current
197319,67877012210,current
197319,68071299703,current
197319,68071299709,current
197319,68071380303,current
197319,68071387101,current
197319,68788402701,current
197319,68788402703,current
197319,68788402706,current
197319,68788402709,current
197319,68788833701,current
197319,68788833703,current
197319,68788833706,current
197319,68788833709,current
197319,68788845801,current
197319,68788845803,current
197319,68788845806,current
197319,68788845809,current
197319,68788872701,current
197319,68788872703,current
197319,68788872706,current
197319,68788872709,current
197319,69315029101,current
197319,69315029105,current
197319,69315029110,current
197319,69967000801,current
197319,69967000803,current
197319,70518047601,current
197319,70518167801,current
197319,70518366000,current
197319,70518366001,current
197319,70518366002,current
197319,70518406200,current
197319,70518406201,current
197319,70518441200,current
197319,70710120900,current
197319,70710120901,current
197319,70771112600,current
197319,70771112601,current
197319,70934007230,current
197319,70934007290,current
197319,70934029590,current
197319,71205020830,current
197319,71205020860,current
197319,71205020890,current
197319,71335046701,current
197319,71335046702,current
197319,71335046703,current
197319,71335046704,current
197319,71335046705,current
197319,71335046706,current
197319,71335165601,current
197319,71335165602,current
197319,71335165603,current
197319,71335165604,current
197319,71335165605,current
197319,71335165606,current
197319,71335234701,current
197319,71335234702,current
197319,71335234703,current
197319,71335234704,current
197319,71335234705,current
197319,71335234706,current
197319,71335241601,current
197319,71335241602,current
197319,71335241603,current
197319,71335241604,current
197319,71335241605,current
197319,71335241606,current
197319,71335254201,current
197319,71335254202,current
197319,71335254203,current
197319,71335254204,current
197319,71335254205,current
197319,71335254206,current
197319,71335274401,current
197319,71335274402,current
197319,71335274403,current
197319,71335274404,current
197319,71335274405,current
197319,71335274406,current
197319,71335277501,current
197319,71335277502,current
197319,71335277503,current
197319,71335277504,current
197319,71335277505,current
197319,71335277506,current
197319,71335964101,current
197319,71335964102,current
197319,71335964103,current
197319,71335964104,current
197319,71335964105,current
197319,71335964106,current
197319,71610019430,current
197319,71610019460,current
197319,71610019480,current
197319,71610019760,current
197319,71610019780,current
197319,71610067653,current
197319,71610067660,current
197319,71610067680,current
197319,71610067830,current
197319,71610067860,current
197319,71610067880,current
197319,71610094960,current
197319,71610094980,current
197319,71921024001,current
197319,71921024033,current
197319,71921024050,current
197319,71921024060,current
197319,72162114900,current
197319,72189043730,current
197319,72189043790,current
197319,72865030301,current
197319,72865030305,current
197319,72865030310,current
197319,72865030390,current
197319,82638011201,current
197319,82638011202,current
197319,82638011203,current
197319,82638011204,current
197378,50458051001,historical
197378,50458051010,historical
197378,50458051013,historical
197379,00093075301,current
197379,00093075305,current
197379,00378075701,current
197379,00378075710,current
197379,00378075793,current
197379,00781150701,current
197379,00781150710,current
197379,00781522901,current
197379,00781522910,current
197379,13411017601,current
197379,13411017603,current
197379,13411017606,current
197379,13411017609,current
197379,13411017610,current
197379,29300041201,current
197379,29300041205,current
197379,29300041210,current
197379,33358003900,current
197379,33358003930,current
197379,43353098660,current
197379,48433000601,current
197379,48433000620,current
197379,50090341000,current
197379,50090341003,current
197379,50090341005,current
197379,50090526600,current
197379,50090526603,current
197379,50090526605,current
197379,50090573800,current
197379,50090573803,current
197379,50090573805,current
197379,50090631100,current
197379,50090631103,current
197379,50090631105,current
197379,50742010301,current
197379,50742010310,current
197379,51079068501,current
197379,51079068520,current
197379,51655010426,current
197379,51655010452,current
197379,51655073626,current
197379,51655073652,current
197379,51655092952,current
197379,52959025860,current
197379,52959025890,current
197379,55700066190,current
197379,58864071730,current
197379,60429002610,current
197379,60429002690,current
197379,60760064290,current
197379,61919085430,current
197379,61919085490,current
197379,63304062301,current
197379,63304062310,current
197379,63629262601,current
197379,63629262602,current
197379,63629262603,current
197379,63629262604,current
197379,64980043901,current
197379,64980043910,current
197379,65841002401,current
197379,65841002410,current
197379,65841002416,current
197379,65841002440,current
197379,65862017001,current
197379,65862017099,current
197379,66267002930,current
197379,66267002960,current
197379,66267002990,current
197379,66267002991,current
197379,66267002992,current
197379,67046107603,current
197379,67544033260,current
197379,68071385103,current
197379,68071385106,current
197379,68071385109,current
197379,68071475109,current
197379,68071516201,current
197379,68382002401,current
197379,68382002410,current
197379,68382002416,current
197379,68382002440,current
197379,68788411201,current
197379,68788411203,current
197379,68788411206,current
197379,68788411209,current
197379,68788753501,current
197379,68788753503,current
197379,68788753506,current
197379,68788753509,current
197379,70518088200,current
197379,70518088202,current
197379,70518409900,current
197379,71335126401,current
197379,71335126402,current
197379,71335126403,current
197379,71335126404,current
197379,71335126405,current
197379,71335126406,current
197379,71335126407,current
197379,71335253101,current
197379,71335253102,current
197379,71335253103,current
197379,71335253104,current
197379,71335253105,current
197379,71335253106,current
197379,71335253107,current
197379,71335277401,current
197379,71335277402,current
197379,71335277403,current
197379,71335277404,current
197379,71335277405,current
197379,71335277406,current
197379,71335277407,current
197379,72162232600,current
197379,72162232609,current
197379,72189015230,current
197379,72189015290,current
197379,75834028300,current
197379,83980002401,current
197379,83980002410,current
197379,83980002497,current
197379,87063017901,current
197379,87063017930,current
197379,87063017960,current
197379,87063017990,current
197380,00093078701,current
197380,00093078710,current
197380,00378021801,current
197380,00378021810,current
197380,00615837205,current
197380,00615837230,current
197380,00615837239,current
197380,00781107801,current
197380,00781107810,current
197380,00781522001,current
197380,00781522010,current
197380,00904718761,current
197380,29300041001,current
197380,29300041005,current
197380,29300041010,current
197380,33358003700,current
197380,33358003730,current
197380,33358003760,current
197380,43063080501,current
197380,43063080530,current
197380,43063080590,current
197380,43063095230,current
197380,43063095290,current
197380,43353083330,current
197380,43353083345,current
197380,43353083360,current
197380,43353083380,current
197380,48433000401,current
197380,48433000420,current
197380,50090341100,current
197380,50090341102,current
197380,50090341104,current
197380,50090341105,current
197380,50090540800,current
197380,50090540802,current
197380,50090540805,current
197380,50090624100,current
197380,50090624102,current
197380,50090624105,current
197380,50090693500,current
197380,50090760300,current
197380,50742010101,current
197380,50742010110,current
197380,51079075901,current
197380,51079075917,current
197380,51079075919,current
197380,51079075920,current
197380,51079075963,current
197380,51655049125,current
197380,51655053325,current
197380,51655053326,current
197380,51655053352,current
197380,51655070926,current
197380,51655070952,current
197380,51655092652,current
197380,52959046301,current
197380,52959046330,current
197380,52959046360,current
197380,54348016830,current
197380,55154551100,current
197380,58864074930,current
197380,58864074990,current
197380,60429002710,current
197380,60429002790,current
197380,60687060501,current
197380,60687060511,current
197380,60760043730,current
197380,60760043790,current
197380,60760078790,current
197380,61919025630,current
197380,61919027930,current
197380,61919027960,current
197380,61919027990,current
197380,61919058160,current
197380,61919091471,current
197380,63187053710,current
197380,63187053730,current
197380,63187053760,current
197380,63187053790,current
197380,63304062101,current
197380,63304062110,current
197380,63629178501,current
197380,63629178502,current
197380,63629178503,current
197380,64980043701,current
197380,64980043710,current
197380,65841002201,current
197380,65841002210,current
197380,65841002216,current
197380,65841002224,current
197380,65841002240,current
197380,65862016801,current
197380,65862016899,current
197380,66336058730,current
197380,67046066303,current
197380,67544016130,current
197380,67544024030,current
197380,67544024045,current
197380,67544024060,current
197380,67544024080,current
197380,67544024092,current
197380,68071452603,current
197380,68071452605,current
197380,68071452606,current
197380,68071452608,current
197380,68071452609,current
197380,68071453803,current
197380,68071453805,current
197380,68071453806,current
197380,68071453808,current
197380,68071453809,current
197380,68382002201,current
197380,68382002210,current
197380,68382002216,current
197380,68382002224,current
197380,68382002240,current
197380,68788787601,current
197380,68788787603,current
197380,68788787606,current
197380,68788787609,current
197380,68788852701,current
197380,68788852703,current
197380,68788852706,current
197380,68788852709,current
197380,68788873901,current
197380,68788873903,current
197380,68788873906,current
197380,68788873909,current
197380,70518353100,current
197380,70518353101,current
197380,70518353102,current
197380,70518428700,current
197380,70934017790,current
197380,71205009610,current
197380,71205009630,current
197380,71205009660,current
197380,71205009690,current
197380,71335153501,current
197380,71335153502,current
197380,71335153503,current
197380,71335153504,current
197380,71335153505,current
197380,71335153506,current
197380,71335153507,current
197380,71335161601,current
197380,71335161602,current
197380,71335161603,current
197380,71335161604,current
197380,71335161605,current
197380,71335161606,current
197380,71335961101,current
197380,71335961102,current
197380,71335961103,current
197380,71335961104,current
197380,71335961105,current
197380,71335961106,current
197380,71335961107,current
197380,71610065830,current
197380,71610065845,current
197380,71610065860,current
197380,71610065880,current
197380,71610065892,current
197380,71610085730,current
197380,71610085745,current
197380,71610085753,current
197380,71610085760,current
197380,71610085780,current
197380,72162232400,current
197380,72162232409,current
197380,72189014630,current
197380,72189014660,current
197380,72189014690,current
197380,72189039630,current
197380,72189039690,current
197380,75834028100,current
197380,83980002201,current
197380,83980002210,current
197380,83980002297,current
197380,87063017701,current
197380,87063017730,current
197380,87063017760,current
197380,87063017790,current
197381,00093075201,current
197381,00093075210,current
197381,00378023101,current
197381,00378023110,current
197381,00615837305,current
197381,00615837330,current
197381,00615837339,current
197381,00781150601,current
197381,00781150610,current
197381,00781522501,current
197381,00781522510,current
197381,13411016901,current
197381,13411016903,current
197381,13411016906,current
197381,13411016909,current
197381,13411016910,current
197381,29300041101,current
197381,29300041105,current
197381,29300041110,current
197381,33358003800,current
197381,33358003830,current
197381,33358003860,current
197381,42708001230,current
197381,42708014330,current
197381,42708016230,current
197381,43063076530,current
197381,43063076590,current
197381,43353083430,current
197381,43353083445,current
197381,43353083460,current
197381,43353083473,current
197381,43353083480,current
197381,43353093930,current
197381,43353093945,current
197381,43353093960,current
197381,43353093973,current
197381,43353093980,current
197381,48433000501,current
197381,48433000520,current
197381,50090044200,current
197381,50090044201,current
197381,50090044204,current
197381,50090044207,current
197381,50090044208,current
197381,50090281100,current
197381,50090304300,current
197381,50090304301,current
197381,50090304304,current
197381,50090304307,current
197381,50090304308,current
197381,50090523300,current
197381,50090523308,current
197381,50090536300,current
197381,50090536301,current
197381,50090536304,current
197381,50090536307,current
197381,50090536308,current
197381,50090536700,current
197381,50090536701,current
197381,50090536707,current
197381,50090536708,current
197381,50090574100,current
197381,50090574101,current
197381,50090574104,current
197381,50090574107,current
197381,50090574108,current
197381,50090677900,current
197381,50090756100,current
197381,50090784700,current
197381,50742010201,current
197381,50742010210,current
197381,51079068401,current
197381,51079068417,current
197381,51079068419,current
197381,51079068420,current
197381,51079068463,current
197381,51655092752,current
197381,51655092826,current
197381,51655092852,current
197381,52959025300,current
197381,52959025320,current
197381,52959025330,current
197381,52959025340,current
197381,52959025390,current
197381,53489052910,current
197381,54348014230,current
197381,55154545500,current
197381,58864006501,current
197381,58864006530,current
197381,60429002510,current
197381,60429002590,current
197381,60760064330,current
197381,60760064390,current
197381,61919025730,current
197381,61919025790,current
197381,61919093530,current
197381,61919093560,current
197381,61919093590,current
197381,62584046780,current
197381,62584046785,current
197381,62645030110,current
197381,63187020130,current
197381,63187071030,current
197381,63187071060,current
197381,63187071090,current
197381,63304062201,current
197381,63304062210,current
197381,63629174001,current
197381,63629174002,current
197381,63629174003,current
197381,64980043801,current
197381,64980043810,current
197381,65841002301,current
197381,65841002302,current
197381,65841002310,current
197381,65841002316,current
197381,65841002324,current
197381,65841002340,current
197381,65862016901,current
197381,65862016999,current
197381,66267003130,current
197381,66267003160,current
197381,66336071930,current
197381,67046084303,current
197381,68071369401,current
197381,68071383001,current
197381,68071383009,current
197381,68071452701,current
197381,68071452703,current
197381,68071452706,current
197381,68071452709,current
197381,68071455301,current
197381,68382002301,current
197381,68382002302,current
197381,68382002310,current
197381,68382002316,current
197381,68382002324,current
197381,68382002340,current
197381,68387053830,current
197381,68645049354,current
197381,68645058554,current
197381,68788761601,current
197381,68788761603,current
197381,68788761606,current
197381,68788761609,current
197381,68788883401,current
197381,68788883403,current
197381,68788883406,current
197381,68788883409,current
197381,70518303600,current
197381,70518303601,current
197381,70518303602,current
197381,70518303603,current
197381,70934014230,current
197381,71205022930,current
197381,71205022960,current
197381,71205022990,current
197381,71205049630,current
197381,71205049660,current
197381,71205049690,current
197381,71335091201,current
197381,71335091202,current
197381,71335091203,current
197381,71335091204,current
197381,71335091205,current
197381,71335091206,current
197381,71335095401,current
197381,71335095402,current
197381,71335095403,current
197381,71335095404,current
197381,71335095405,current
197381,71335095406,current
197381,71335095407,current
197381,71610086130,current
197381,71610086145,current
197381,71610086160,current
197381,71610086173,current
197381,71610086180,current
197381,72162232500,current
197381,72162232509,current
197381,72189013530,current
197381,72189013590,current
197381,72789014430,current
197381,72789014490,current
197381,75834028200,current
197381,83008005230,current
197381,83980002301,current
197381,83980002310,current
197381,83980002397,current
197381,87063017801,current
197381,87063017830,current
197381,87063017860,current
197381,87063017890,current
197454,00093224001,current
197454,59651078401,current
197454,67877089201,current
197511,00143992701,current
197511,00143992705,current
197511,00143992730,current
197511,00182263101,current
197511,00378709701,current
197511,00440729006,current
197511,10135047401,current
197511,16252051401,current
197511,16571041110,current
197511,16714065102,current
197511,43063041006,current
197511,43063041010,current
197511,43063041012,current
197511,43063041014,current
197511,43063041020,current
197511,43547068810,current
197511,45865044030,current
197511,45865044051,current
197511,45865044060,current
197511,45865044090,current
197511,50090168503,current
197511,50090214600,current
197511,50090214601,current
197511,50090214602,current
197511,50090214603,current
197511,50090460000,current
197511,50090460001,current
197511,50090460002,current
197511,50090460003,current
197511,50090537100,current
197511,50090537101,current
197511,50090729700,current
197511,50090729701,current
197511,50090729702,current
197511,50090729703,current
197511,50090758100,current
197511,51079018101,current
197511,51079018120,current
197511,51079040201,current
197511,51079040220,current
197511,51407077501,current
197511,51655008620,current
197511,51655008684,current
197511,51655052502,current
197511,51655052506,current
197511,52959073906,current
197511,52959073910,current
197511,52959073914,current
197511,52959073920,current
197511,52959073930,current
197511,54348066206,current
197511,54348066214,current
197511,55111012601,current
197511,55111012605,current
197511,55700027906,current
197511,55700027910,current
197511,55700027914,current
197511,55700027920,current
197511,55887090406,current
197511,55887090410,current
197511,55887090414,current
197511,58657067501,current
197511,58864080606,current
197511,58864080614,current
197511,58864080620,current
197511,59651086601,current
197511,59651086620,current
197511,59651086630,current
197511,59651086699,current
197511,59651097601,current
197511,59651097620,current
197511,59651097630,current
197511,59651097699,current
197511,60687052811,current
197511,60760069010,current
197511,61442022201,current
197511,61442022210,current
197511,61919037102,current
197511,61919037106,current
197511,61919037114,current
197511,61919037120,current
197511,62135030801,current
197511,62135030820,current
197511,62135030828,current
197511,63187014206,current
197511,63187014210,current
197511,63187014214,current
197511,63187014220,current
197511,63187014228,current
197511,63187014230,current
197511,63187014260,current
197511,63187014290,current
197511,63629132601,current
197511,63629132603,current
197511,63629132604,current
197511,63629132605,current
197511,63629132606,current
197511,63629132607,current
197511,63629132608,current
197511,63739070010,current
197511,65862007601,current
197511,65862007620,current
197511,65862007630,current
197511,65862007699,current
197511,66336043314,current
197511,67046146003,current
197511,67296216901,current
197511,67296216906,current
197511,67296216907,current
197511,68071005506,current
197511,68071005510,current
197511,68071005514,current
197511,68071005520,current
197511,68071005521,current
197511,68071005528,current
197511,68071005530,current
197511,68071238301,current
197511,68071238302,current
197511,68071238303,current
197511,68071238304,current
197511,68071238308,current
197511,68071238309,current
197511,68071369306,current
197511,68071369901,current
197511,68071369902,current
197511,68071369903,current
197511,68071369906,current
197511,68071387602,current
197511,68071390101,current
197511,68071426002,current
197511,68071426003,current
197511,68071426004,current
197511,68071426005,current
197511,68071426006,current
197511,68071426007,current
197511,68071426008,current
197511,68071426009,current
197511,68788820001,current
197511,68788820002,current
197511,68788820003,current
197511,68788851301,current
197511,68788887500,current
197511,68788887501,current
197511,68788887502,current
197511,68788887503,current
197511,68788887504,current
197511,68788887506,current
197511,68788887508,current
197511,69117000801,current
197511,69117000802,current
197511,69238243201,current
197511,69367038501,current
197511,70518283700,current
197511,70518283701,current
197511,70518283702,current
197511,70518283703,current
197511,70518283704,current
197511,70518413300,current
197511,70518413301,current
197511,70518413302,current
197511,70518413303,current
197511,70518413304,current
197511,70934006806,current
197511,71205063606,current
197511,71205063610,current
197511,71205063614,current
197511,71205063620,current
197511,71205063630,current
197511,71205063660,current
197511,71205063690,current
197511,71205074905,current
197511,71205074906,current
197511,71205074910,current
197511,71205074914,current
197511,71205074920,current
197511,71205074928,current
197511,71205074930,current
197511,71205074960,current
197511,71205074990,current
197511,71335040800,current
197511,71335040801,current
197511,71335040802,current
197511,71335040803,current
197511,71335040804,current
197511,71335040805,current
197511,71335040806,current
197511,71335040807,current
197511,71335040808,current
197511,71335040809,current
197511,71335083601,current
197511,71335083602,current
197511,71335083603,current
197511,71335083604,current
197511,71335115200,current
197511,71335115201,current
197511,71335115202,current
197511,71335115203,current
197511,71335115204,current
197511,71335115205,current
197511,71335115206,current
197511,71335115207,current
197511,71335115208,current
197511,71335115209,current
197511,71335186700,current
197511,71335186701,current
197511,71335186702,current
197511,71335186703,current
197511,71335186704,current
197511,71335186705,current
197511,71335186706,current
197511,71335186707,current
197511,71335186708,current
197511,71335186709,current
197511,71335209700,current
197511,71335209701,current
197511,71335209702,current
197511,71335209703,current
197511,71335209704,current
197511,71335209705,current
197511,71335209706,current
197511,71335209707,current
197511,71335209708,current
197511,71335209709,current
197511,71335250200,current
197511,71335250201,current
197511,71335250202,current
197511,71335250203,current
197511,71335250204,current
197511,71335250205,current
197511,71335250206,current
197511,71335250207,current
197511,71335250208,current
197511,71335250209,current
197511,72162174001,current
197511,72189030406,current
197511,72189032306,current
197511,72189061606,current
197511,72789012401,current
197511,72789019306,current
197511,72789019310,current
197511,72789019312,current
197511,72789019314,current
197511,72789019320,current
197511,72789030206,current
197511,72789030210,current
197511,72789030212,current
197511,72789030214,current
197511,72789030220,current
197511,72789051906,current
197511,72789051910,current
197511,72789051912,current
197511,72789051914,current
197511,72789051920,current
197511,76420021406,current
197511,76420021410,current
197511,76420021414,current
197511,76420021420,current
197511,76420021430,current
197511,76420092801,current
197511,76420092814,current
197511,76420092820,current
197511,76420092830,current
197511,76420092860,current
197511,76420092890,current
197511,82804025606,current
197511,82804025614,current
197511,82804025620,current
197511,82868007014,current
197511,82868007020,current
197511,82868010214,current
197511,85293000201,current
197511,85534006900,current
197511,85534006901,current
197511,85534006902,current
197511,85534006903,current
197511,85534006904,current
197511,85534006905,current
197511,85534006906,current
197511,85766009901,current
197511,85766009910,current
197511,85766009920,current
197511,85766009930,current
197511,85766009960,current
197511,85766009990,current
197517,00054003721,current
197517,00378850091,current
197517,00527193206,current
197517,00781196260,current
197517,00904687204,current
197517,10544052220,current
197517,13411018501,current
197517,13411018503,current
197517,13411018504,current
197517,13411018506,current
197517,13411018515,current
197517,33358008620,current
197517,43063053014,current
197517,43063053020,current
197517,43063075214,current
197517,43063075220,current
197517,43063075228,current
197517,43063082320,current
197517,43063082328,current
197517,46708034530,current
197517,46708034560,current
197517,46708034591,current
197517,49999090420,current
197517,49999090430,current
197517,50090183000,current
197517,50090183001,current
197517,50090183002,current
197517,50090183003,current
197517,50090251500,current
197517,50090251501,current
197517,50090251502,current
197517,50090319300,current
197517,50090319301,current
197517,50090319302,current
197517,50090528200,current
197517,50090528201,current
197517,50090528202,current
197517,50090528203,current
197517,50268017911,current
197517,50268017913,current
197517,51079067301,current
197517,51079067306,current
197517,51655066820,current
197517,51655066852,current
197517,52959083610,current
197517,52959083614,current
197517,52959083620,current
197517,52959083660,current
197517,55700053514,current
197517,55700053520,current
197517,55700053530,current
197517,57237004560,current
197517,58864083720,current
197517,60687043511,current
197517,60687043521,current
197517,60760026120,current
197517,61919064310,current
197517,61919064320,current
197517,61919064328,current
197517,62135061560,current
197517,62332034530,current
197517,62332034560,current
197517,62332034591,current
197517,63187037614,current
197517,63187037620,current
197517,63187037628,current
197517,63187037630,current
197517,63187037660,current
197517,63187037690,current
197517,63187062514,current
197517,63187062528,current
197517,63187062530,current
197517,63187062560,current
197517,63187062590,current
197517,63304072611,current
197517,63629288701,current
197517,63629288702,current
197517,63629288703,current
197517,63629288704,current
197517,64380090603,current
197517,64679094901,current
197517,65862022610,current
197517,65862022660,current
197517,65862022699,current
197517,67046151503,current
197517,68002010402,current
197517,68002010404,current
197517,68071033714,current
197517,68071033720,current
197517,68071033730,current
197517,68071504502,current
197517,68071504503,current
197517,68071504504,current
197517,68071504508,current
197517,68084065125,current
197517,68084065195,current
197517,68788848002,current
197517,68788848008,current
197517,70518020400,current
197517,71335001701,current
197517,71335001702,current
197517,71335001703,current
197517,71335001704,current
197517,71335001705,current
197517,71335001706,current
197517,71335001707,current
197517,71335001708,current
197517,71335001709,current
197517,71335149301,current
197517,71335149302,current
197517,71335149303,current
197517,71335149304,current
197517,71335149305,current
197517,71335149306,current
197517,71335149307,current
197517,71335149308,current
197517,71335149309,current
197517,72189029910,current
197517,72189029920,current
197517,72189029928,current
197517,72189063910,current
197517,72189063920,current
197517,73473091060,current
197517,76420005114,current
197517,76420005120,current
197517,82804006920,current
197517,82804006930,current
197517,82804006960,current
197517,82804006990,current
197517,82804014114,current
197517,82804014120,current
197517,82804014128,current
197517,82868008520,current
197517,82868008530,current
197517,85766019801,current
197517,85766019805,current
197517,85766019807,current
197517,85766019810,current
197517,85766019815,current
197517,85766019820,current
197517,85766019830,current
197517,85766019860,current
197517,85766019890,current
197517,85766020301,current
197517,85766020305,current
197517,85766020307,current
197517,85766020310,current
197517,85766020315,current
197517,85766020320,current
197517,85766020330,current
197517,85766020360,current
197517,85766020390,current
197541,00254200801,current
197541,00254200811,current
197541,00378108601,current
197541,00378108693,current
197541,00591256201,current
197541,00591256230,current
197541,00904712004,current
197541,16714003901,current
197541,16714003902,current
197541,23155085501,current
197541,23155085503,current
197541,31722089901,current
197541,31722089930,current
197541,33342034107,current
197541,33342034111,current
197541,33342034115,current
197541,33342034142,current
197541,42292005401,current
197541,42292005403,current
197541,43598037201,current
197541,43598037210,current
197541,43598037230,current
197541,49884017101,current
197541,49884017111,current
197541,50090720507,current
197541,50090801407,current
197541,50268018711,current
197541,50268018715,current
197541,51407008201,current
197541,51407008230,current
197541,52959007020,current
197541,59651045501,current
197541,59651045530,current
197541,60687072711,current
197541,60687072721,current
197541,60687072765,current
197541,60760083910,current
197541,62135078930,current
197541,62135078990,current
197541,63629216601,current
197541,63629216701,current
197541,63629836201,current
197541,63629836202,current
197541,63629836203,current
197541,63629836204,current
197541,63629836205,current
197541,63629836206,current
197541,63629836207,current
197541,63629836208,current
197541,63629836209,current
197541,63629876601,current
197541,64380079604,current
197541,64380079606,current
197541,65162071003,current
197541,65162071009,current
197541,65162071011,current
197541,66993016502,current
197541,67877058901,current
197541,67877058905,current
197541,67877058910,current
197541,67877058930,current
197541,67877058933,current
197541,67877058960,current
197541,67877058984,current
197541,67877058986,current
197541,68071256709,current
197541,70010000201,current
197541,70010000203,current
197541,70010000210,current
197541,70518385100,current
197541,70518385101,current
197541,70518385102,current
197541,70518400000,current
197541,70518400001,current
197541,70710135101,current
197541,70710135103,current
197541,71205031030,current
197541,71205068705,current
197541,71205068710,current
197541,71205068721,current
197541,71205068730,current
197541,71205068760,current
197541,71205068790,current
197541,71335173801,current
197541,71335173802,current
197541,71335173803,current
197541,71335173804,current
197541,71335173805,current
197541,71335173806,current
197541,71335180201,current
197541,71335180202,current
197541,71335180203,current
197541,71335180204,current
197541,71335180205,current
197541,71335180206,current
197541,71335180207,current
197541,71335180208,current
197541,71335279101,current
197541,71335279102,current
197541,71335279103,current
197541,71335279104,current
197541,71335279105,current
197541,71335279106,current
197541,71335279107,current
197541,71335279108,current
197541,71335279109,current
197541,71610049403,current
197541,72162185501,current
197541,72189024903,current
197541,72189033103,current
197541,72789057230,current
197591,00172392660,current
197591,00172392670,current
197591,00172392680,current
197591,00378034501,current
197591,00378034505,current
197591,00440737610,current
197591,00555036305,current
197591,11534020301,current
197591,11534020303,current
197591,11534020304,current
197591,33358010212,current
197591,33358010215,current
197591,33358010220,current
197591,33358010230,current
197591,33358010260,current
197591,33358010290,current
197591,43063071804,current
197591,43063071806,current
197591,43063071809,current
197591,43063071810,current
197591,43063071812,current
197591,43063071815,current
197591,43063071821,current
197591,43063071830,current
197591,43063071860,current
197591,43063071890,current
197591,43063088790,current
197591,43063097004,current
197591,43063097006,current
197591,43063097010,current
197591,43063097015,current
197591,43063097021,current
197591,43063097030,current
197591,43063097060,current
197591,43353027815,current
197591,43353027820,current
197591,43353027830,current
197591,43353027845,current
197591,43353027853,current
197591,43353027855,current
197591,43353027860,current
197591,43353027870,current
197591,43353027875,current
197591,43353027880,current
197591,43353027890,current
197591,45865048230,current
197591,45865048251,current
197591,45865048260,current
197591,45865048290,current
197591,48433002801,current
197591,48433002820,current
197591,50090191300,current
197591,50090191301,current
197591,50090191302,current
197591,50090191303,current
197591,50090191304,current
197591,50090191305,current
197591,50090191306,current
197591,50090191307,current
197591,50090191308,current
197591,50090191309,current
197591,50090224900,current
197591,50090224904,current
197591,50090299500,current
197591,50090471300,current
197591,50436359201,current
197591,50436359202,current
197591,50436359204,current
197591,51079028501,current
197591,51079028520,current
197591,51862094201,current
197591,51862094205,current
197591,52959004700,current
197591,52959004701,current
197591,52959004702,current
197591,52959004703,current
197591,52959004705,current
197591,52959004706,current
197591,52959004710,current
197591,52959004712,current
197591,52959004715,current
197591,52959004720,current
197591,52959004721,current
197591,52959004723,current
197591,52959004724,current
197591,52959004725,current
197591,52959004730,current
197591,52959004740,current
197591,52959004745,current
197591,52959004750,current
197591,52959004760,current
197591,52959004790,current
197591,55154555400,current
197591,55289009112,current
197591,55887068601,current
197591,55887068602,current
197591,58118392608,current
197591,58864014520,current
197591,59651065301,current
197591,59651065305,current
197591,59651065399,current
197591,60760077510,current
197591,60760077530,current
197591,61919008802,current
197591,61919008803,current
197591,61919008830,current
197591,61919008860,current
197591,61919008872,current
197591,61919036730,current
197591,61919036760,current
197591,61919036790,current
197591,61919040902,current
197591,61919040903,current
197591,61919040910,current
197591,61919040930,current
197591,61919040960,current
197591,61919040972,current
197591,61919040990,current
197591,62135078790,current
197591,63187017301,current
197591,63187017302,current
197591,63187017310,current
197591,63187017315,current
197591,63187017320,current
197591,63187017321,current
197591,63187017330,current
197591,63187017360,current
197591,63187017390,current
197591,63629152300,current
197591,63629152301,current
197591,63629152302,current
197591,63629152303,current
197591,63629152304,current
197591,63629152305,current
197591,63629152306,current
197591,63629152307,current
197591,63629152308,current
197591,63629152309,current
197591,66267006902,current
197591,66267006903,current
197591,66267006904,current
197591,66267006906,current
197591,66267006912,current
197591,66267006920,current
197591,66267006940,current
197591,66267006960,current
197591,66267006991,current
197591,66267077602,current
197591,66267077603,current
197591,66267077610,current
197591,67046094303,current
197591,67544001915,current
197591,67544034015,current
197591,67544036815,current
197591,68071368201,current
197591,68071368206,current
197591,68071368601,current
197591,68071368603,current
197591,68071477001,current
197591,68071477003,current
197591,68071477005,current
197591,68071477009,current
197591,68071492201,current
197591,68071492204,current
197591,68071492206,current
197591,68387047430,current
197591,68788846602,current
197591,68788846603,current
197591,68788846606,current
197591,70518171300,current
197591,70518171301,current
197591,70518171302,current
197591,70518171303,current
197591,70518171304,current
197591,70518171305,current
197591,71335158400,current
197591,71335158401,current
197591,71335158402,current
197591,71335158403,current
197591,71335158404,current
197591,71335158405,current
197591,71335158406,current
197591,71335158407,current
197591,71335158408,current
197591,71335158409,current
197591,71335219700,current
197591,71335219701,current
197591,71335219702,current
197591,71335219703,current
197591,71335219704,current
197591,71335219705,current
197591,71335219706,current
197591,71335219707,current
197591,71335219708,current
197591,71335219709,current
197591,71335223900,current
197591,71335223901,current
197591,71335223902,current
197591,71335223903,current
197591,71335223904,current
197591,71335223905,current
197591,71335223906,current
197591,71335223907,current
197591,71335223908,current
197591,71335223909,current
197591,71610027015,current
197591,71610027020,current
197591,71610027030,current
197591,71610027045,current
197591,71610027053,current
197591,71610027055,current
197591,71610027060,current
197591,71610027070,current
197591,71610027075,current
197591,71610027080,current
197591,71610027090,current
197591,71610045915,current
197591,71610045920,current
197591,71610045930,current
197591,71610045945,current
197591,71610045953,current
197591,71610045955,current
197591,71610045960,current
197591,71610045970,current
197591,71610045975,current
197591,71610045980,current
197591,72189040102,current
197591,72189040130,current
197591,76420031500,current
197591,76420031501,current
197591,76420031505,current
197591,76420031510,current
197591,76420031520,current
197591,76420031530,current
197591,76420031560,current
197591,76420031590,current
197591,76420053300,current
197591,76420053301,current
197591,76420053302,current
197591,76420053303,current
197591,76420053305,current
197591,76420053310,current
197591,76420053320,current
197591,76420053330,current
197591,76420053355,current
197591,76420053360,current
197591,76420053390,current
197591,80425049601,current
197591,80425049602,current
197591,80425049603,current
197591,87441002601,current
197604,00115981101,current
197604,00115981102,current
197604,00115981103,current
197604,00143124001,current
197604,00143124010,current
197604,00143124051,current
197604,00615820205,current
197604,00615820239,current
197604,00904592161,current
197604,10135053401,current
197604,10135053410,current
197604,10135074701,current
197604,10135074710,current
197604,16714059001,current
197604,16714059002,current
197604,33358010830,current
197604,50090043201,current
197604,50090564201,current
197604,50090670801,current
197604,50268023811,current
197604,50268023815,current
197604,51655040352,current
197604,55154588200,current
197604,55887070301,current
197604,57664043718,current
197604,57664043788,current
197604,58864087014,current
197604,59651043701,current
197604,59651043799,current
197604,60429009901,current
197604,60429009910,current
197604,60687054001,current
197604,60687054011,current
197604,60687085801,current
197604,60687085811,current
197604,62584098901,current
197604,62584098911,current
197604,62584098980,current
197604,62584098985,current
197604,63187074010,current
197604,63187074090,current
197604,63629257901,current
197604,63629257902,current
197604,63629257903,current
197604,63629257904,current
197604,63629257905,current
197604,66267044330,current
197604,67046131703,current
197604,69238199101,current
197604,69238199107,current
197604,70518385900,current
197604,70954020110,current
197604,70954020120,current
197604,71335028201,current
197604,71335028202,current
197604,71335028203,current
197604,71335028204,current
197604,71335028205,current
197604,71335028206,current
197604,71335246301,current
197604,71335246302,current
197604,71335961001,current
197604,71335961002,current
197604,71335961003,current
197604,71335961004,current
197604,71335961005,current
197604,71335961006,current
197604,71335961007,current
197604,72162226800,current
197604,72162226801,current
197604,72162226802,current
197604,72162226804,current
197604,82685020101,current
197604,82685020110,current
197884,00172376170,current
197884,00185064001,current
197884,00185064010,current
197884,00378207601,current
197884,00378207605,current
197884,00591040901,current
197884,00591040905,current
197884,00615840505,current
197884,00615840539,current
197884,00781166892,current
197884,00904680061,current
197884,00904720061,current
197884,23155088101,current
197884,23155088110,current
197884,24658024510,current
197884,24658024515,current
197884,24658024518,current
197884,24658024530,current
197884,24658024545,current
197884,24658024560,current
197884,24658024590,current
197884,31722018001,current
197884,31722018010,current
197884,31722018031,current
197884,31722042201,current
197884,31722042210,current
197884,35356094830,current
197884,35356094890,current
197884,42708003330,current
197884,42708009630,current
197884,42708017630,current
197884,43063003201,current
197884,43063080030,current
197884,43063080090,current
197884,43063081501,current
197884,43063081530,current
197884,43063081560,current
197884,43063081590,current
197884,43353000930,current
197884,43353000945,current
197884,43353000960,current
197884,43353000980,current
197884,43353016830,current
197884,43353016845,current
197884,43353035030,current
197884,43547035610,current
197884,43547035611,current
197884,43547041904,current
197884,43547041909,current
197884,43547041910,current
197884,43547041911,current
197884,43547041918,current
197884,43547041925,current
197884,43547041950,current
197884,50090299002,current
197884,50090376300,current
197884,50090376301,current
197884,50090376302,current
197884,50090630300,current
197884,50090630301,current
197884,50090630302,current
197884,50090707400,current
197884,50090765000,current
197884,51079098401,current
197884,51079098420,current
197884,51655014626,current
197884,51655014652,current
197884,51655029226,current
197884,51655029252,current
197884,51655033526,current
197884,52959075300,current
197884,52959075330,current
197884,52959075360,current
197884,54458087210,current
197884,55700054730,current
197884,55700054790,current
197884,58864061815,current
197884,58864061830,current
197884,60505018900,current
197884,60505018901,current
197884,60505018909,current
197884,60505268801,current
197884,60505268808,current
197884,60505268809,current
197884,60687067801,current
197884,60687067811,current
197884,60760036030,current
197884,61919035690,current
197884,61919072130,current
197884,61919072190,current
197884,62135064531,current
197884,62135064590,current
197884,63187023730,current
197884,63187023760,current
197884,63187023790,current
197884,63187082530,current
197884,63187082560,current
197884,63187082590,current
197884,63629293501,current
197884,63629293502,current
197884,63629293503,current
197884,63629293504,current
197884,65862004200,current
197884,65862004201,current
197884,65862004205,current
197884,65862004230,current
197884,65862004299,current
197884,66685070601,current
197884,66685070603,current
197884,66685070604,current
197884,67544014815,current
197884,67544099730,current
197884,68001020900,current
197884,68001020908,current
197884,68001027108,current
197884,68001048600,current
197884,68001048608,current
197884,68071306402,current
197884,68071306403,current
197884,68071306405,current
197884,68071306406,current
197884,68071306408,current
197884,68071306409,current
197884,68071322001,current
197884,68180051701,current
197884,68180051702,current
197884,68180051703,current
197884,68180051704,current
197884,68180051709,current
197884,68180051730,current
197884,68180097901,current
197884,68180097903,current
197884,68180097909,current
197884,68180097930,current
197884,68645055554,current
197884,68645059354,current
197884,68645061390,current
197884,68788701201,current
197884,68788701203,current
197884,68788701206,current
197884,68788701209,current
197884,70518156500,current
197884,70518156501,current
197884,70518156502,current
197884,70518156503,current
197884,70518316600,current
197884,70518316601,current
197884,70518316602,current
197884,70518316603,current
197884,70934045630,current
197884,70934045690,current
197884,71335007501,current
197884,71335007502,current
197884,71335007503,current
197884,71335007504,current
197884,71335007505,current
197884,71335007506,current
197884,71335007507,current
197884,71335007508,current
197884,71610031230,current
197884,71610031245,current
197884,71610031253,current
197884,71610031260,current
197884,71610031280,current
197884,71610040660,current
197884,71610062445,current
197884,71610062460,current
197884,71610062480,current
197884,71610072730,current
197884,71610072745,current
197884,71610072760,current
197884,71610072780,current
197884,72865021301,current
197884,72865021310,current
197884,72865021318,current
197884,72865021345,current
197884,72865021390,current
197884,76282042201,current
197884,76282042205,current
197884,76282042210,current
197884,76282042218,current
197884,76282042230,current
197884,76282042245,current
197884,76282042290,current
197884,76282073301,current
197884,76282073305,current
197884,76282073310,current
197884,76282073318,current
197884,76282073330,current
197884,76282073345,current
197884,76282073390,current
197884,76420034500,current
197884,76420034501,current
197884,76420034530,current
197884,76420034560,current
197884,76420034590,current
197884,82009006610,current
197885,00185710001,current
197885,00185710010,current
197885,00378101201,current
197885,00591086001,current
197885,00591086005,current
197885,00781184801,current
197885,33358021430,current
197885,33358021460,current
197885,35356077730,current
197885,35356077790,current
197885,42708003430,current
197885,42708015030,current
197885,43063048230,current
197885,43063048290,current
197885,43353086630,current
197885,43353086660,current
197885,43547042010,current
197885,43547042011,current
197885,43547042050,current
197885,50090110700,current
197885,50090110701,current
197885,50090208600,current
197885,50090208601,current
197885,50090256500,current
197885,50090256501,current
197885,50090256502,current
197885,50090606200,current
197885,50090606201,current
197885,50090606202,current
197885,50090609400,current
197885,50090609401,current
197885,50090609402,current
197885,50090683800,current
197885,50090775100,current
197885,50268047911,current
197885,50268047915,current
197885,51407056405,current
197885,51407056490,current
197885,51655041226,current
197885,51655041230,current
197885,51655041260,current
197885,52959013715,current
197885,52959013790,current
197885,60505020503,current
197885,60505020507,current
197885,60505268901,current
197885,60760006390,current
197885,60760058690,current
197885,60760086090,current
197885,60760096890,current
197885,61919097090,current
197885,63187031930,current
197885,63187031960,current
197885,63187031990,current
197885,63629167901,current
197885,63629167902,current
197885,63629167903,current
197885,63629167904,current
197885,65862004300,current
197885,65862004301,current
197885,65862004305,current
197885,65862004330,current
197885,65862004399,current
197885,66267075130,current
197885,66267075190,current
197885,68071218309,current
197885,68071229109,current
197885,68071300803,current
197885,68071300806,current
197885,68071300809,current
197885,68084076611,current
197885,68084076621,current
197885,68180051801,current
197885,68180051802,current
197885,68180051830,current
197885,68645055654,current
197885,68788822401,current
197885,68788822403,current
197885,68788822406,current
197885,68788822409,current
197885,68788980701,current
197885,68788980703,current
197885,68788980706,current
197885,68788980709,current
197885,69097096805,current
197885,69097096807,current
197885,69097096812,current
197885,69097096815,current
197885,70518019600,current
197885,70518019601,current
197885,70518019602,current
197885,70518451600,current
197885,70518451601,current
197885,71335006001,current
197885,71335006002,current
197885,71335006003,current
197885,71335006004,current
197885,71335006005,current
197885,71335047901,current
197885,71335047902,current
197885,71335047903,current
197885,71335047904,current
197885,71335047905,current
197885,71335199201,current
197885,71335199202,current
197885,71335199203,current
197885,71335199204,current
197885,71335199205,current
197885,71335210201,current
197885,71335210202,current
197885,71335210203,current
197885,71335210204,current
197885,71335210205,current
197885,71610038230,current
197885,71610038260,current
197885,76282044601,current
197885,76282044605,current
197885,76282044610,current
197885,76282044690,current
197885,80425020703,current
197886,00093103605,current
197886,00185015201,current
197886,00185015210,current
197886,00378201201,current
197886,00591086101,current
197886,00591086105,current
197886,00781117601,current
197886,43063045830,current
197886,43063045890,current
197886,43353086560,current
197886,43353086580,current
197886,43547042110,current
197886,43547042111,current
197886,43547042150,current
197886,49999092430,current
197886,49999092460,current
197886,49999092490,current
197886,50090110800,current
197886,50090110801,current
197886,50090110900,current
197886,50090110901,current
197886,50090110902,current
197886,50090620400,current
197886,50090620401,current
197886,50090620402,current
197886,50090675200,current
197886,51407056505,current
197886,51407056590,current
197886,51655031126,current
197886,51655031152,current
197886,51655041426,current
197886,51655041430,current
197886,52959020500,current
197886,55887042620,current
197886,60505020603,current
197886,60505020607,current
197886,60505269001,current
197886,60760051990,current
197886,60760086190,current
197886,61919030830,current
197886,61919030890,current
197886,61919052330,current
197886,61919052390,current
197886,63187005000,current
197886,63187005030,current
197886,63187005060,current
197886,63187005090,current
197886,63629447001,current
197886,63629447002,current
197886,63629447003,current
197886,63629447004,current
197886,63629447005,current
197886,63629447006,current
197886,65862004400,current
197886,65862004401,current
197886,65862004405,current
197886,65862004430,current
197886,65862004499,current
197886,66267075230,current
197886,66267075290,current
197886,67046043303,current
197886,67544041860,current
197886,68071226309,current
197886,68071317703,current
197886,68071317706,current
197886,68071317709,current
197886,68071443503,current
197886,68071443506,current
197886,68071443509,current
197886,68084072711,current
197886,68084072721,current
197886,68180051901,current
197886,68180051902,current
197886,68180051930,current
197886,68645055754,current
197886,68645058854,current
197886,68788825301,current
197886,68788825303,current
197886,68788825306,current
197886,68788825309,current
197886,68788980901,current
197886,68788980903,current
197886,68788980906,current
197886,68788980909,current
197886,69097096905,current
197886,69097096907,current
197886,69097096912,current
197886,69097096915,current
197886,70518038200,current
197886,70518038201,current
197886,70518038202,current
197886,70518038203,current
197886,70518038204,current
197886,70518038205,current
197886,70518350500,current
197886,70518350501,current
197886,70518350502,current
197886,70518350503,current
197886,70518350504,current
197886,70934012830,current
197886,71205002200,current
197886,71205002230,current
197886,71205002260,current
197886,71205002290,current
197886,71205076330,current
197886,71205076360,current
197886,71205076390,current
197886,71335028401,current
197886,71335028402,current
197886,71335028403,current
197886,71335028404,current
197886,71335086201,current
197886,71335086202,current
197886,71335086203,current
197886,71335086204,current
197886,71335086205,current
197886,71335086206,current
197886,71335973001,current
197886,71335973002,current
197886,71335973003,current
197886,71335973004,current
197886,71335973005,current
197886,71335973006,current
197886,71610027480,current
197886,71610037460,current
197886,71610037480,current
197886,71610083830,current
197886,71610083853,current
197886,71610083860,current
197886,71610083870,current
197886,71610083880,current
197886,71610086860,current
197886,71610086880,current
197886,72189065130,current
197886,76282044701,current
197886,76282044705,current
197886,76282044710,current
197886,76282044790,current
197887,00093103705,current
197887,00185017301,current
197887,00185017310,current
197887,00378202501,current
197887,00591086201,current
197887,00591086205,current
197887,00781117801,current
197887,35356077830,current
197887,35356077890,current
197887,43063046830,current
197887,43063046890,current
197887,43547042210,current
197887,43547042211,current
197887,43547042250,current
197887,50090121900,current
197887,50090121901,current
197887,50090121902,current
197887,50090297400,current
197887,50090297401,current
197887,50090297402,current
197887,50090603400,current
197887,50090603401,current
197887,50090603402,current
197887,50090697600,current
197887,50090729400,current
197887,51407056605,current
197887,51407056690,current
197887,51655041326,current
197887,51655041330,current
197887,52959099730,current
197887,60505020703,current
197887,60505020707,current
197887,60505269101,current
197887,61919030930,current
197887,61919030990,current
197887,63187005100,current
197887,63187005130,current
197887,63187005160,current
197887,63187005190,current
197887,63187046700,current
197887,63187046730,current
197887,63187046760,current
197887,63187046790,current
197887,63629373901,current
197887,63629373902,current
197887,63629373903,current
197887,63629373904,current
197887,63629373905,current
197887,63629373906,current
197887,65862004500,current
197887,65862004501,current
197887,65862004505,current
197887,65862004530,current
197887,65862004599,current
197887,68071015330,current
197887,68071015360,current
197887,68071015390,current
197887,68071194502,current
197887,68071194503,current
197887,68071194506,current
197887,68071194508,current
197887,68071194509,current
197887,68071230303,current
197887,68071230308,current
197887,68071274003,current
197887,68071274006,current
197887,68071274008,current
197887,68084051911,current
197887,68084051921,current
197887,68180052001,current
197887,68180052002,current
197887,68180052030,current
197887,68645055854,current
197887,68788824101,current
197887,68788824103,current
197887,68788824106,current
197887,68788824109,current
197887,68788980801,current
197887,68788980803,current
197887,68788980806,current
197887,68788980809,current
197887,69097097105,current
197887,69097097107,current
197887,69097097112,current
197887,69097097115,current
197887,70518017400,current
197887,70518017401,current
197887,70518017402,current
197887,70518017403,current
197887,70518017404,current
197887,70934071830,current
197887,70934071890,current
197887,71335178301,current
197887,71335178302,current
197887,71335178303,current
197887,71335178304,current
197887,71335178305,current
197887,71335178306,current
197887,71335209101,current
197887,71335209102,current
197887,71335209103,current
197887,71335209104,current
197887,71335209105,current
197887,71335209106,current
197887,71610038360,current
197887,76282044801,current
197887,76282044805,current
197887,76282044810,current
197887,76282044890,current
197903,00093092606,current
197903,00093092610,current
197903,00185007001,current
197903,00185007005,current
197903,00185007010,current
197903,00185007060,current
197903,00378651091,current
197903,33358022330,current
197903,43063049330,current
197903,49999029330,current
197903,49999029390,current
197903,50090075700,current
197903,50090075701,current
197903,50090326800,current
197903,50090326801,current
197903,50090339600,current
197903,50090339601,current
197903,51079097420,current
197903,51407025110,current
197903,51407025160,current
197903,51407025190,current
197903,51655001326,current
197903,51655068652,current
197903,51655087352,current
197903,52959097400,current
197903,52959097430,current
197903,54458084616,current
197903,54458093810,current
197903,54458093816,current
197903,55887035001,current
197903,55887035060,current
197903,55887035090,current
197903,58864078130,current
197903,60505017700,current
197903,61442014101,current
197903,61442014105,current
197903,61442014110,current
197903,61442014160,current
197903,61919031190,current
197903,63187019430,current
197903,63187019460,current
197903,63187019490,current
197903,63187081430,current
197903,63187081460,current
197903,63187081490,current
197903,63629101800,current
197903,63629101801,current
197903,63629101802,current
197903,63629101803,current
197903,63629101804,current
197903,63629101805,current
197903,63629101806,current
197903,63629101808,current
197903,63629101809,current
197903,63629117801,current
197903,63629119101,current
197903,63629358301,current
197903,63629358302,current
197903,63629358303,current
197903,63629358304,current
197903,63629358305,current
197903,66267050630,current
197903,66267050690,current
197903,68001021300,current
197903,68001031400,current
197903,68001031408,current
197903,68071362201,current
197903,68071495503,current
197903,68180046701,current
197903,68180046703,current
197903,68180046705,current
197903,68180046707,current
197903,68180046709,current
197903,68645057690,current
197903,68788705601,current
197903,68788705603,current
197903,68788705606,current
197903,68788705609,current
197903,68788828701,current
197903,68788828703,current
197903,68788828706,current
197903,68788828709,current
197903,70518272702,current
197903,71205099200,current
197903,71205099211,current
197903,71205099230,current
197903,71205099255,current
197903,71205099260,current
197903,71205099290,current
197903,72162173900,current
197903,72162173902,current
197903,72162173904,current
197903,72162173905,current
197903,72162173906,current
197903,72162173907,current
197903,72162173909,current
197904,00093057606,current
197904,00093057610,current
197904,00185007201,current
197904,00185007210,current
197904,00185007260,current
197904,00378652005,current
197904,00378652091,current
197904,00615815139,current
197904,33358022500,current
197904,33358022530,current
197904,33358022560,current
197904,43063069230,current
197904,43063069290,current
197904,43063069293,current
197904,43063069295,current
197904,43063098330,current
197904,50090075900,current
197904,50090075902,current
197904,50090388100,current
197904,50090388102,current
197904,51079097501,current
197904,51079097520,current
197904,51407025210,current
197904,51407025260,current
197904,51407025290,current
197904,51655055826,current
197904,51655055852,current
197904,52959072030,current
197904,52959072060,current
197904,52959072090,current
197904,54458084516,current
197904,54458087110,current
197904,54458093716,current
197904,55289088130,current
197904,55289088190,current
197904,55700024430,current
197904,55700024490,current
197904,55887097490,current
197904,58864078030,current
197904,58864078060,current
197904,60505017800,current
197904,61442014201,current
197904,61442014205,current
197904,61442014210,current
197904,61442014260,current
197904,61919054730,current
197904,61919054771,current
197904,61919054790,current
197904,61919067671,current
197904,63187009030,current
197904,63187009060,current
197904,63187009090,current
197904,63187076530,current
197904,63187076560,current
197904,63187076590,current
197904,63629146401,current
197904,63629146402,current
197904,63629146403,current
197904,63629146404,current
197904,63629146405,current
197904,63739028101,current
197904,63739028110,current
197904,68001022400,current
197904,68001022408,current
197904,68001031500,current
197904,68001031508,current
197904,68071312703,current
197904,68071312706,current
197904,68071312709,current
197904,68071326103,current
197904,68071326106,current
197904,68071326109,current
197904,68071361501,current
197904,68180046801,current
197904,68180046803,current
197904,68180046805,current
197904,68180046807,current
197904,68180046809,current
197904,68645056690,current
197904,68788832601,current
197904,68788832603,current
197904,68788832606,current
197904,68788832609,current
197904,68788966701,current
197904,68788966703,current
197904,68788966706,current
197904,68788966709,current
197904,70518200900,current
197904,70518200901,current
197904,71205044030,current
197904,71205044060,current
197904,71205044090,current
197904,71205099300,current
197904,71205099311,current
197904,71205099330,current
197904,71205099355,current
197904,71205099360,current
197904,71205099390,current
197904,71335081901,current
197904,71335081902,current
197904,71335081903,current
197904,71335081904,current
197904,71335081905,current
197904,83209046830,current
197905,00093092806,current
197905,00093092810,current
197905,00185007401,current
197905,00185007410,current
197905,00185007460,current
197905,00378654005,current
197905,00378654091,current
197905,00615815239,current
197905,33358022630,current
197905,43063054814,current
197905,43063054830,current
197905,43063054890,current
197905,43063054893,current
197905,43063054895,current
197905,43063093930,current
197905,43353099545,current
197905,49999047160,current
197905,49999047190,current
197905,50090076100,current
197905,50090076102,current
197905,50090076200,current
197905,50090076202,current
197905,50090321600,current
197905,50090321602,current
197905,51079097601,current
197905,51079097620,current
197905,51407025310,current
197905,51407025360,current
197905,51407025390,current
197905,51655046926,current
197905,51655046952,current
197905,54458084416,current
197905,54458087010,current
197905,54458093616,current
197905,55289069214,current
197905,55289069230,current
197905,55289069290,current
197905,60505017900,current
197905,61442014301,current
197905,61442014305,current
197905,61442014310,current
197905,61442014360,current
197905,61919094190,current
197905,63187034530,current
197905,63187034560,current
197905,63187034590,current
197905,63739028201,current
197905,66267056130,current
197905,66267056190,current
197905,67544022515,current
197905,67544022530,current
197905,67544022545,current
197905,67544022553,current
197905,67544022560,current
197905,67544022580,current
197905,68001031600,current
197905,68001031608,current
197905,68084056001,current
197905,68084056011,current
197905,68180046901,current
197905,68180046903,current
197905,68180046905,current
197905,68180046907,current
197905,68180046909,current
197905,68645056790,current
197905,68788823203,current
197905,68788966801,current
197905,68788966803,current
197905,68788966806,current
197905,68788966809,current
197905,70518070601,current
197905,70518070604,current
197905,70518242500,current
197905,70518242501,current
197905,70518306400,current
197905,70518306401,current
197905,71205019930,current
197905,71205019960,current
197905,71205019990,current
197905,71205099400,current
197905,71205099411,current
197905,71205099430,current
197905,71205099455,current
197905,71205099460,current
197905,71205099490,current
197905,71335004501,current
197905,71335004502,current
197905,71335004503,current
197905,71335088201,current
197905,71335088202,current
197905,71335088203,current
197905,71610070945,current
197905,71610077530,current
197905,71610077545,current
197905,71610077553,current
197905,71610077560,current
197905,71610077580,current
197905,83209014330,current
198014,00378045101,current
198014,00378045105,current
198014,00440185260,current
198014,00440785214,current
198014,00440785220,current
198014,00440785230,current
198014,00440785260,current
198014,00440785400,current
198014,00440785405,current
198014,00615809439,current
198014,00781116501,current
198014,00781116505,current
198014,10544004420,current
198014,10544004430,current
198014,12634068460,current
198014,12634068471,current
198014,25000014003,current
198014,25000014014,current
198014,25000014019,current
198014,25000014029,current
198014,25000014098,current
198014,31722034201,current
198014,31722034205,current
198014,33358025501,current
198014,33358025514,current
198014,33358025515,current
198014,33358025520,current
198014,33358025528,current
198014,33358025530,current
198014,33358025545,current
198014,33358025560,current
198014,33358025590,current
198014,35356068290,current
198014,35356068420,current
198014,35356068430,current
198014,35356068460,current
198014,42291062818,current
198014,42291062820,current
198014,42291062860,current
198014,42708004320,current
198014,42708014020,current
198014,42806012601,current
198014,42806012605,current
198014,42806012610,current
198014,43063092004,current
198014,43063092006,current
198014,43063092014,current
198014,43063092015,current
198014,43063092020,current
198014,43063092028,current
198014,43063092030,current
198014,43063092060,current
198014,43063092090,current
198014,43063093720,current
198014,43353021153,current
198014,43353021160,current
198014,43353021170,current
198014,43353021180,current
198014,45861001200,current
198014,45861010201,current
198014,45865044930,current
198014,45865044951,current
198014,45865044960,current
198014,45865044990,current
198014,45865058160,current
198014,49483061801,current
198014,49483061850,current
198014,50090047800,current
198014,50090047801,current
198014,50090047802,current
198014,50090047804,current
198014,50090047806,current
198014,50090047807,current
198014,50090048100,current
198014,50090048101,current
198014,50090048102,current
198014,50090048104,current
198014,50090048105,current
198014,50090048106,current
198014,50090048107,current
198014,50090048109,current
198014,50090048200,current
198014,50090048201,current
198014,50090048202,current
198014,50090048300,current
198014,50090303600,current
198014,50090303601,current
198014,50090303602,current
198014,50090303604,current
198014,50090303605,current
198014,50090303606,current
198014,50090303607,current
198014,50090304101,current
198014,50090304102,current
198014,50090305500,current
198014,50090564500,current
198014,50090564501,current
198014,50090564502,current
198014,50090564504,current
198014,50090564505,current
198014,50090564506,current
198014,50090564507,current
198014,50090564509,current
198014,50090564601,current
198014,50090564602,current
198014,50090564900,current
198014,50090666600,current
198014,50090666601,current
198014,50090666602,current
198014,50090666604,current
198014,50090666605,current
198014,50090666606,current
198014,50090666607,current
198014,50090666609,current
198014,50090666701,current
198014,50090666702,current
198014,50090676200,current
198014,50090698000,current
198014,50090719800,current
198014,50090767600,current
198014,50228043601,current
198014,50228043605,current
198014,50228043610,current
198014,50228043630,current
198014,50268059615,current
198014,50436019001,current
198014,50436019002,current
198014,50436019004,current
198014,50436061801,current
198014,50436061802,current
198014,50436061803,current
198014,50436091001,current
198014,50436091002,current
198014,50436091004,current
198014,50436660901,current
198014,50436660903,current
198014,50436660906,current
198014,51079079501,current
198014,51079079520,current
198014,51655036320,current
198014,51655036325,current
198014,51655036326,current
198014,51655036352,current
198014,51655045720,current
198014,51655045725,current
198014,51655045726,current
198014,51655045752,current
198014,51655062120,current
198014,51655062125,current
198014,51655062183,current
198014,51655062620,current
198014,51655062683,current
198014,51655074320,current
198014,51655074325,current
198014,51655074326,current
198014,51655074352,current
198014,52605014005,current
198014,52605014010,current
198014,52959019300,current
198014,52959019302,current
198014,52959019310,current
198014,52959019314,current
198014,52959019315,current
198014,52959019320,current
198014,52959019321,current
198014,52959019324,current
198014,52959019328,current
198014,52959019330,current
198014,52959019335,current
198014,52959019340,current
198014,52959019342,current
198014,52959019360,current
198014,52959019390,current
198014,53746019001,current
198014,53746019005,current
198014,53746019010,current
198014,55111036801,current
198014,55111036805,current
198014,55289029806,current
198014,55289029807,current
198014,55289029820,current
198014,55289029824,current
198014,55289029828,current
198014,55289029830,current
198014,55289029840,current
198014,55289029860,current
198014,55289029890,current
198014,55289029893,current
198014,55700031620,current
198014,55700031630,current
198014,55700031660,current
198014,55700031690,current
198014,55700088820,current
198014,55700088830,current
198014,55700088860,current
198014,55700088890,current
198014,55887095910,current
198014,55887095924,current
198014,58864040020,current
198014,58864040030,current
198014,58864040060,current
198014,60687049101,current
198014,60687049111,current
198014,60760019014,current
198014,60760019015,current
198014,60760019020,current
198014,60760019030,current
198014,60760019060,current
198014,60760056414,current
198014,60760056415,current
198014,60760056420,current
198014,60760056430,current
198014,60760056460,current
198014,61919016314,current
198014,61919016320,current
198014,61919016330,current
198014,61919016360,current
198014,61919016390,current
198014,61919017330,current
198014,61919017360,current
198014,61919020414,current
198014,61919020420,current
198014,61919020428,current
198014,61919020430,current
198014,61919020460,current
198014,61919020490,current
198014,61919037614,current
198014,61919037620,current
198014,61919037628,current
198014,61919037630,current
198014,61919037645,current
198014,61919037660,current
198014,61919037690,current
198014,61919058614,current
198014,61919058620,current
198014,61919058630,current
198014,61919058645,current
198014,61919058660,current
198014,61919058690,current
198014,62207074743,current
198014,62207074747,current
198014,62207074749,current
198014,63187002810,current
198014,63187002814,current
198014,63187002815,current
198014,63187002820,current
198014,63187002830,current
198014,63187002840,current
198014,63187002845,current
198014,63187002860,current
198014,63187002890,current
198014,63187045520,current
198014,63187045530,current
198014,63187045560,current
198014,63187045590,current
198014,63629147701,current
198014,63629147702,current
198014,63629147703,current
198014,63629147704,current
198014,63629147705,current
198014,63629147706,current
198014,63629147707,current
198014,63629147708,current
198014,63629147709,current
198014,63629586301,current
198014,63629851401,current
198014,63629851501,current
198014,63739040310,current
198014,64038009301,current
198014,64038009360,current
198014,65162019010,current
198014,65162019011,current
198014,65162019050,current
198014,65862052201,current
198014,65862052205,current
198014,65862052226,current
198014,66267015310,current
198014,66267015314,current
198014,66267015315,current
198014,66267015320,current
198014,66267015330,current
198014,66267015340,current
198014,66267015342,current
198014,66267015360,current
198014,66267015390,current
198014,66267015391,current
198014,66267080704,current
198014,66267080706,current
198014,66336081510,current
198014,66336081520,current
198014,67046050103,current
198014,67046155303,current
198014,67296223505,current
198014,67544047530,current
198014,67544047553,current
198014,67544047570,current
198014,67544047580,current
198014,68071239604,current
198014,68071239606,current
198014,68071400601,current
198014,68071400602,current
198014,68071400603,current
198014,68071400604,current
198014,68071400605,current
198014,68071400606,current
198014,68071400607,current
198014,68071400609,current
198014,68071438102,current
198014,68071438104,current
198014,68071438106,current
198014,68084012701,current
198014,68084012711,current
198014,68462019001,current
198014,68462019005,current
198014,68462019030,current
198014,68462019050,current
198014,68788709001,current
198014,68788709002,current
198014,68788709003,current
198014,68788709004,current
198014,68788709005,current
198014,68788709006,current
198014,68788709007,current
198014,68788709008,current
198014,68788709009,current
198014,68788860201,current
198014,68788860202,current
198014,68788860203,current
198014,68788860204,current
198014,68788860205,current
198014,68788860206,current
198014,68788860207,current
198014,68788860208,current
198014,68788860209,current
198014,68788879701,current
198014,68788879702,current
198014,68788879703,current
198014,68788879704,current
198014,68788879705,current
198014,68788879706,current
198014,68788879707,current
198014,68788879708,current
198014,68788879709,current
198014,69036022030,current
198014,69097085507,current
198014,69097085512,current
198014,69150014014,current
198014,69150014015,current
198014,69150014016,current
198014,69512019010,current
198014,70010013901,current
198014,70010013905,current
198014,70010013910,current
198014,70518382200,current
198014,70518382201,current
198014,70518382202,current
198014,70518382203,current
198014,70518382204,current
198014,70518382205,current
198014,70518382206,current
198014,70518382207,current
198014,70518443900,current
198014,70518443901,current
198014,70518443902,current
198014,70518443903,current
198014,70518443904,current
198014,70934007320,current
198014,70934007330,current
198014,70934012430,current
198014,70934012490,current
198014,70934080330,current
198014,71205059710,current
198014,71205059714,current
198014,71205059715,current
198014,71205059720,current
198014,71205059730,current
198014,71205059740,current
198014,71205059760,current
198014,71205059790,current
198014,71335034500,current
198014,71335034501,current
198014,71335034502,current
198014,71335034503,current
198014,71335034504,current
198014,71335034505,current
198014,71335034506,current
198014,71335034507,current
198014,71335034508,current
198014,71335034509,current
198014,71335248500,current
198014,71335248501,current
198014,71335248502,current
198014,71335248503,current
198014,71335248504,current
198014,71335248505,current
198014,71335248506,current
198014,71335248507,current
198014,71335248508,current
198014,71335248509,current
198014,71335277700,current
198014,71335277701,current
198014,71335277702,current
198014,71335277703,current
198014,71335277704,current
198014,71335277705,current
198014,71335277706,current
198014,71335277707,current
198014,71335277708,current
198014,71335277709,current
198014,71610043653,current
198014,71610043660,current
198014,71610043680,current
198014,71610048953,current
198014,71610048980,current
198014,71610059753,current
198014,71610059770,current
198014,71610059780,current
198014,72189013614,current
198014,72189013620,current
198014,72189013630,current
198014,72189013660,current
198014,72189013671,current
198014,72189013690,current
198014,72789032104,current
198014,72789032115,current
198014,72789032120,current
198014,72789032130,current
198014,72789032160,current
198014,72789032190,current
198014,72789054114,current
198014,76282034201,current
198014,76282034205,current
198014,76420004201,current
198014,76420004202,current
198014,76420004210,current
198014,76420004214,current
198014,76420004230,current
198014,76420004260,current
198014,76420004290,current
198014,76420026401,current
198014,76420026402,current
198014,76420026405,current
198014,76420026407,current
198014,76420026410,current
198014,76420026412,current
198014,76420026414,current
198014,76420026420,current
198014,76420026430,current
198014,76420026460,current
198014,76420026490,current
198014,77771043601,current
198014,77771043605,current
198014,80425004901,current
198014,80425004902,current
198014,80425004903,current
198014,80425004904,current
198014,80425005001,current
198014,80425005002,current
198014,80425005101,current
198014,80425005102,current
198014,80425037801,current
198014,80425037802,current
198014,80425037803,current
198014,82461071160,current
198014,83209019014,current
198014,83209019015,current
198014,83209019018,current
198014,83209019020,current
198014,83209019028,current
198014,83209019030,current
198014,83209019060,current
198014,85509143603,current
198014,85509143606,current
198014,85509143609,current
198014,85534002400,current
198014,85534002401,current
198014,85534002402,current
198014,85534002403,current
198014,85766010700,current
198014,85766010701,current
198014,85766010705,current
198014,85766010710,current
198014,85766010714,current
198014,85766010720,current
198014,85766010730,current
198014,85766010760,current
198014,85766010790,current
198014,87441006001,current
198031,00067482007,current
198031,00067482014,current
198031,00067500014,current
198031,00067512409,current
198031,00363019602,current
198031,00363045174,current
198031,00363089488,current
198031,00363124001,current
198031,00363124301,current
198031,00363800001,current
198031,00536110652,current
198031,00536110688,current
198031,00536589453,current
198031,00536589488,current
198031,03215012014,current
198031,03215120107,current
198031,03215120114,current
198031,11673019602,current
198031,11822497300,current
198031,36800003214,current
198031,37205036374,current
198031,43598044670,current
198031,43598044671,current
198031,43598044674,current
198031,46122035474,current
198031,46122083145,current
198031,49035019602,current
198031,49781014314,current
198031,50090169400,current
198031,50090638300,current
198031,50742066807,current
198031,50742066814,current
198031,53329019309,current
198031,53329019389,current
198031,59450000174,current
198031,59779044374,current
198031,60429044314,current
198031,60505706100,current
198031,60505706400,current
198031,60505708800,current
198031,62011034901,current
198031,68001043288,current
198031,68001043290,current
198031,68001069788,current
198031,68001069790,current
198031,68016029088,current
198031,70000011301,current
198031,70000011302,current
198031,70000051001,current
198031,70000051002,current
198031,70000076001,current
198031,70000076002,current
198031,70677003001,current
198031,70677118001,current
198031,70677126401,current
198031,76282078140,current
198031,79481005401,current
198031,83364001501,current
198031,84720012014,current
198031,85248013201,current
198031,85333000502,current
198031,85835000601,current
198031,85835000701,current
198031,87278000801,current
198031,87704000201,current
198039,43547098604,current
198039,43547098610,current
198039,43598043601,current
198039,43598043611,current
198039,43598043635,current
198039,47781045701,current
198039,47781045704,current
198039,50090326600,current
198039,50090326601,current
198039,50090681800,current
198039,50090681801,current
198039,51662128202,current
198039,51662128203,current
198039,51662167601,current
198039,51662167602,current
198039,51662167603,current
198039,59651065800,current
198039,59651065804,current
198039,59651065825,current
198039,59762330401,current
198039,59762330403,current
198039,60429084001,current
198039,60429084004,current
198039,60429084025,current
198039,67296217702,current
198039,68071133005,current
198039,68071294105,current
198039,68071377305,current
198039,68462063901,current
198039,68462063925,current
198039,68462063945,current
198039,69339017401,current
198039,69339017402,current
198039,69339017441,current
198039,70518359600,current
198039,70518427700,current
198039,70518427701,current
198039,70756001402,current
198039,70756001405,current
198039,70756001411,current
198039,71205022525,current
198039,71205022530,current
198039,71205022560,current
198039,71205022590,current
198039,71872701001,current
198039,71872703301,current
198039,71872730001,current
198039,71872733801,current
198039,71872736801,current
198039,72603026601,current
198039,72603026604,current
198039,72888013901,current
198039,72888013932,current
198039,72888013933,current
198039,82804007725,current
198039,82804012225,current
198039,84549063945,current
198039,85766011600,current
198039,85766011601,current
198039,85766011610,current
198039,85766011620,current
198039,85766011625,current
198039,85766011630,current
198039,85766011660,current
198039,85766011690,current
198188,00054010720,current
198188,00054010725,current
198188,00054010729,current
198188,00781212701,current
198188,00781212705,current
198188,31722027201,current
198188,31722027205,current
198188,31722027210,current
198188,43063050230,current
198188,50090305900,current
198188,50090387300,current
198188,50090594700,current
198188,51407070701,current
198188,51655034726,current
198188,51655034752,current
198188,51655097552,current
198188,55111043905,current
198188,55111043990,current
198188,57237022301,current
198188,57237022305,current
198188,60505287600,current
198188,60505287601,current
198188,60505287605,current
198188,62135027201,current
198188,62135027205,current
198188,62135027290,current
198188,63187091530,current
198188,63187091560,current
198188,63187091590,current
198188,65841065601,current
198188,65841065605,current
198188,65841065606,current
198188,65841065616,current
198188,65841065630,current
198188,65862047501,current
198188,65862047505,current
198188,65862047510,current
198188,65862047530,current
198188,65862047599,current
198188,68001042900,current
198188,68084026601,current
198188,68084026611,current
198188,68180058901,current
198188,68180058902,current
198188,68180058909,current
198188,68180058910,current
198188,68382014501,current
198188,68382014505,current
198188,68382014506,current
198188,68382014516,current
198188,68382014530,current
198188,68382014577,current
198188,70518460400,current
198188,70518460401,current
198188,71205008030,current
198188,71205008060,current
198188,71205008090,current
198188,71335105601,current
198188,71335105602,current
198188,71335105603,current
198188,71335105604,current
198188,71335105605,current
198188,72789041590,current
198188,76282067101,current
198188,76282067105,current
198189,00054010820,current
198189,00054010825,current
198189,00054010829,current
198189,00781212801,current
198189,00781212805,current
198189,24658020201,current
198189,24658020205,current
198189,31722027301,current
198189,31722027305,current
198189,42291069201,current
198189,45865044330,current
198189,45865044351,current
198189,45865044360,current
198189,45865044390,current
198189,50090111800,current
198189,50090111801,current
198189,50090459700,current
198189,50090459701,current
198189,50090567300,current
198189,50090567301,current
198189,51407070801,current
198189,51655011752,current
198189,51655014426,current
198189,51655014452,current
198189,51655029652,current
198189,55111044005,current
198189,55111044090,current
198189,57237022401,current
198189,57237022405,current
198189,60505287700,current
198189,60505287701,current
198189,60505287705,current
198189,60760048190,current
198189,61919015730,current
198189,62135027301,current
198189,62135027305,current
198189,62135027390,current
198189,63187007330,current
198189,63187007360,current
198189,63187007390,current
198189,63629125401,current
198189,63629125402,current
198189,63629125403,current
198189,63629125404,current
198189,63629125405,current
198189,65841065701,current
198189,65841065705,current
198189,65841065706,current
198189,65841065716,current
198189,65841065730,current
198189,65862047601,current
198189,65862047605,current
198189,65862047610,current
198189,65862047630,current
198189,65862047699,current
198189,68001043000,current
198189,68001043003,current
198189,68084026701,current
198189,68084026711,current
198189,68180059001,current
198189,68180059002,current
198189,68180059009,current
198189,68180059010,current
198189,68382014601,current
198189,68382014605,current
198189,68382014606,current
198189,68382014616,current
198189,68382014630,current
198189,68382014677,current
198189,70518460700,current
198189,70518460701,current
198189,71335105701,current
198189,71335105702,current
198189,71335105703,current
198189,71335105704,current
198189,71335105705,current
198189,71335964501,current
198189,71335964502,current
198189,71335964503,current
198189,71335964504,current
198189,71335964505,current
198189,76282067201,current
198189,76282067205,current
198211,00615805605,current
198211,00615805639,current
198211,00781507331,current
198211,00781507392,current
198211,10135051105,current
198211,10135051130,current
198211,10135051190,current
198211,16714068401,current
198211,16714068402,current
198211,16714068403,current
198211,16729000610,current
198211,16729000612,current
198211,16729000615,current
198211,16729000617,current
198211,24658021390,current
198211,24658030310,current
198211,24658030315,current
198211,24658030330,current
198211,24658030390,current
198211,24658050310,current
198211,24658050330,current
198211,24658050345,current
198211,24658050390,current
198211,31722051301,current
198211,31722051310,current
198211,31722051330,current
198211,31722051390,current
198211,33358047590,current
198211,42291071515,current
198211,42571004005,current
198211,42571004010,current
198211,42571004030,current
198211,42571004060,current
198211,42571004090,current
198211,42708016830,current
198211,43063072630,current
198211,43063072690,current
198211,43353085615,current
198211,43353085617,current
198211,43353085688,current
198211,45865046030,current
198211,45865046051,current
198211,45865046060,current
198211,45865046090,current
198211,50090100001,current
198211,50090100002,current
198211,50090100003,current
198211,50090100004,current
198211,50090473600,current
198211,50090473601,current
198211,50090473602,current
198211,50090473603,current
198211,50090473604,current
198211,50090490100,current
198211,50090642001,current
198211,50090642002,current
198211,50090642003,current
198211,50090642004,current
198211,50090642100,current
198211,50090642401,current
198211,50090642402,current
198211,50090642403,current
198211,50090642404,current
198211,50090642500,current
198211,50090778200,current
198211,50090778201,current
198211,50090778202,current
198211,50742013910,current
198211,51079039801,current
198211,51079039820,current
198211,51079045601,current
198211,51079045620,current
198211,51655011326,current
198211,51655011352,current
198211,51655038726,current
198211,51655038752,current
198211,51655064326,current
198211,51655084126,current
198211,51655084152,current
198211,52343002430,current
198211,52343002445,current
198211,52343002490,current
198211,52343002499,current
198211,52959094430,current
198211,54458093216,current
198211,55111020005,current
198211,55111020010,current
198211,55111020030,current
198211,55111020090,current
198211,55111074910,current
198211,55111074930,current
198211,55111074990,current
198211,55289039530,current
198211,55289039590,current
198211,55700042618,current
198211,60687021001,current
198211,60687021011,current
198211,60760000630,current
198211,60760057930,current
198211,60760057990,current
198211,61919043130,current
198211,61919043190,current
198211,63187044930,current
198211,63187044960,current
198211,63187044990,current
198211,63629119901,current
198211,63629338501,current
198211,63629338502,current
198211,63629338503,current
198211,63629338504,current
198211,63629338505,current
198211,63629338506,current
198211,63629338507,current
198211,63629338508,current
198211,63739057310,current
198211,65862005300,current
198211,65862005301,current
198211,65862005322,current
198211,65862005330,current
198211,65862005345,current
198211,65862005390,current
198211,65862005399,current
198211,67046062803,current
198211,67544085615,current
198211,68071164609,current
198211,68071255903,current
198211,68071342603,current
198211,68071499803,current
198211,68084016401,current
198211,68084016411,current
198211,68084051301,current
198211,68084051311,current
198211,68180046403,current
198211,68180046406,current
198211,68180046409,current
198211,68180048001,current
198211,68180048002,current
198211,68180048003,current
198211,68382006805,current
198211,68382006810,current
198211,68382006816,current
198211,68645052754,current
198211,68788837901,current
198211,68788837903,current
198211,68788837906,current
198211,68788837909,current
198211,69367037609,current
198211,69367037610,current
198211,70377000412,current
198211,70377000413,current
198211,70377000414,current
198211,70377000415,current
198211,70518334900,current
198211,70518334901,current
198211,70518334902,current
198211,70518334903,current
198211,71205019230,current
198211,71205019260,current
198211,71205019290,current
198211,71335190601,current
198211,71335190602,current
198211,71335190603,current
198211,71335190604,current
198211,71335190605,current
198211,71335190606,current
198211,71335190607,current
198211,71335190608,current
198211,71335963001,current
198211,71335963002,current
198211,71335963003,current
198211,71335963004,current
198211,71335963005,current
198211,71335963006,current
198211,71335963007,current
198211,71335963008,current
198211,71610005030,current
198211,71610005045,current
198211,71610005060,current
198211,71610007715,current
198211,71610007730,current
198211,71610061030,current
198211,71610061045,current
198211,71610061060,current
198211,71610062315,current
198211,71610062330,current
198211,71610062345,current
198211,71610062360,current
198211,72189042730,current
198211,72189042790,current
198211,72789030430,current
198211,72789030490,current
198211,72865030801,current
198211,72865030810,current
198211,72865030830,current
198211,72865030845,current
198211,72865030890,current
198211,82009001510,current
198211,84677001710,current
198211,84677001745,current
198211,84677001790,current
198240,00378014405,current
198240,00378014491,current
198240,00591247218,current
198240,00591247260,current
198240,50090048501,current
198240,51407043960,current
198240,51862064210,current
198240,51862064260,current
198240,59651029960,current
198240,63739014310,current
198240,63739026910,current
198240,68071399003,current
198240,68071525403,current
198240,68382082614,current
198240,72162220806,current
198240,72162222506,current
198240,75907005810,current
198240,75907005860,current
198334,00093008801,current
198334,00093008805,current
198334,00527144201,current
198334,00603578021,current
198334,00603578028,current
198334,33261039600,current
198334,33261039630,current
198334,42291075801,current
198334,42291075850,current
198334,50268072811,current
198334,50268072815,current
198334,53489014501,current
198334,53489014505,current
198334,53746027101,current
198334,53746027105,current
198334,53746027110,current
198334,53746027150,current
198334,55289045720,current
198334,57237023201,current
198334,57237023205,current
198334,60687060311,current
198334,60687060365,current
198334,61971011501,current
198334,61971011505,current
198334,62135089718,current
198334,62135089790,current
198334,65162027105,current
198334,65162027110,current
198334,65162027111,current
198334,65162027150,current
198334,65862041901,current
198334,65862041905,current
198334,65862041920,current
198334,65862041999,current
198334,69043001001,current
198334,69043001005,current
198334,70518345400,current
198334,70518345401,current
198334,70518345402,current
198334,70518345403,current
198334,70518345404,current
198335,00093008901,current
198335,00093008905,current
198335,00185011201,current
198335,00185011205,current
198335,00440240620,current
198335,00440835820,current
198335,00527144301,current
198335,00527144305,current
198335,00603578121,current
198335,00603578128,current
198335,00615812110,current
198335,00615812114,current
198335,00615812120,current
198335,00615812139,current
198335,00904272561,current
198335,33358032906,current
198335,33358032914,current
198335,33358032920,current
198335,33358032930,current
198335,42291075901,current
198335,42291075912,current
198335,42291075950,current
198335,42292002801,current
198335,42292002808,current
198335,42708005320,current
198335,43063002402,current
198335,43063002404,current
198335,43063002406,current
198335,43063061620,current
198335,50090219800,current
198335,50090219801,current
198335,50090219802,current
198335,50090219803,current
198335,50090219805,current
198335,50090219807,current
198335,50090219900,current
198335,50090219901,current
198335,50090220000,current
198335,50090220001,current
198335,50090220100,current
198335,50090247902,current
198335,50090289001,current
198335,50090484700,current
198335,50090484701,current
198335,50090484702,current
198335,50090484703,current
198335,50090484705,current
198335,50090484707,current
198335,50090484802,current
198335,50090485000,current
198335,50090485001,current
198335,50090485200,current
198335,50090567900,current
198335,50090567901,current
198335,50090567902,current
198335,50090567903,current
198335,50090567905,current
198335,50090567907,current
198335,50090568002,current
198335,50090568200,current
198335,50090568201,current
198335,50090690100,current
198335,50090690101,current
198335,50090690102,current
198335,50090690103,current
198335,50090690105,current
198335,50090690107,current
198335,50090690202,current
198335,50090690400,current
198335,50090690401,current
198335,50090700800,current
198335,50090739301,current
198335,50090739900,current
198335,50436469302,current
198335,51655011120,current
198335,51655011129,current
198335,51655011187,current
198335,51655018614,current
198335,51655018628,current
198335,51655018784,current
198335,51655018820,current
198335,51655018853,current
198335,51655018884,current
198335,51655018887,current
198335,51655030720,current
198335,51655030729,current
198335,51655030753,current
198335,51655030784,current
198335,51655030787,current
198335,52959014400,current
198335,52959014406,current
198335,52959014410,current
198335,52959014414,current
198335,52959014415,current
198335,52959014420,current
198335,52959014421,current
198335,52959014428,current
198335,52959014430,current
198335,52959014440,current
198335,52959014460,current
198335,53489014601,current
198335,53489014605,current
198335,53746027201,current
198335,53746027202,current
198335,53746027205,current
198335,53746027211,current
198335,53746027224,current
198335,54348062506,current
198335,54348062510,current
198335,54348062514,current
198335,54348062520,current
198335,55154258000,current
198335,55154789500,current
198335,55700061106,current
198335,55700061110,current
198335,55700061114,current
198335,55700061120,current
198335,55700061128,current
198335,55700061130,current
198335,55887098340,current
198335,55887098342,current
198335,57237023301,current
198335,57237023305,current
198335,58517014020,current
198335,58864047806,current
198335,58864047810,current
198335,58864047814,current
198335,58864047820,current
198335,58864047830,current
198335,59762408102,current
198335,59772017420,current
198335,60429025901,current
198335,60429025905,current
198335,60687053101,current
198335,60687053111,current
198335,60687061401,current
198335,60687061411,current
198335,60760006906,current
198335,60760006914,current
198335,60760006920,current
198335,60760054106,current
198335,60760054114,current
198335,60760054120,current
198335,61919014406,current
198335,61919014414,current
198335,61919014420,current
198335,61919014430,current
198335,61919014456,current
198335,61919021020,current
198335,61919021028,current
198335,61919021060,current
198335,61919064502,current
198335,61919064506,current
198335,61919064510,current
198335,61919064514,current
198335,61919064520,current
198335,61919064528,current
198335,61919064530,current
198335,61919064556,current
198335,61919064560,current
198335,61919076610,current
198335,61919076614,current
198335,61919076620,current
198335,61971012001,current
198335,61971012005,current
198335,62135089818,current
198335,62135089890,current
198335,62584085701,current
198335,63187000806,current
198335,63187000810,current
198335,63187000814,current
198335,63187000820,current
198335,63187000828,current
198335,63187000840,current
198335,63187069506,current
198335,63187069510,current
198335,63187069514,current
198335,63187069520,current
198335,63187069528,current
198335,63187069540,current
198335,63187078206,current
198335,63187078210,current
198335,63187078214,current
198335,63187078220,current
198335,63187078228,current
198335,63187078240,current
198335,63629176500,current
198335,63629176501,current
198335,63629176502,current
198335,63629176503,current
198335,63629176504,current
198335,63629176505,current
198335,63629176506,current
198335,63629176507,current
198335,63629176508,current
198335,63629176509,current
198335,64205027214,current
198335,65162027201,current
198335,65162027210,current
198335,65162027224,current
198335,65162027225,current
198335,65162027250,current
198335,65862042001,current
198335,65862042005,current
198335,65862042020,current
198335,65862042099,current
198335,66267019606,current
198335,66267019610,current
198335,66267019614,current
198335,66267019620,current
198335,66267019628,current
198335,66267019630,current
198335,66267019660,current
198335,66267019690,current
198335,66267081602,current
198335,66267081604,current
198335,66267081606,current
198335,66336008706,current
198335,66336008710,current
198335,66336008714,current
198335,66336008720,current
198335,67046029503,current
198335,68071471001,current
198335,68071471002,current
198335,68071471003,current
198335,68071471004,current
198335,68071471005,current
198335,68071471006,current
198335,68071471008,current
198335,68071494802,current
198335,68071494804,current
198335,68071494806,current
198335,68084023001,current
198335,68084023011,current
198335,68387038560,current
198335,68788712201,current
198335,68788712202,current
198335,68788712203,current
198335,68788712204,current
198335,68788712206,current
198335,68788712207,current
198335,68788712208,current
198335,68788762201,current
198335,68788762202,current
198335,68788762203,current
198335,68788762204,current
198335,68788762206,current
198335,68788762207,current
198335,68788762208,current
198335,69043001101,current
198335,69043001105,current
198335,70518086300,current
198335,70518086301,current
198335,70518086302,current
198335,70518086303,current
198335,70518086304,current
198335,70518086305,current
198335,70518086306,current
198335,70518260400,current
198335,70518260401,current
198335,70518260402,current
198335,70518260403,current
198335,70518260404,current
198335,70518260405,current
198335,70518260406,current
198335,70518260407,current
198335,70518260408,current
198335,70518260409,current
198335,70518283803,current
198335,70518283804,current
198335,70518283805,current
198335,70518343200,current
198335,70518343201,current
198335,70518343202,current
198335,70518343203,current
198335,70518343204,current
198335,70518343205,current
198335,70934004306,current
198335,70934004312,current
198335,70934004906,current
198335,70934004910,current
198335,70934004914,current
198335,70934004920,current
198335,70934030220,current
198335,70934054406,current
198335,70934054410,current
198335,70934054414,current
198335,70934054420,current
198335,70934054428,current
198335,71205081006,current
198335,71205081010,current
198335,71205081014,current
198335,71205081020,current
198335,71205081028,current
198335,71205081030,current
198335,71205081040,current
198335,71205081060,current
198335,71205081090,current
198335,71335076200,current
198335,71335076201,current
198335,71335076202,current
198335,71335076203,current
198335,71335076204,current
198335,71335076205,current
198335,71335076206,current
198335,71335076207,current
198335,71335076208,current
198335,71335076209,current
198335,72789001802,current
198335,72789001804,current
198335,72789001806,current
198335,72789001810,current
198335,72789001814,current
198335,72789001820,current
198335,72789001828,current
198335,72789001840,current
198335,72789001860,current
198335,72789006406,current
198335,72789006414,current
198335,72789006420,current
198335,76420006406,current
198335,76420006410,current
198335,76420006414,current
198335,76420006420,current
198335,76420006428,current
198335,76420006430,current
198335,80425000101,current
198335,80425000201,current
198335,80425000301,current
198335,80425000302,current
198335,80425000303,current
198335,80425000304,current
198335,82868009228,current
198335,82982004414,current
198335,82982004420,current
198335,83939002301,current
198335,83939002302,current
198335,83939002303,current
198335,85766001501,current
198335,85766001505,current
198335,85766001506,current
198335,85766001510,current
198335,85766001514,current
198335,85766001520,current
198335,85766001528,current
198335,85766001530,current
198335,87441007801,current
198405,49348037104,current
198440,00031930101,current
198440,00067220020,current
198440,00067220080,current
198440,00067220082,current
198440,00113002562,current
198440,00113002571,current
198440,00113002578,current
198440,00113002579,current
198440,00113022771,current
198440,00113048400,current
198440,00113048402,current
198440,00113048452,current
198440,00113048462,current
198440,00113048471,current
198440,00113048476,current
198440,00113048478,current
198440,00113048482,current
198440,00113048485,current
198440,00113048490,current
198440,00113048493,current
198440,00113188971,current
198440,00113197509,current
198440,00113197554,current
198440,00182845389,current
198440,00363001071,current
198440,00363001078,current
198440,00363014811,current
198440,00363014812,current
198440,00363017503,current
198440,00363017508,current
198440,00363017512,current
198440,00363017514,current
198440,00363017515,current
198440,00363017520,current
198440,00363017529,current
198440,00363017537,current
198440,00363017557,current
198440,00363017599,current
198440,00363018778,current
198440,00363032508,current
198440,00363032512,current
198440,00363032515,current
198440,00363048452,current
198440,00363048462,current
198440,00363048471,current
198440,00363048476,current
198440,00363048478,current
198440,00363048483,current
198440,00363048490,current
198440,00363051908,current
198440,00363051912,current
198440,00363051915,current
198440,00363051919,current
198440,00363051920,current
198440,00363051929,current
198440,00363051937,current
198440,00363051954,current
198440,00363051992,current
198440,00363053112,current
198440,00363053115,current
198440,00363053129,current
198440,00363053137,current
198440,00363066901,current
198440,00363068405,current
198440,00363079229,current
198440,00363079235,current
198440,00363079240,current
198440,00363113753,current
198440,00363113774,current
198440,00363150278,current
198440,00363175008,current
198440,00363677901,current
198440,00363677942,current
198440,00363689802,current
198440,00363689815,current
198440,00363689825,current
198440,00363700853,current
198440,00363700874,current
198440,00363908415,current
198440,00363941715,current
198440,00363953825,current
198440,00363959510,current
198440,00363979805,current
198440,00363979810,current
198440,00363979815,current
198440,00363979821,current
198440,00363979824,current
198440,00363979837,current
198440,00363994729,current
198440,00363994735,current
198440,00363994740,current
198440,00393048471,current
198440,00404071613,current
198440,00404071699,current
198440,00536117201,current
198440,00536117210,current
198440,00536129229,current
198440,00536141347,current
198440,00536141348,current
198440,00615825005,current
198440,00615825030,current
198440,00615825039,current
198440,00615861005,current
198440,00615861030,current
198440,00615861039,current
198440,00904672024,current
198440,00904672040,current
198440,00904672051,current
198440,00904672059,current
198440,00904672060,current
198440,00904672080,current
198440,00904673059,current
198440,00904673060,current
198440,00904673061,current
198440,00904673080,current
198440,00904674959,current
198440,00924012300,current
198440,00924012301,current
198440,00924012302,current
198440,00924012303,current
198440,00924012304,current
198440,00924012305,current
198440,00924022301,current
198440,10135014401,current
198440,10135014405,current
198440,10135014410,current
198440,10135014424,current
198440,10135014450,current
198440,10135014452,current
198440,10135014455,current
198440,10135014457,current
198440,10135014458,current
198440,10135014460,current
198440,10135014466,current
198440,10135014470,current
198440,10135015201,current
198440,10135015210,current
198440,10135015213,current
198440,10135015224,current
198440,10135015230,current
198440,10135015250,current
198440,10135015256,current
198440,10135015257,current
198440,10135015260,current
198440,10135015266,current
198440,10135015270,current
198440,10135015289,current
198440,10135016413,current
198440,10135082901,current
198440,10939024933,current
198440,10939042333,current
198440,11383001111,current
198440,11383001126,current
198440,11383001134,current
198440,11383013811,current
198440,11383013825,current
198440,11383013826,current
198440,11383013851,current
198440,11673016705,current
198440,11673016710,current
198440,11673016721,current
198440,11673034201,current
198440,11673034226,current
198440,11673034242,current
198440,11673048471,current
198440,11673048478,current
198440,11673048483,current
198440,11673051912,current
198440,11673051915,current
198440,11673051920,current
198440,11673067405,current
198440,11673067434,current
198440,11673067442,current
198440,11673067473,current
198440,11673083801,current
198440,11673083805,current
198440,11673083810,current
198440,11673083826,current
198440,11673083850,current
198440,11822010233,current
198440,11822051901,current
198440,11822051902,current
198440,11822051903,current
198440,11822051905,current
198440,11822051908,current
198440,11822051909,current
198440,11822081201,current
198440,11822081202,current
198440,11822081203,current
198440,11822081204,current
198440,11822081205,current
198440,11822081206,current
198440,11822081208,current
198440,11822448401,current
198440,11822448402,current
198440,11822448403,current
198440,11822448404,current
198440,11822448405,current
198440,11822448406,current
198440,11822531102,current
198440,11822531105,current
198440,11917004918,current
198440,15127073005,current
198440,15127073006,current
198440,15127073021,current
198440,15127073505,current
198440,15127073508,current
198440,15127073509,current
198440,15127073516,current
198440,15127099401,current
198440,15127099424,current
198440,15127099450,current
198440,17714001301,current
198440,17714001310,current
198440,17714001401,current
198440,17714001410,current
198440,21130011162,current
198440,21130011171,current
198440,21130011178,current
198440,21130011185,current
198440,21130011190,current
198440,21130015521,current
198440,21130015535,current
198440,21130027001,current
198440,21130027013,current
198440,21130035315,current
198440,21130035610,current
198440,21130035621,current
198440,21130035624,current
198440,21130043101,current
198440,21130043105,current
198440,21130043115,current
198440,21130043125,current
198440,21130043142,current
198440,21130043150,current
198440,21130049201,current
198440,21130071978,current
198440,21130071985,current
198440,24385014571,current
198440,24385018762,current
198440,24385048414,current
198440,24385048447,current
198440,24385048471,current
198440,24385048476,current
198440,24385048478,current
198440,24385048490,current
198440,29485928102,current
198440,29485928103,current
198440,29485928104,current
198440,30142003307,current
198440,30142006807,current
198440,30142006824,current
198440,30142006835,current
198440,30142016507,current
198440,30142050762,current
198440,30142050778,current
198440,30142050783,current
198440,30142056162,current
198440,30142056171,current
198440,30142056176,current
198440,30142056178,current
198440,30142056182,current
198440,30142056185,current
198440,30142056190,current
198440,30142097547,current
198440,36800001071,current
198440,36800001078,current
198440,36800004662,current
198440,36800004671,current
198440,36800004678,current
198440,36800004683,current
198440,36800022771,current
198440,36800022778,current
198440,36800040572,current
198440,36800040578,current
198440,36800048447,current
198440,36800048462,current
198440,36800048471,current
198440,36800048476,current
198440,36800048478,current
198440,36800048482,current
198440,36800048490,current
198440,36800059105,current
198440,36800059108,current
198440,36800059112,current
198440,36800059120,current
198440,36800066510,current
198440,36800066521,current
198440,36800066540,current
198440,36800077001,current
198440,36800077002,current
198440,36800077003,current
198440,36800077005,current
198440,36800077012,current
198440,36800090502,current
198440,36800090504,current
198440,36800097371,current
198440,36800097378,current
198440,36800099106,current
198440,36800099115,current
198440,37205018778,current
198440,37205059378,current
198440,37205059471,current
198440,37205059478,current
198440,37205059490,current
198440,37205065972,current
198440,37205065978,current
198440,37205098078,current
198440,37808019508,current
198440,37808019512,current
198440,37808019520,current
198440,37808070402,current
198440,37808070409,current
198440,37808079201,current
198440,37808079203,current
198440,37808098062,current
198440,37835050701,current
198440,37835050705,current
198440,37835050725,current
198440,37864000111,current
198440,37864070699,current
198440,41163019201,current
198440,41163036385,current
198440,41163050001,current
198440,41163050004,current
198440,41163050006,current
198440,41163052001,current
198440,41163052003,current
198440,41163059201,current
198440,41226034101,current
198440,41226034110,current
198440,41226034115,current
198440,41226034150,current
198440,41226067301,current
198440,41226067326,current
198440,41226067342,current
198440,41226069701,current
198440,41226069734,current
198440,41226069742,current
198440,41250014803,current
198440,41250019201,current
198440,41250019207,current
198440,41250048462,current
198440,41250048471,current
198440,41250048476,current
198440,41250048478,current
198440,41250048482,current
198440,41250048490,current
198440,41250057003,current
198440,41250057013,current
198440,41250097547,current
198440,41415017505,current
198440,41415017510,current
198440,41415017705,current
198440,41415017710,current
198440,41415017725,current
198440,41415053805,current
198440,41415053810,current
198440,41520006471,current
198440,41520006476,current
198440,41520006478,current
198440,41520006482,current
198440,41520006490,current
198440,41520078678,current
198440,41520091912,current
198440,41520091920,current
198440,42507010304,current
198440,42507017001,current
198440,42507017002,current
198440,42507017003,current
198440,42507017013,current
198440,42507040409,current
198440,42507048400,current
198440,42507048424,current
198440,42507048450,current
198440,42507048462,current
198440,42507048471,current
198440,42507048478,current
198440,42507048490,current
198440,42507059203,current
198440,42507081300,current
198440,42507081378,current
198440,42507097547,current
198440,42681002501,current
198440,42961039901,current
198440,42961039904,current
198440,42961039905,current
198440,42961039906,current
198440,42961039907,current
198440,42961039908,current
198440,45861007201,current
198440,46122000362,current
198440,46122000378,current
198440,46122025772,current
198440,46122031262,current
198440,46122031270,current
198440,46122031278,current
198440,46122054382,current
198440,46122064971,current
198440,46122069662,current
198440,47682000933,current
198440,47682000948,current
198440,47682000999,current
198440,47682012599,current
198440,47682012699,current
198440,47682017033,current
198440,47682017048,current
198440,47682017099,current
198440,47682017213,current
198440,47682017233,current
198440,47682017248,current
198440,47682017264,current
198440,47682017299,current
198440,47682017313,current
198440,47682017333,current
198440,47682017348,current
198440,47682017350,current
198440,47682017399,current
198440,47682017433,current
198440,47682017448,current
198440,47682017513,current
198440,47682017533,current
198440,47682017546,current
198440,47682017548,current
198440,47682017564,current
198440,47682017599,current
198440,47682027213,current
198440,47682027233,current
198440,47682027248,current
198440,47682027264,current
198440,47682027299,current
198440,47682027313,current
198440,47682027333,current
198440,47682027348,current
198440,47682027350,current
198440,47682027399,current
198440,47682027433,current
198440,47682027448,current
198440,47682043333,current
198440,47682043399,current
198440,47682061933,current
198440,47682061948,current
198440,47682061999,current
198440,47682080413,current
198440,47682080433,current
198440,47682080448,current
198440,47682080450,current
198440,47682080499,current
198440,47682086433,current
198440,47682090433,current
198440,47682090448,current
198440,49035017515,current
198440,49035030802,current
198440,49035030882,current
198440,49035030885,current
198440,49035030890,current
198440,49035048462,current
198440,49035048482,current
198440,49035048485,current
198440,49035048490,current
198440,49035049401,current
198440,49035049424,current
198440,49035051908,current
198440,49035051912,current
198440,49035051920,current
198440,49035053112,current
198440,49035075550,current
198440,49035075588,current
198440,49035086950,current
198440,49035091762,current
198440,49035091908,current
198440,49035091912,current
198440,49035091920,current
198440,49035097583,current
198440,49035098410,current
198440,49314176303,current
198440,49314177303,current
198440,49314178303,current
198440,49348002353,current
198440,49348002356,current
198440,49348004209,current
198440,49348004210,current
198440,49348004214,current
198440,49348004253,current
198440,49348004254,current
198440,49348011610,current
198440,49348028653,current
198440,49348028654,current
198440,49348070309,current
198440,49348099810,current
198440,49483034101,current
198440,49483034110,current
198440,49483034120,current
198440,49483034150,current
198440,49483034200,current
198440,49483034201,current
198440,49483034210,current
198440,49483047901,current
198440,49483069743,current
198440,49523003300,current
198440,49523003310,current
198440,49638000202,current
198440,50090527200,current
198440,50090527201,current
198440,50090531301,current
198440,50090531302,current
198440,50090531303,current
198440,50090531304,current
198440,50090531305,current
198440,50090535000,current
198440,50090535001,current
198440,50090725201,current
198440,50090796002,current
198440,50090796100,current
198440,50804082602,current
198440,50804082603,current
198440,50844017508,current
198440,50844017510,current
198440,50844017512,current
198440,50844017594,current
198440,50844025508,current
198440,50844051902,current
198440,50844051912,current
198440,50844051915,current
198440,50844051920,current
198440,50844051921,current
198440,51013032054,current
198440,51316017715,current
198440,51316034232,current
198440,51316034274,current
198440,51645070501,current
198440,51645070510,current
198440,51645070601,current
198440,51645070610,current
198440,51645070699,current
198440,51660001101,current
198440,51660001110,current
198440,51660001160,current
198440,51660031101,current
198440,51660031110,current
198440,51660031151,current
198440,51662127402,current
198440,51662166602,current
198440,51824004901,current
198440,51824006001,current
198440,51824006002,current
198440,51824008601,current
198440,51824008701,current
198440,51824009901,current
198440,51824009924,current
198440,51824010101,current
198440,52124001401,current
198440,52735071001,current
198440,52735071012,current
198440,52735071070,current
198440,52735071201,current
198440,52735071213,current
198440,52959000200,current
198440,52959000210,current
198440,52959000215,current
198440,52959000220,current
198440,52959000224,current
198440,52959000225,current
198440,52959000230,current
198440,52959000240,current
198440,52959000242,current
198440,52959000245,current
198440,52959000250,current
198440,52959000290,current
198440,52959033800,current
198440,52959033810,current
198440,52959033812,current
198440,52959033820,current
198440,52959033821,current
198440,52959033824,current
198440,52959033828,current
198440,52959033830,current
198440,52959033840,current
198440,52959033842,current
198440,52959033850,current
198440,52959033860,current
198440,52959033884,current
198440,52959041240,current
198440,52959041250,current
198440,53145083030,current
198440,53329019530,current
198440,53329019630,current
198440,53329064130,current
198440,53329064198,current
198440,53942009201,current
198440,53942017013,current
198440,53943009201,current
198440,53943009203,current
198440,53943010302,current
198440,53943010304,current
198440,53943010402,current
198440,53943010404,current
198440,53943010406,current
198440,53943010409,current
198440,53943020302,current
198440,53943020304,current
198440,53943029803,current
198440,53943030402,current
198440,53943030404,current
198440,53943030406,current
198440,53943030409,current
198440,54257047302,current
198440,54738004001,current
198440,54738004003,current
198440,54738054001,current
198440,54738054003,current
198440,55154789700,current
198440,55289088001,current
198440,55289088006,current
198440,55289088012,current
198440,55289088015,current
198440,55289088020,current
198440,55289088021,current
198440,55289088024,current
198440,55289088030,current
198440,55289088050,current
198440,55289088060,current
198440,55289088097,current
198440,55301017503,current
198440,55301017515,current
198440,55301017560,current
198440,55301017595,current
198440,55305012601,current
198440,55305012602,current
198440,55305012604,current
198440,55305012605,current
198440,55319005314,current
198440,55319005321,current
198440,55319017705,current
198440,55319017710,current
198440,55319017724,current
198440,55319017725,current
198440,55319017750,current
198440,55319075124,current
198440,55700094630,current
198440,55758043901,current
198440,55758043950,current
198440,55910013515,current
198440,55910050600,current
198440,55910050662,current
198440,55910050671,current
198440,55910050676,current
198440,55910050678,current
198440,55910050683,current
198440,55910066162,current
198440,55910066176,current
198440,55910066178,current
198440,55910066182,current
198440,55910066185,current
198440,55910066190,current
198440,55910070162,current
198440,55910070178,current
198440,55910081208,current
198440,55910081232,current
198440,55959013101,current
198440,55959017103,current
198440,55959017106,current
198440,56062001071,current
198440,56062018771,current
198440,56062018778,current
198440,56062019201,current
198440,56062019203,current
198440,56062022771,current
198440,56062022778,current
198440,56062048471,current
198440,56062048478,current
198440,56062048483,current
198440,56062048485,current
198440,56062065071,current
198440,56062065078,current
198440,57237034701,current
198440,57237034705,current
198440,57237034710,current
198440,57243017515,current
198440,57344000404,current
198440,57344000406,current
198440,57344010307,current
198440,57344010315,current
198440,57344017001,current
198440,57344017002,current
198440,57344017003,current
198440,57344017012,current
198440,57896020005,current
198440,57896020101,current
198440,57896020105,current
198440,57896020110,current
198440,57896020401,current
198440,57896020405,current
198440,57896020410,current
198440,57896020420,current
198440,57896020710,current
198440,57896021901,current
198440,57896021905,current
198440,57896021910,current
198440,57896021920,current
198440,57896021950,current
198440,57896022101,current
198440,57896022110,current
198440,57896022201,current
198440,57896022210,current
198440,57896022220,current
198440,57896025101,current
198440,58154010001,current
198440,58228198601,current
198440,58602074644,current
198440,58602075507,current
198440,58602075512,current
198440,58602075514,current
198440,58602075521,current
198440,58602075529,current
198440,58602075534,current
198440,58602075535,current
198440,58602075536,current
198440,58602075540,current
198440,58602075541,current
198440,58602077136,current
198440,58602077140,current
198440,58602077141,current
198440,58602077164,current
198440,58602077321,current
198440,58602077688,current
198440,58865000601,current
198440,58865000610,current
198440,59368021001,current
198440,59368021002,current
198440,59726049405,current
198440,59726049410,current
198440,59726049424,current
198440,59726049450,current
198440,59779010111,current
198440,59779010112,current
198440,59779018771,current
198440,59779048462,current
198440,59779048471,current
198440,59779048478,current
198440,59779048485,current
198440,59779048493,current
198440,59779053108,current
198440,59779097547,current
198440,60760022240,current
198440,60760053440,current
198440,60760091050,current
198440,61245017513,current
198440,61504010404,current
198440,61504010406,current
198440,61919027150,current
198440,62011002302,current
198440,62011002303,current
198440,62011004901,current
198440,62011023801,current
198440,62011023802,current
198440,62011043401,current
198440,62936020101,current
198440,62936020106,current
198440,62936021901,current
198440,62936021906,current
198440,62936022201,current
198440,62936022205,current
198440,63187029310,current
198440,63187029330,current
198440,63187029340,current
198440,63187029350,current
198440,63629151600,current
198440,63629151601,current
198440,63629151602,current
198440,63629151603,current
198440,63629151604,current
198440,63629151605,current
198440,63629151606,current
198440,63629151607,current
198440,63629151608,current
198440,63629151609,current
198440,63739043901,current
198440,63868008310,current
198440,63868008360,current
198440,63868008405,current
198440,63868008410,current
198440,63868008424,current
198440,63868008450,current
198440,63868008815,current
198440,63868050350,current
198440,63868050701,current
198440,63868098710,current
198440,63868098750,current
198440,63941010401,current
198440,63941010402,current
198440,63941010404,current
198440,63941010406,current
198440,63941010408,current
198440,63941010409,current
198440,63941019201,current
198440,63941019202,current
198440,63941019203,current
198440,63941030302,current
198440,63941030304,current
198440,63941040406,current
198440,63941051912,current
198440,63941051915,current
198440,63981001905,current
198440,63981051905,current
198440,63981070000,current
198440,63981070090,current
198440,63981070093,current
198440,64024000178,current
198440,65155020401,current
198440,66267000520,current
198440,66267000530,current
198440,66267000545,current
198440,66267000550,current
198440,66267099800,current
198440,66715553303,current
198440,66715563303,current
198440,66715563504,current
198440,66715568004,current
198440,66715573303,current
198440,66715632104,current
198440,66715633703,current
198440,66715686704,current
198440,66715687104,current
198440,66715815503,current
198440,66715963704,current
198440,67091013310,current
198440,67091013350,current
198440,67091013550,current
198440,68016002164,current
198440,68016002165,current
198440,68016002722,current
198440,68016002723,current
198440,68016002914,current
198440,68016002920,current
198440,68016013800,current
198440,68016013801,current
198440,68016013802,current
198440,68016013830,current
198440,68016013901,current
198440,68016013902,current
198440,68016054301,current
198440,68016054324,current
198440,68016054399,current
198440,68016065605,current
198440,68016065610,current
198440,68016065624,current
198440,68016065650,current
198440,68016073401,current
198440,68016073422,current
198440,68016073450,current
198440,68071343701,current
198440,68071343702,current
198440,68071343705,current
198440,68071390702,current
198440,68071390703,current
198440,68071390705,current
198440,68071395901,current
198440,68071523903,current
198440,68071523905,current
198440,68071523909,current
198440,68071530004,current
198440,68196003106,current
198440,68196017761,current
198440,68196048461,current
198440,68196048490,current
198440,68196060661,current
198440,68196091905,current
198440,68210130001,current
198440,68210130004,current
198440,68210130005,current
198440,68391000479,current
198440,68391041179,current
198440,68391065990,current
198440,68599468103,current
198440,68788406501,current
198440,68788406502,current
198440,68788406503,current
198440,68788406505,current
198440,68788413201,current
198440,68788413202,current
198440,68788413203,current
198440,68788413205,current
198440,68788807001,current
198440,68788807002,current
198440,68788807003,current
198440,68788807005,current
198440,68788855901,current
198440,68788855902,current
198440,68788855903,current
198440,68788855905,current
198440,68788858501,current
198440,68788858502,current
198440,68788858503,current
198440,68788858505,current
198440,68788863601,current
198440,68788863602,current
198440,68788863603,current
198440,68788863605,current
198440,68788878601,current
198440,68788878602,current
198440,68788878603,current
198440,68788878605,current
198440,68788886301,current
198440,68788886302,current
198440,68788886303,current
198440,68788886305,current
198440,68788887301,current
198440,68788887302,current
198440,68788887303,current
198440,68788887305,current
198440,68998000404,current
198440,68998000406,current
198440,68998007003,current
198440,68998010404,current
198440,68998010406,current
198440,68998019802,current
198440,68998039201,current
198440,69168000540,current
198440,69168001124,current
198440,69168001140,current
198440,69168001150,current
198440,69168032801,current
198440,69168032803,current
198440,69168032813,current
198440,69168032840,current
198440,69396014001,current
198440,69396014003,current
198440,69396014401,current
198440,69618001101,current
198440,69618001110,current
198440,69676005902,current
198440,69676005905,current
198440,69732000101,current
198440,69790015433,current
198440,69790017333,current
198440,69790080433,current
198440,69842016847,current
198440,69842029505,current
198440,69842029510,current
198440,69842029515,current
198440,69842029521,current
198440,69842029805,current
198440,69842029810,current
198440,69842029815,current
198440,69842029821,current
198440,69842029824,current
198440,69842029830,current
198440,69842029840,current
198440,69842029860,current
198440,69842039054,current
198440,69842046512,current
198440,69842048447,current
198440,69842048462,current
198440,69842048471,current
198440,69842048478,current
198440,69842048483,current
198440,69842048487,current
198440,69842048490,current
198440,69842048493,current
198440,69842075003,current
198440,69842075096,current
198440,69842078025,current
198440,69842086401,current
198440,69842086404,current
198440,69842086405,current
198440,69842091505,current
198440,69842091508,current
198440,69842091512,current
198440,69842091515,current
198440,69842091520,current
198440,69842091529,current
198440,69842091578,current
198440,69842093108,current
198440,69842093117,current
198440,69842093129,current
198440,69848000310,current
198440,69848000317,current
198440,69848000324,current
198440,69848000810,current
198440,70000003601,current
198440,70000031201,current
198440,70000031202,current
198440,70000031203,current
198440,70000037301,current
198440,70000037302,current
198440,70000037303,current
198440,70000037304,current
198440,70000037305,current
198440,70000041001,current
198440,70000041002,current
198440,70000044601,current
198440,70000070901,current
198440,70010016101,current
198440,70010016105,current
198440,70010016110,current
198440,70030047071,current
198440,70030047078,current
198440,70518280500,current
198440,70677009302,current
198440,70677013101,current
198440,70677112001,current
198440,70677112002,current
198440,70677112401,current
198440,70677113801,current
198440,70677113802,current
198440,70677113803,current
198440,70677113805,current
198440,70677113901,current
198440,70677124201,current
198440,70677127601,current
198440,70692015005,current
198440,70692015020,current
198440,70692015031,current
198440,70692015044,current
198440,70729000124,current
198440,70729000150,current
198440,70729017512,current
198440,70875050001,current
198440,70875050003,current
198440,71009010901,current
198440,71105001101,current
198440,71105001102,current
198440,71141017632,current
198440,71205016510,current
198440,71205016524,current
198440,71205016530,current
198440,71205016540,current
198440,71205016550,current
198440,71205016560,current
198440,71205016590,current
198440,71205031404,current
198440,71205031408,current
198440,71205046108,current
198440,71205099000,current
198440,71205099011,current
198440,71205099050,current
198440,71205099055,current
198440,71309000105,current
198440,71309000140,current
198440,71335153600,current
198440,71335153601,current
198440,71335153602,current
198440,71335153603,current
198440,71335153604,current
198440,71335153605,current
198440,71335153606,current
198440,71335153607,current
198440,71335153608,current
198440,71335153609,current
198440,71335225101,current
198440,71399102601,current
198440,71399102602,current
198440,71399102608,current
198440,71399102609,current
198440,71399802201,current
198440,71399802202,current
198440,71399802701,current
198440,71399802702,current
198440,71679030400,current
198440,72036009201,current
198440,72036009203,current
198440,72036009802,current
198440,72036010401,current
198440,72036010402,current
198440,72036010404,current
198440,72036010406,current
198440,72036010408,current
198440,72036017002,current
198440,72036017003,current
198440,72036017005,current
198440,72036017013,current
198440,72090000801,current
198440,72090000830,current
198440,72090003801,current
198440,72090003802,current
198440,72162216301,current
198440,72162216401,current
198440,72162217901,current
198440,72189012030,current
198440,72189012050,current
198440,72189041330,current
198440,72288000810,current
198440,72288030078,current
198440,72288030079,current
198440,72288048490,current
198440,72288069201,current
198440,72288069210,current
198440,72288069220,current
198440,72288069250,current
198440,72288097509,current
198440,72476007003,current
198440,72476007013,current
198440,72476010401,current
198440,72789024101,current
198440,72789024120,current
198440,72789024130,current
198440,72789024150,current
198440,72789024160,current
198440,73408017433,current
198440,73408027433,current
198440,73408080433,current
198440,73408090433,current
198440,73598112201,current
198440,73598112401,current
198440,75907042902,current
198440,75907043301,current
198440,75907043352,current
198440,76168012010,current
198440,76420048801,current
198440,76420048810,current
198440,76420048820,current
198440,76420048830,current
198440,76420048860,current
198440,76420048890,current
198440,79481030201,current
198440,79481078001,current
198440,79481078002,current
198440,79481078004,current
198440,79481538002,current
198440,79903003201,current
198440,79903003202,current
198440,79903003210,current
198440,79903003240,current
198440,79903010755,current
198440,79903010760,current
198440,79903017405,current
198440,79903017425,current
198440,79903017450,current
198440,79903026823,current
198440,79903026910,current
198440,79903026922,current
198440,79903029610,current
198440,79903030920,current
198440,79903034273,current
198440,81389000101,current
198440,81522007013,current
198440,81522010404,current
198440,81522010406,current
198440,82501048400,current
198440,82501048401,current
198440,82568000201,current
198440,82568000202,current
198440,82652002501,current
198440,82706000701,current
198440,82706000702,current
198440,82706000703,current
198440,82706000704,current
198440,82706000705,current
198440,82706000706,current
198440,82725302702,current
198440,82725402701,current
198440,82804023808,current
198440,83059010305,current
198440,83324007801,current
198440,83324007805,current
198440,83324007815,current
198440,83324007824,current
198440,83324007850,current
198440,83324007950,current
198440,83324008001,current
198440,83324008101,current
198440,83324008110,current
198440,83324008160,current
198440,83324013801,current
198440,83324013850,current
198440,83586010701,current
198440,83934067373,current
198440,84269252201,current
198440,84269252202,current
198440,84324000301,current
198440,84324002101,current
198440,85766012601,current
198440,85766012602,current
198440,85766022301,current
198440,85766022330,current
198440,85766022360,current
198440,85766022390,current
198440,85786010290,current
198440,85828017001,current
198440,85828034120,current
198440,87063022201,current
198440,87063022230,current
198440,87063022260,current
198440,87063022290,current
198440,87339000100,current
198440,87441000801,current
198767,10432027701,historical
198767,10432027702,historical
198767,54022103301,historical
198767,54022103302,historical
198767,54022103303,historical
199224,00054016413,current
199224,00093753656,current
199224,00378603405,current
199224,00378603477,current
199224,00904619546,current
199224,16571042103,current
199224,16729003510,current
199224,16729003515,current
199224,16729003516,current
199224,16729003517,current
199224,23155085703,current
199224,23155085705,current
199224,23155085709,current
199224,24979072506,current
199224,24979072507,current
199224,42043018003,current
199224,42291001630,current
199224,42291001690,current
199224,42291008530,current
199224,42291008590,current
199224,43063038306,current
199224,43063038315,current
199224,50090245300,current
199224,50090245301,current
199224,50090500200,current
199224,50090500201,current
199224,50090581200,current
199224,50090581201,current
199224,50268007511,current
199224,50268007515,current
199224,51079032301,current
199224,51079032306,current
199224,51655063853,current
199224,51991062010,current
199224,51991062033,current
199224,51991062090,current
199224,55111064730,current
199224,59651023630,current
199224,59651023690,current
199224,60505298503,current
199224,60687011211,current
199224,60687011221,current
199224,62135049030,current
199224,62135049090,current
199224,62756025013,current
199224,62756025083,current
199224,63187008018,current
199224,63187008020,current
199224,63187008030,current
199224,63187008060,current
199224,63187008090,current
199224,63323012930,current
199224,63629526900,current
199224,63629526901,current
199224,63629526902,current
199224,63629526903,current
199224,63629526904,current
199224,63629526905,current
199224,63629526906,current
199224,63629526907,current
199224,63629526908,current
199224,63629526909,current
199224,63850001001,current
199224,63850001002,current
199224,65841074306,current
199224,65841074310,current
199224,68001015504,current
199224,68001015508,current
199224,68071154309,current
199224,68071168203,current
199224,68071279100,current
199224,68071279102,current
199224,68071279105,current
199224,68071279107,current
199224,68071279108,current
199224,68071383809,current
199224,68071385307,current
199224,68071385308,current
199224,68071399903,current
199224,68071403803,current
199224,68071520303,current
199224,68084044811,current
199224,68084044821,current
199224,68382020906,current
199224,68382020910,current
199224,69117000301,current
199224,69117000304,current
199224,70518248401,current
199224,71335187900,current
199224,71335187901,current
199224,71335187902,current
199224,71335187903,current
199224,71335187904,current
199224,71335187905,current
199224,71335187906,current
199224,71335187907,current
199224,71335187908,current
199224,71335187909,current
199224,71335314500,current
199224,71335314501,current
199224,71335314502,current
199224,71335314503,current
199224,71335314504,current
199224,71335314505,current
199224,71335314506,current
199224,71335314507,current
199224,71335314508,current
199224,71335314509,current
199224,72189041530,current
199224,72789000815,current
199224,72789000890,current
199224,72789034215,current
199224,72789057515,current
199224,76420000412,current
199224,76420000415,current
199224,76420000420,current
199224,76420000430,current
199224,76519122403,current
199224,82804016230,current
199224,82804016290,current
199224,87063022405,current
199224,87063022430,current
199224,87063022460,current
199224,87063022490,current
199663,00378610691,current
199663,00527190506,current
199663,31722050960,current
199663,52343004560,current
199663,63304092060,current
199663,65862002410,current
199663,65862002460,current
199663,67046161303,current
200031,00093013501,current
200031,00093013505,current
200031,00378363201,current
200031,00378363205,current
200031,00615838830,current
200031,00615838839,current
200031,00781522201,current
200031,00904630161,current
200031,00904730661,current
200031,10135063401,current
200031,10135063405,current
200031,13107014301,current
200031,13107014305,current
200031,35356051218,current
200031,35356051230,current
200031,35356051260,current
200031,35356051290,current
200031,43063083360,current
200031,43547025510,current
200031,43547025550,current
200031,50090217500,current
200031,50090217501,current
200031,50090217502,current
200031,50090217503,current
200031,50090217504,current
200031,50090674200,current
200031,50090674201,current
200031,50090674203,current
200031,50090674204,current
200031,50090686500,current
200031,50090778600,current
200031,51079093001,current
200031,51079093020,current
200031,51407004001,current
200031,51407004005,current
200031,51655002925,current
200031,51655002926,current
200031,51655002952,current
200031,51655094318,current
200031,55111025301,current
200031,55111025305,current
200031,55111025310,current
200031,55111025330,current
200031,55111025378,current
200031,55111025379,current
200031,55154264900,current
200031,55887004860,current
200031,57664024413,current
200031,57664024418,current
200031,57664024488,current
200031,58657075101,current
200031,58657075150,current
200031,60505260701,current
200031,60505260708,current
200031,60760037660,current
200031,60760058260,current
200031,61919098430,current
200031,61919098460,current
200031,61919098490,current
200031,63187042430,current
200031,63187042460,current
200031,63187094630,current
200031,63187094660,current
200031,63187094690,current
200031,63629366802,current
200031,65841061701,current
200031,65841061705,current
200031,65841061717,current
200031,65862014301,current
200031,65862014305,current
200031,65862014399,current
200031,67046033603,current
200031,68001015400,current
200031,68001015403,current
200031,68071084130,current
200031,68071278006,current
200031,68071278008,current
200031,68071278009,current
200031,68071460003,current
200031,68071460006,current
200031,68071460008,current
200031,68071460009,current
200031,68071481603,current
200031,68071481608,current
200031,68071527508,current
200031,68071531108,current
200031,68084026201,current
200031,68084026211,current
200031,68084085401,current
200031,68084085411,current
200031,68382009301,current
200031,68382009305,current
200031,68382009317,current
200031,68462016301,current
200031,68462016305,current
200031,68462016310,current
200031,68462016318,current
200031,68462016360,current
200031,68645035059,current
200031,68788978901,current
200031,68788978903,current
200031,68788978906,current
200031,68788978909,current
200031,70518042600,current
200031,70518042601,current
200031,70518042602,current
200031,70518042603,current
200031,70518042604,current
200031,70518084000,current
200031,70518084001,current
200031,70518084002,current
200031,70518084003,current
200031,71335145701,current
200031,71335145702,current
200031,71335145703,current
200031,71335145704,current
200031,71335145705,current
200031,71335145706,current
200031,71335145707,current
200031,71335145708,current
200031,71335193701,current
200031,71335193702,current
200031,71335193703,current
200031,71335193704,current
200031,71335193705,current
200031,71335193706,current
200031,71335193707,current
200031,71335193708,current
200031,71335203301,current
200031,71335203302,current
200031,71335203303,current
200031,71335203304,current
200031,71335203305,current
200031,71335203306,current
200031,71335203307,current
200031,71335203308,current
200031,71335210101,current
200031,71335210102,current
200031,71335210103,current
200031,71335210104,current
200031,71335210105,current
200031,71335210106,current
200031,71335210107,current
200031,71335210108,current
200031,71610006330,current
200031,71610006353,current
200031,71610006360,current
200031,71610006380,current
200031,72189066460,current
200031,72789043160,current
200031,72888003500,current
200031,72888003501,current
200031,72888003505,current
200031,72888003530,current
200031,72888050001,current
200031,72888050002,current
200031,72888050003,current
200031,76385011101,current
200031,76385011150,current
200031,82009012605,current
200031,82804027060,current
200031,82804027090,current
200032,00093729501,current
200032,00093729505,current
200032,00378363301,current
200032,00378363302,current
200032,00378363305,current
200032,00615838930,current
200032,00615838939,current
200032,00781522301,current
200032,00904630261,current
200032,00904730761,current
200032,10135063501,current
200032,10135063505,current
200032,13107014401,current
200032,13107014405,current
200032,35356090860,current
200032,43063012590,current
200032,43063012593,current
200032,43353016030,current
200032,43353016053,current
200032,43353016060,current
200032,43353016070,current
200032,43353016080,current
200032,43353087430,current
200032,43353087480,current
200032,43547025610,current
200032,43547025650,current
200032,50090106700,current
200032,50090106701,current
200032,50090106703,current
200032,50090106704,current
200032,50090207900,current
200032,50090207901,current
200032,50090207902,current
200032,50090207903,current
200032,50090207904,current
200032,50090255500,current
200032,50090255501,current
200032,50090255502,current
200032,50090255503,current
200032,50090255504,current
200032,50090511501,current
200032,50090687800,current
200032,51079093101,current
200032,51079093120,current
200032,51407004101,current
200032,51407004105,current
200032,51655000252,current
200032,51655003025,current
200032,51655003026,current
200032,51655003052,current
200032,51655003083,current
200032,52959020418,current
200032,55111025401,current
200032,55111025405,current
200032,55111025410,current
200032,55111025430,current
200032,55111025478,current
200032,55111025479,current
200032,55154264800,current
200032,57664024513,current
200032,57664024518,current
200032,57664024588,current
200032,58657075201,current
200032,58657075250,current
200032,60505260801,current
200032,60505260808,current
200032,60760049460,current
200032,61919072830,current
200032,61919072890,current
200032,63187044730,current
200032,63187044760,current
200032,63187044790,current
200032,63629366901,current
200032,63629366902,current
200032,63629366903,current
200032,63629366906,current
200032,65841061801,current
200032,65841061805,current
200032,65841061817,current
200032,65862014401,current
200032,65862014405,current
200032,65862014499,current
200032,67046087903,current
200032,68001015100,current
200032,68001015103,current
200032,68071223003,current
200032,68071223006,current
200032,68071223008,current
200032,68071223009,current
200032,68084026301,current
200032,68084026311,current
200032,68382009401,current
200032,68382009405,current
200032,68382009417,current
200032,68462016401,current
200032,68462016405,current
200032,68462016410,current
200032,68462016418,current
200032,68462016460,current
200032,68645035159,current
200032,68788753901,current
200032,68788753903,current
200032,68788753906,current
200032,68788753909,current
200032,70518035600,current
200032,70518035601,current
200032,70518035602,current
200032,70518035603,current
200032,70518438900,current
200032,70518438901,current
200032,71335036804,current
200032,71335153301,current
200032,71335153302,current
200032,71335153303,current
200032,71335153304,current
200032,71335153305,current
200032,71335153306,current
200032,71335153307,current
200032,71335154501,current
200032,71335154502,current
200032,71335154503,current
200032,71335154504,current
200032,71335154505,current
200032,71335154506,current
200032,71335154507,current
200032,71335181301,current
200032,71335181302,current
200032,71335181303,current
200032,71335181304,current
200032,71335181305,current
200032,71335181306,current
200032,71335181307,current
200032,71335202601,current
200032,71335202602,current
200032,71335202603,current
200032,71335202604,current
200032,71335202605,current
200032,71335202606,current
200032,71335202607,current
200032,71610006660,current
200032,71610006680,current
200032,72189037230,current
200032,72789053793,current
200032,72888003600,current
200032,72888003601,current
200032,72888003605,current
200032,72888003630,current
200032,72888050101,current
200032,72888050102,current
200032,72888050103,current
200032,76385011201,current
200032,76385011250,current
200032,82009012705,current
200032,82804022590,current
200033,00093729601,current
200033,00093729605,current
200033,00378363401,current
200033,00378363405,current
200033,00615839030,current
200033,00615839039,current
200033,00781522401,current
200033,00904630361,current
200033,00904730861,current
200033,10135063701,current
200033,10135063705,current
200033,13107014501,current
200033,13107014505,current
200033,35356052630,current
200033,35356052660,current
200033,43063012930,current
200033,43063012960,current
200033,43063012993,current
200033,43547025710,current
200033,43547025750,current
200033,50090106900,current
200033,50090106901,current
200033,50090106903,current
200033,50090106904,current
200033,50090211900,current
200033,50090211901,current
200033,50090211903,current
200033,50090211904,current
200033,50090417100,current
200033,50090417101,current
200033,50090417103,current
200033,50090417104,current
200033,50090489800,current
200033,50090572600,current
200033,50090784900,current
200033,50090784901,current
200033,50090784903,current
200033,50090784904,current
200033,50090785000,current
200033,51079093201,current
200033,51079093220,current
200033,51407004201,current
200033,51407004205,current
200033,51655003325,current
200033,51655003326,current
200033,51655039725,current
200033,51655039726,current
200033,51655039752,current
200033,51655039783,current
200033,55111025501,current
200033,55111025505,current
200033,55111025510,current
200033,55111025530,current
200033,55111025578,current
200033,55111025579,current
200033,55154264000,current
200033,55887004930,current
200033,55887004960,current
200033,57664024713,current
200033,57664024718,current
200033,57664024788,current
200033,58657075301,current
200033,58657075350,current
200033,61919053390,current
200033,61919073030,current
200033,61919073060,current
200033,61919073090,current
200033,63187013130,current
200033,63187013160,current
200033,63187013190,current
200033,63187040930,current
200033,63187040960,current
200033,63187040990,current
200033,63629407001,current
200033,63629407002,current
200033,65841061901,current
200033,65841061905,current
200033,65841061917,current
200033,65862014501,current
200033,65862014505,current
200033,65862014599,current
200033,67296189906,current
200033,67296190106,current
200033,68001015200,current
200033,68001015203,current
200033,68071085630,current
200033,68071277306,current
200033,68071495606,current
200033,68084026401,current
200033,68084026411,current
200033,68382009501,current
200033,68382009505,current
200033,68382009517,current
200033,68462016501,current
200033,68462016505,current
200033,68462016510,current
200033,68462016518,current
200033,68462016560,current
200033,68645049659,current
200033,68788823101,current
200033,68788823103,current
200033,68788823109,current
200033,68788926501,current
200033,68788926503,current
200033,68788926506,current
200033,68788926509,current
200033,70518182600,current
200033,70518182601,current
200033,70518182602,current
200033,70518238900,current
200033,70518238901,current
200033,71335027301,current
200033,71335027302,current
200033,71335027303,current
200033,71335027304,current
200033,71335027305,current
200033,71335027306,current
200033,71335027307,current
200033,71335146301,current
200033,71335146302,current
200033,71335146303,current
200033,71335146304,current
200033,71335146305,current
200033,71335146306,current
200033,71335146307,current
200033,71335162301,current
200033,71335162302,current
200033,71335162303,current
200033,71335162304,current
200033,71335162305,current
200033,71335162306,current
200033,71335162307,current
200033,71335202301,current
200033,71335202302,current
200033,71335202303,current
200033,71335202304,current
200033,71335202305,current
200033,71335202306,current
200033,71335202307,current
200033,71335247401,current
200033,71335247402,current
200033,71335247403,current
200033,71335247404,current
200033,71335247405,current
200033,71335247406,current
200033,71335247407,current
200033,71610006760,current
200033,71610006780,current
200033,72189066390,current
200033,72789044090,current
200033,72789044093,current
200033,72888003700,current
200033,72888003701,current
200033,72888003705,current
200033,72888003730,current
200033,72888050201,current
200033,72888050202,current
200033,72888050203,current
200033,76385011301,current
200033,76385011350,current
200033,76519105400,current
200033,79034040630,current
200033,79034065330,current
200033,79034075990,current
200033,82009012805,current
200033,82804013860,current
200033,82804013890,current
200033,82804018390,current
200064,00054026913,current
200064,00093762056,current
200064,00378207105,current
200064,00603418016,current
200064,16729003401,current
200064,16729003410,current
200064,16729003415,current
200064,16729003416,current
200064,16729003417,current
200064,16729003443,current
200064,17856003201,current
200064,23155087503,current
200064,23155087509,current
200064,23155087510,current
200064,24979072606,current
200064,24979072607,current
200064,42291037430,current
200064,42291037490,current
200064,50090347400,current
200064,50090800200,current
200064,50268047611,current
200064,50268047615,current
200064,51407098690,current
200064,51991075910,current
200064,51991075933,current
200064,51991075990,current
200064,55111064630,current
200064,55111064678,current
200064,55111064679,current
200064,59651018030,current
200064,59651018090,current
200064,60505325508,current
200064,62135049130,current
200064,62135049190,current
200064,62756051183,current
200064,63323077230,current
200064,63629781901,current
200064,63629781902,current
200064,63629781903,current
200064,63629781904,current
200064,63850002501,current
200064,63850002504,current
200064,68071216704,current
200064,68071526403,current
200064,69117000401,current
200064,71205058730,current
200064,71205058760,current
200064,71205058790,current
200064,71335152601,current
200064,71335152602,current
200064,71335152603,current
200064,71335152604,current
200064,71335239601,current
200064,71335239602,current
200064,71335239603,current
200064,71335239604,current
200064,80005013908,current
200064,80005013910,current
200082,00378518091,current
200082,31722050605,current
200082,31722050660,current
200082,31722073905,current
200082,31722073931,current
200082,31722073960,current
200082,33342000309,current
200082,43063090006,current
200082,61919006102,current
200082,63629487201,current
200082,64380070703,current
200082,65862003610,current
200082,65862003660,current
200082,65862059760,current
200082,68071090806,current
200082,68071445006,current
200082,68084041611,current
200082,68084041621,current
200082,71335063901,current
200082,71335063902,current
200082,71335063903,current
200082,71335191601,current
200082,71335191602,current
200082,71335191603,current
200082,72865014460,current
200082,76282011505,current
200082,76282011560,current
200082,76519100506,current
200094,00054025013,current
200094,00054025022,current
200094,00378202205,current
200094,00603408002,current
200094,00603408016,current
200094,00955104090,current
200094,29300021205,current
200094,29300021213,current
200094,29300021219,current
200094,31722016005,current
200094,31722072905,current
200094,31722072910,current
200094,31722072930,current
200094,31722072931,current
200094,31722072990,current
200094,33342004707,current
200094,33342004710,current
200094,33342004712,current
200094,33342004715,current
200094,33342004768,current
200094,42291094090,current
200094,42658012101,current
200094,42658012104,current
200094,43547027703,current
200094,43547027709,current
200094,43547027750,current
200094,43547037403,current
200094,43547037409,current
200094,43547037450,current
200094,46708043930,current
200094,46708043931,current
200094,46708043971,current
200094,46708043990,current
200094,46708043991,current
200094,50228016005,current
200094,50228016030,current
200094,50268044011,current
200094,50268044015,current
200094,59746044705,current
200094,59746044730,current
200094,59746044790,current
200094,62135097630,current
200094,62135097690,current
200094,62332004130,current
200094,62332004131,current
200094,62332004171,current
200094,62332004190,current
200094,62332004191,current
200094,63629825901,current
200094,63629825902,current
200094,65162028403,current
200094,65162028409,current
200094,65162028450,current
200094,65862063705,current
200094,65862063710,current
200094,65862063730,current
200094,65862063778,current
200094,65862063790,current
200094,68180041006,current
200094,68180041009,current
200094,69367011901,current
200094,69367011903,current
200094,70518268500,current
200094,70518268501,current
200094,71205037930,current
200094,71205037960,current
200094,71205037990,current
200094,71205040430,current
200094,71335154701,current
200094,71335154702,current
200094,71335274501,current
200094,71335274502,current
200094,72189020190,current
200094,72205032705,current
200094,72205032706,current
200094,72205032730,current
200094,72205032790,current
200094,72205032799,current
200094,72603067001,current
200094,83008008530,current
200095,00054025113,current
200095,00054025122,current
200095,00603408102,current
200095,00603408116,current
200095,00603408128,current
200095,00955104190,current
200095,29300021305,current
200095,29300021313,current
200095,29300021319,current
200095,31722016110,current
200095,31722073005,current
200095,31722073010,current
200095,31722073030,current
200095,31722073031,current
200095,31722073090,current
200095,33342004807,current
200095,33342004810,current
200095,33342004812,current
200095,33342004815,current
200095,33342004865,current
200095,42291094190,current
200095,42658012201,current
200095,42658012204,current
200095,42658012207,current
200095,43547027803,current
200095,43547027809,current
200095,43547027850,current
200095,43547037503,current
200095,43547037509,current
200095,43547037550,current
200095,46708044030,current
200095,46708044031,current
200095,46708044071,current
200095,46708044090,current
200095,46708044091,current
200095,50090128400,current
200095,50090128401,current
200095,50090324400,current
200095,50090324401,current
200095,50228016110,current
200095,50228016130,current
200095,50268044111,current
200095,50268044115,current
200095,59746044805,current
200095,59746044830,current
200095,59746044890,current
200095,62135097730,current
200095,62135097790,current
200095,62332004230,current
200095,62332004231,current
200095,62332004271,current
200095,62332004290,current
200095,62332004291,current
200095,63187073710,current
200095,63187073730,current
200095,63187073760,current
200095,63187073790,current
200095,63187075730,current
200095,65162028503,current
200095,65162028509,current
200095,65162028511,current
200095,65162028550,current
200095,65862063805,current
200095,65862063810,current
200095,65862063830,current
200095,65862063878,current
200095,65862063890,current
200095,68180041102,current
200095,68180041106,current
200095,68180041109,current
200095,68788867009,current
200095,69367012001,current
200095,69367012003,current
200095,70518169000,current
200095,70518169001,current
200095,70518224500,current
200095,71205008230,current
200095,71205008260,current
200095,71205008290,current
200095,71205045230,current
200095,71205045260,current
200095,71205045290,current
200095,71335042301,current
200095,71335042302,current
200095,71335042303,current
200095,71335124401,current
200095,71335124402,current
200095,71335124403,current
200095,71335126301,current
200095,71335126302,current
200095,71335126303,current
200095,71335216801,current
200095,71335216802,current
200095,71335216803,current
200095,72162235403,current
200095,72162235409,current
200095,72162235503,current
200095,72189020590,current
200095,72205032805,current
200095,72205032806,current
200095,72205032810,current
200095,72205032830,current
200095,72205032890,current
200095,72205032899,current
200095,72603067101,current
200095,83008008430,current
200096,00054025213,current
200096,00054025222,current
200096,00603408202,current
200096,00603408216,current
200096,00603408228,current
200096,00955104290,current
200096,29300021405,current
200096,29300021413,current
200096,29300021419,current
200096,31722016205,current
200096,31722073105,current
200096,31722073110,current
200096,31722073130,current
200096,31722073131,current
200096,31722073190,current
200096,33342004907,current
200096,33342004910,current
200096,33342004915,current
200096,33342004939,current
200096,33342004976,current
200096,42291094290,current
200096,42658012301,current
200096,42658012304,current
200096,42658012307,current
200096,43547027903,current
200096,43547027909,current
200096,43547027950,current
200096,43547037603,current
200096,43547037609,current
200096,43547037650,current
200096,46708044130,current
200096,46708044131,current
200096,46708044171,current
200096,46708044190,current
200096,46708044191,current
200096,50090201700,current
200096,50090201701,current
200096,50090297800,current
200096,50090326900,current
200096,50090326901,current
200096,50090326902,current
200096,50090343101,current
200096,50090343102,current
200096,50090451900,current
200096,50090451901,current
200096,50090505500,current
200096,50090505501,current
200096,50090693800,current
200096,50090762200,current
200096,50228016205,current
200096,50228016230,current
200096,50268044211,current
200096,50268044215,current
200096,59746044905,current
200096,59746044930,current
200096,59746044990,current
200096,61919079330,current
200096,62135097830,current
200096,62135097890,current
200096,62332004330,current
200096,62332004331,current
200096,62332004371,current
200096,62332004390,current
200096,62332004391,current
200096,63629524101,current
200096,63629524102,current
200096,63629524103,current
200096,63629524104,current
200096,65162028603,current
200096,65162028609,current
200096,65162028611,current
200096,65162028650,current
200096,65862063905,current
200096,65862063910,current
200096,65862063930,current
200096,65862063978,current
200096,65862063990,current
200096,68180041202,current
200096,68180041206,current
200096,68180041209,current
200096,69367012101,current
200096,69367012103,current
200096,70518154300,current
200096,70518154301,current
200096,70518224600,current
200096,71335007101,current
200096,71335007102,current
200096,71335007103,current
200096,71335007104,current
200096,71335182601,current
200096,71335182602,current
200096,71335182603,current
200096,71335182604,current
200096,72189027090,current
200096,72205032905,current
200096,72205032906,current
200096,72205032930,current
200096,72205032990,current
200096,72205032999,current
200096,72603067201,current
200096,72603067202,current
200243,00527612374,current
200243,00781616043,current
200243,00781616086,current
200243,10019065164,current
200243,10019065364,current
200243,10019065506,current
200243,10019065706,current
200243,11695050502,current
200243,12164000525,current
200243,13985071125,current
200243,42677030801,current
200243,66794001510,current
200243,66794001525,current
200243,66794002225,current
200243,72162224502,current
200243,83301007001,current
200284,00378632105,current
200284,00378632177,current
200284,00781594892,current
200284,33342007410,current
200284,33342007444,current
200284,42291096590,current
200284,43547031103,current
200284,43547031109,current
200284,43547031150,current
200284,46708045310,current
200284,46708045330,current
200284,46708045371,current
200284,46708045390,current
200284,50090142000,current
200284,50090329200,current
200284,50090357600,current
200284,53746084590,current
200284,60505380609,current
200284,61919063430,current
200284,61919076030,current
200284,62332007910,current
200284,62332007930,current
200284,62332007971,current
200284,62332007990,current
200284,63187057130,current
200284,63187057160,current
200284,63187057190,current
200284,63187094330,current
200284,63187094360,current
200284,63187094390,current
200284,65162084503,current
200284,65162084509,current
200284,65162084511,current
200284,65162084550,current
200284,65862054710,current
200284,65862054790,current
200284,65862054799,current
200284,68180010302,current
200284,68180010303,current
200284,68180010309,current
200284,68180010311,current
200284,70771148500,current
200284,70771148504,current
200284,70771148509,current
200284,71205024930,current
200284,71205024960,current
200284,71205024990,current
200284,71205032730,current
200284,71205032760,current
200284,71205032790,current
200284,71335261801,current
200284,71335261802,current
200345,00781507431,current
200345,00781507492,current
200345,10135051205,current
200345,10135051230,current
200345,10135051290,current
200345,16714068501,current
200345,16714068502,current
200345,16714068503,current
200345,16729000710,current
200345,16729000712,current
200345,16729000715,current
200345,16729000717,current
200345,24658021410,current
200345,24658021445,current
200345,24658021490,current
200345,24658030430,current
200345,24658030490,current
200345,24658050410,current
200345,24658050430,current
200345,24658050445,current
200345,24658050490,current
200345,31722051401,current
200345,31722051405,current
200345,31722051430,current
200345,31722051490,current
200345,42291071615,current
200345,42571008005,current
200345,42571008010,current
200345,42571008030,current
200345,42571008060,current
200345,42571008090,current
200345,43063008030,current
200345,43063008090,current
200345,43063073330,current
200345,43353085819,current
200345,43353085898,current
200345,50090112100,current
200345,50090112101,current
200345,50090578800,current
200345,50090578801,current
200345,50090708800,current
200345,50090708801,current
200345,50090778300,current
200345,50090778301,current
200345,50090778302,current
200345,50742014010,current
200345,52343002530,current
200345,52343002545,current
200345,52343002590,current
200345,52343002599,current
200345,53401001845,current
200345,55111026805,current
200345,55111026830,current
200345,55111026890,current
200345,55111075010,current
200345,55111075030,current
200345,55111075090,current
200345,60760001930,current
200345,60760058030,current
200345,61919076490,current
200345,63629120001,current
200345,63629340801,current
200345,63629340802,current
200345,63629340803,current
200345,63629340804,current
200345,63629340805,current
200345,65862005400,current
200345,65862005430,current
200345,65862005439,current
200345,65862005445,current
200345,65862005490,current
200345,65862005499,current
200345,67544085715,current
200345,68180046503,current
200345,68180046506,current
200345,68180046509,current
200345,68180048101,current
200345,68180048102,current
200345,68180048103,current
200345,68382006905,current
200345,68382006910,current
200345,68382006916,current
200345,68788840601,current
200345,68788840603,current
200345,68788840606,current
200345,68788840609,current
200345,69367037709,current
200345,69367037710,current
200345,70377000512,current
200345,70377000513,current
200345,70377000514,current
200345,70377000515,current
200345,71335971701,current
200345,71335971702,current
200345,71335971703,current
200345,71335971704,current
200345,71335971705,current
200345,71610061145,current
200345,72865030901,current
200345,72865030905,current
200345,72865030910,current
200345,72865030930,current
200345,72865030945,current
200345,72865030990,current
200345,82009001605,current
200345,82009001690,current
200345,84677001810,current
200345,84677001845,current
200345,84677001890,current
200349,00338955810,current
200349,25021040851,current
200349,52958004001,current
200349,55150021899,current
200349,67457063110,current
200349,70121100301,current
200349,70436002780,current
200349,70436016380,current
200349,70860030551,current
200349,71288041351,current
200349,72078002610,current
200349,83634030151,current
204892,72888049701,current
204892,72888049702,current
204892,72888049703,current
204892,72888049704,current
205304,00378292177,current
205304,00378292193,current
205304,00781537406,current
205304,00781537464,current
205304,31722080334,current
205304,31722080335,current
205304,31722080337,current
205304,33342011907,current
205304,33342011910,current
205304,42291079130,current
205304,42571022705,current
205304,42571022710,current
205304,42571022711,current
205304,42571022730,current
205304,42571022732,current
205304,42571022741,current
205304,42571022790,current
205304,43547028403,current
205304,43547028409,current
205304,43547028450,current
205304,46708060930,current
205304,46708060991,current
205304,50090549000,current
205304,53746029230,current
205304,59746044012,current
205304,59746044032,current
205304,62135053630,current
205304,62332008830,current
205304,62332008891,current
205304,63629568201,current
205304,63629568202,current
205304,65162029203,current
205304,65162029209,current
205304,65162029211,current
205304,65162029250,current
205304,65162029263,current
205304,65841080501,current
205304,65841080505,current
205304,65841080506,current
205304,65841080510,current
205304,65841080516,current
205304,65841080530,current
205304,65841080578,current
205304,65862086803,current
205304,65862086810,current
205304,65862086830,current
205304,67877048305,current
205304,67877048330,current
205304,67877048333,current
205304,67877048384,current
205304,67877048390,current
205304,68382047201,current
205304,68382047205,current
205304,68382047206,current
205304,68382047210,current
205304,68382047216,current
205304,68382047230,current
205304,68382047278,current
205304,68462020001,current
205304,68462020011,current
205304,68462020013,current
205304,68462020030,current
205304,68462020082,current
205304,68462020090,current
205304,68788403403,current
205304,68788844003,current
205304,68788844006,current
205304,68788844009,current
205304,68788866503,current
205304,68788866506,current
205304,68788866509,current
205304,70756031301,current
205304,70756031330,current
205304,70756031380,current
205304,71209005001,current
205304,71209005004,current
205304,71209005005,current
205304,71209005010,current
205304,71209005011,current
205304,71209005016,current
205304,71209005018,current
205304,71335217301,current
205304,71335217302,current
205304,72162243903,current
205304,72241001601,current
205304,72241001604,current
205304,72241001605,current
205304,72241001610,current
205304,72241001611,current
205304,72241001616,current
205304,72241001618,current
205304,72241001622,current
205304,72603083201,current
205304,72606050701,current
205304,72606050702,current
205304,72606050703,current
205305,00378292277,current
205305,00378292293,current
205305,00781537806,current
205305,00781537864,current
205305,31722080434,current
205305,31722080435,current
205305,31722080437,current
205305,33342012007,current
205305,33342012010,current
205305,42291079230,current
205305,42571022805,current
205305,42571022810,current
205305,42571022811,current
205305,42571022830,current
205305,42571022832,current
205305,42571022841,current
205305,42571022890,current
205305,43547028503,current
205305,43547028509,current
205305,43547028550,current
205305,46708061030,current
205305,46708061091,current
205305,50090549200,current
205305,50090745000,current
205305,53746029330,current
205305,59746044112,current
205305,59746044132,current
205305,62135053730,current
205305,62332008930,current
205305,62332008991,current
205305,63187095130,current
205305,63187095160,current
205305,63187095190,current
205305,65162029303,current
205305,65162029309,current
205305,65162029311,current
205305,65162029350,current
205305,65162029363,current
205305,65841080601,current
205305,65841080605,current
205305,65841080606,current
205305,65841080610,current
205305,65841080616,current
205305,65841080630,current
205305,65841080678,current
205305,65862086903,current
205305,65862086910,current
205305,65862086930,current
205305,67877048405,current
205305,67877048430,current
205305,67877048433,current
205305,67877048484,current
205305,67877048490,current
205305,68071389201,current
205305,68071517803,current
205305,68382047301,current
205305,68382047305,current
205305,68382047306,current
205305,68382047310,current
205305,68382047316,current
205305,68382047330,current
205305,68382047378,current
205305,68462020101,current
205305,68462020111,current
205305,68462020113,current
205305,68462020130,current
205305,68462020178,current
205305,68462020190,current
205305,68788407403,current
205305,68788407409,current
205305,68788871803,current
205305,68788871806,current
205305,68788871809,current
205305,70518257200,current
205305,70518257201,current
205305,70518355600,current
205305,70518355601,current
205305,70518379800,current
205305,70756031401,current
205305,70756031430,current
205305,70756031480,current
205305,71209005101,current
205305,71209005104,current
205305,71209005105,current
205305,71209005110,current
205305,71209005111,current
205305,71209005116,current
205305,71209005118,current
205305,71335142801,current
205305,71335142802,current
205305,71335142803,current
205305,71335172301,current
205305,71335172302,current
205305,71335172303,current
205305,71335219101,current
205305,71335219102,current
205305,71335219103,current
205305,72162244003,current
205305,72241001701,current
205305,72241001704,current
205305,72241001705,current
205305,72241001710,current
205305,72241001711,current
205305,72241001716,current
205305,72241001718,current
205305,72241001722,current
205305,72603083301,current
205305,72606050801,current
205305,72606050802,current
205305,72606050803,current
205326,00185063001,current
205326,00185063010,current
205326,00378207701,current
205326,00591088501,current
205326,00615854839,current
205326,00781167301,current
205326,23155088001,current
205326,23155088005,current
205326,24658024401,current
205326,24658024410,current
205326,31722017901,current
205326,31722017905,current
205326,31722017931,current
205326,31722042101,current
205326,31722042110,current
205326,43063081401,current
205326,43547035503,current
205326,43547035510,current
205326,43547035511,current
205326,43547035550,current
205326,43547041810,current
205326,43547041850,current
205326,50090293400,current
205326,50090293401,current
205326,50090293402,current
205326,50090317500,current
205326,50090317501,current
205326,50090317502,current
205326,55700055890,current
205326,58864075030,current
205326,60505018801,current
205326,60505018809,current
205326,61919073690,current
205326,62135064431,current
205326,62135064490,current
205326,65862004100,current
205326,65862004101,current
205326,65862004105,current
205326,65862004130,current
205326,65862004199,current
205326,66685070501,current
205326,66685070502,current
205326,68001027000,current
205326,68001033600,current
205326,68071304303,current
205326,68071304309,current
205326,68180051603,current
205326,68180051609,current
205326,68180098201,current
205326,68180098202,current
205326,68180098203,current
205326,68180098209,current
205326,68180098230,current
205326,68645055454,current
205326,68645061290,current
205326,70518256100,current
205326,70518256101,current
205326,70518256102,current
205326,71205007130,current
205326,71205007160,current
205326,71205007190,current
205326,71335035401,current
205326,71335035402,current
205326,71335035403,current
205326,71335035404,current
205326,71335035405,current
205326,72865021201,current
205326,72865021205,current
205326,76282042101,current
205326,76282042105,current
205326,76282042110,current
205326,76282042118,current
205326,76282042130,current
205326,76282042145,current
205326,76282042190,current
205326,76282073201,current
205326,76282073205,current
205326,76282073210,current
205326,76282073218,current
205326,76282073230,current
205326,76282073245,current
205326,76282073290,current
205326,76420034400,current
205326,76420034401,current
205326,76420034405,current
205326,76420034430,current
205326,76420034460,current
205326,76420034490,current
205326,82868000930,current
205532,50242010039,current
205532,50242010040,current
205923,55513014801,current
205923,55513014810,current
205923,55513014820,current
206905,12634017171,current
206905,50436460401,current
206905,55111068201,current
206905,55111068205,current
206905,55111068209,current
206905,55111068299,current
206905,63629146801,current
206905,63629146802,current
206905,63629146803,current
206905,63629146804,current
206905,63629146805,current
206905,63629146806,current
206905,63629146807,current
206905,63629146808,current
209387,50580045810,current
209387,50580045811,current
209387,50580045850,current
209387,50580047510,current
209387,50580047511,current
209387,50580047550,current
209387,50580049501,current
209387,50580049660,current
209387,50580049698,current
209387,50580060001,current
209387,50580060002,current
209387,50580060003,current
212033,00113041178,current
212033,00113041187,current
212033,00113041190,current
212033,00113041678,current
212033,00113041687,current
212033,00113041690,current
212033,00113191978,current
212033,00113191990,current
212033,00295123601,current
212033,00295123625,current
212033,00363015712,current
212033,00363015714,current
212033,00363015716,current
212033,00363015717,current
212033,00363015798,current
212033,00363018330,current
212033,00536105405,current
212033,00536105429,current
212033,00603003121,current
212033,00904201559,current
212033,00904674460,current
212033,00904681180,current
212033,00924010500,current
212033,00924010501,current
212033,00924010502,current
212033,00924010503,current
212033,00924010504,current
212033,00924010505,current
212033,00924010506,current
212033,00924010507,current
212033,00927005801,current
212033,10135015001,current
212033,10135015005,current
212033,10135015010,current
212033,10135015013,current
212033,10135015020,current
212033,10135015024,current
212033,10135015030,current
212033,10135015069,current
212033,11383005023,current
212033,11383014811,current
212033,11383014825,current
212033,11383014851,current
212033,11673018853,current
212033,11822015702,current
212033,11822015703,current
212033,11822015704,current
212033,11822300204,current
212033,11822317501,current
212033,11822317504,current
212033,11917004160,current
212033,11917004161,current
212033,15127073801,current
212033,15127073805,current
212033,15127073809,current
212033,15127073810,current
212033,15127073821,current
212033,16103036508,current
212033,16103036511,current
212033,16103036599,current
212033,17714001001,current
212033,17714001003,current
212033,17714001010,current
212033,17856044420,current
212033,21130075853,current
212033,21130095712,current
212033,21130095714,current
212033,21130095717,current
212033,24385041678,current
212033,24385041687,current
212033,30142041678,current
212033,30142041687,current
212033,36800015712,current
212033,36800015714,current
212033,36800015717,current
212033,36800015787,current
212033,37205066878,current
212033,37205066887,current
212033,37808015712,current
212033,37808015714,current
212033,37808015717,current
212033,37835057701,current
212033,37835057725,current
212033,37835073802,current
212033,37835073804,current
212033,37835073806,current
212033,37864000016,current
212033,37864000017,current
212033,41163015712,current
212033,41163015717,current
212033,41226001132,current
212033,41520015778,current
212033,41520015787,current
212033,41520015790,current
212033,42507001811,current
212033,42507001815,current
212033,46122029278,current
212033,46122029287,current
212033,46122063578,current
212033,46122069178,current
212033,47682009799,current
212033,47682011613,current
212033,47682011647,current
212033,47682011664,current
212033,47682011699,current
212033,47682053333,current
212033,47682053399,current
212033,47682061613,current
212033,47682061647,current
212033,47682061664,current
212033,47682061699,current
212033,47682061713,current
212033,47682061733,current
212033,47682061748,current
212033,47682061750,current
212033,47682061799,current
212033,47682061833,current
212033,47682061848,current
212033,47682080513,current
212033,47682080533,current
212033,47682080548,current
212033,49035015706,current
212033,49035015712,current
212033,49035015750,current
212033,49035035590,current
212033,49035041690,current
212033,49314116303,current
212033,49348000119,current
212033,49348000123,current
212033,49348003453,current
212033,49483001100,current
212033,49483001101,current
212033,49483001110,current
212033,49483001131,current
212033,49781009551,current
212033,49781009558,current
212033,50090000204,current
212033,50090000208,current
212033,50090161704,current
212033,50090161708,current
212033,50090619508,current
212033,50332010202,current
212033,50332010203,current
212033,50332010204,current
212033,50332010205,current
212033,50332010208,current
212033,50332013903,current
212033,50332013904,current
212033,50332013907,current
212033,50332013908,current
212033,50804015712,current
212033,50844015711,current
212033,50844015712,current
212033,50844015797,current
212033,50844025412,current
212033,51645071601,current
212033,51645071610,current
212033,51660002101,current
212033,51660002102,current
212033,51660002110,current
212033,51660032001,current
212033,51660032002,current
212033,51660032010,current
212033,51662158301,current
212033,52124001501,current
212033,52595072410,current
212033,52735070201,current
212033,52735070209,current
212033,52959072400,current
212033,52959072410,current
212033,52959072414,current
212033,52959072415,current
212033,52959072424,current
212033,52959072430,current
212033,53185024912,current
212033,53943015712,current
212033,53943015714,current
212033,53943015717,current
212033,54162094090,current
212033,54738054101,current
212033,54738054102,current
212033,55289074324,current
212033,55301015712,current
212033,55301015714,current
212033,55301015717,current
212033,55758036360,current
212033,55887069001,current
212033,55910024929,current
212033,55966004801,current
212033,55966004805,current
212033,55966004809,current
212033,55966004810,current
212033,55966004815,current
212033,55966004837,current
212033,56062011811,current
212033,56062011815,current
212033,56062011817,current
212033,56062041678,current
212033,56062041687,current
212033,57243015712,current
212033,57344001811,current
212033,57344001819,current
212033,57344001821,current
212033,57896090101,current
212033,57896090110,current
212033,57896090127,current
212033,57896093101,current
212033,58228007101,current
212033,59779018330,current
212033,59779073390,current
212033,59779077287,current
212033,59961061615,current
212033,60760004724,current
212033,60760085424,current
212033,60760093024,current
212033,61245061613,current
212033,62011002002,current
212033,63868035203,current
212033,63868035210,current
212033,63941011819,current
212033,63941015712,current
212033,63941015714,current
212033,63941015717,current
212033,63941024912,current
212033,66267002730,current
212033,66553000101,current
212033,66715550404,current
212033,66715670404,current
212033,66715684006,current
212033,67060023202,current
212033,68016001128,current
212033,68016001129,current
212033,68016001130,current
212033,68599131103,current
212033,68788825601,current
212033,68788825602,current
212033,68998001811,current
212033,68998001814,current
212033,69168031201,current
212033,69168031206,current
212033,69168031217,current
212033,69168031240,current
212033,69168031298,current
212033,69396015801,current
212033,69396015805,current
212033,69396017301,current
212033,69517000205,current
212033,69732000801,current
212033,69790061633,current
212033,70000014701,current
212033,70000025302,current
212033,70000025304,current
212033,70030041190,current
212033,70385200602,current
212033,70677009202,current
212033,70677118901,current
212033,71205051730,current
212033,71205051760,current
212033,71205051790,current
212033,71679030200,current
212033,71800004101,current
212033,72036001811,current
212033,72036001817,current
212033,72189018760,current
212033,72476001811,current
212033,72476001819,current
212033,72789057425,current
212033,73057036508,current
212033,73057036511,current
212033,73408061833,current
212033,73598111201,current
212033,77333005020,current
212033,77333005025,current
212033,79481157001,current
212033,79481157006,current
212033,82804016760,current
212033,82804023704,current
212033,83324006601,current
212033,83324006603,current
212033,83324020501,current
212033,83586011501,current
212033,85111090110,current
212033,85766012501,current
212033,85766012502,current
212446,00069306030,current
212446,00069306086,current
212446,00069406101,current
212446,00069406189,current
212446,00069950001,current
212446,13411013101,current
212446,13411013103,current
212446,13411013106,current
212446,13411013109,current
212446,13411013115,current
212446,33358036804,current
212446,33358036830,current
212446,33358036850,current
212446,43353082206,current
212446,58864065504,current
212446,58864065506,current
212446,58864065514,current
212446,58864065530,current
212446,66105050701,current
212446,66105050703,current
212446,66105050706,current
212446,66105050709,current
212446,66105050710,current
212446,66267092806,current
212446,67296002001,current
212446,67296002002,current
226719,61269041020,current
238100,00641604601,current
238100,00641604610,current
238100,00641605001,current
238100,00641605010,current
238100,00641620701,current
238100,00641620725,current
238100,76329826100,current
238100,76329826101,current
241834,00093902019,current
241834,00093902065,current
241834,00185093330,current
241834,00185093386,current
241834,23155083911,current
241834,23155083930,current
241834,51862046001,current
241834,51862046047,current
241834,60505463203,current
241834,75907004830,current
241834,75907004881,current
242969,00143931801,current
242969,00143931810,current
242969,00703115383,current
242969,00781375575,current
242969,00781375595,current
242969,25021031604,current
242969,31722037231,current
242969,31722037232,current
242969,36000016201,current
242969,36000016210,current
242969,43066099701,current
242969,43066099710,current
242969,47335061540,current
242969,47335061544,current
242969,51662131501,current
242969,51662131502,current
242969,51662131503,current
242969,51662152801,current
242969,51662152802,current
242969,51662152803,current
242969,51991098317,current
242969,51991098399,current
242969,63323094004,current
242969,63323094021,current
242969,64980063004,current
242969,64980063041,current
242969,65145013301,current
242969,65145013310,current
242969,65219014002,current
242969,65219014004,current
242969,67457085200,current
242969,67457085204,current
242969,68083043701,current
242969,68083043710,current
242969,70121157601,current
242969,70121157607,current
242969,70377012111,current
242969,70377012112,current
242969,71288043904,current
242969,71288043905,current
242969,71839014301,current
242969,71839014310,current
242969,71839014325,current
242969,72078000200,current
242969,72078000204,current
242969,72205024107,current
242969,72572048101,current
242969,72572048110,current
242969,72603018001,current
242969,72603018010,current
242969,83634030704,current
242969,83634030741,current
242969,83854001701,current
242969,83854001710,current
243670,21130048112,current
243670,21130048120,current
243670,21130048132,current
243670,21130048150,current
243670,71800004002,current
243670,84324001701,current
245134,00378912116,current
245134,00378912198,current
245134,00406902576,current
245134,00406912576,current
245134,00781711155,current
245134,00781724155,current
245134,03215770201,current
245134,03215770205,current
245134,47781042411,current
245134,47781042447,current
245134,50742055001,current
245134,50742055005,current
245134,51862031452,current
245134,52959058505,current
245134,60505701100,current
245134,60505701102,current
245134,60505708100,current
245134,60505708102,current
245134,61919060205,current
245134,68071137305,current
245314,00487990130,current
245314,50090051700,current
245314,50383074120,current
245314,52959074120,current
245314,62135082984,current
245314,64980064203,current
245314,65302052815,current
245314,76204002701,current
245314,76204002711,current
259255,00093505705,current
259255,00093505798,current
259255,00378395305,current
259255,00378395307,current
259255,00378395309,current
259255,00378395377,current
259255,00440712830,current
259255,00480358810,current
259255,00480358898,current
259255,00615800905,current
259255,00615800907,current
259255,00615800939,current
259255,00781538892,current
259255,00904629304,current
259255,10135065305,current
259255,16571013909,current
259255,16571013910,current
259255,16571013950,current
259255,16714017601,current
259255,16714017602,current
259255,16714017603,current
259255,16729004701,current
259255,16729004710,current
259255,16729004715,current
259255,16729004716,current
259255,16729004717,current
259255,24658051010,current
259255,24658051090,current
259255,31722042705,current
259255,31722042710,current
259255,31722042790,current
259255,33342031810,current
259255,33342031811,current
259255,33342031812,current
259255,33342031815,current
259255,33342031844,current
259255,42385094301,current
259255,42385094305,current
259255,42385094308,current
259255,42385094310,current
259255,42385094311,current
259255,42385094330,current
259255,42385094364,current
259255,42385094368,current
259255,42385094390,current
259255,42571017510,current
259255,42571017524,current
259255,42571017530,current
259255,42571017532,current
259255,42571017590,current
259255,43063048790,current
259255,43353018415,current
259255,43353018430,current
259255,43353018460,current
259255,43353032115,current
259255,43353032130,current
259255,43353032145,current
259255,43353032160,current
259255,43353081515,current
259255,43353081530,current
259255,43353081545,current
259255,43353082715,current
259255,43353082730,current
259255,43353082745,current
259255,43353082753,current
259255,43353082760,current
259255,43353098115,current
259255,43353098130,current
259255,43353098145,current
259255,43353098160,current
259255,43598010305,current
259255,43598010310,current
259255,43598010381,current
259255,43598010387,current
259255,43598010390,current
259255,43598083305,current
259255,43598083379,current
259255,43598083381,current
259255,43598083390,current
259255,48433001001,current
259255,48433001003,current
259255,50090065401,current
259255,50090126400,current
259255,50090126401,current
259255,50090468500,current
259255,50090468501,current
259255,50090505100,current
259255,50090505101,current
259255,50090529800,current
259255,50090529801,current
259255,50090563900,current
259255,50090563901,current
259255,50090605400,current
259255,50090605401,current
259255,50090605402,current
259255,50090605700,current
259255,50090605701,current
259255,50090606100,current
259255,50090606101,current
259255,50090606102,current
259255,50090650500,current
259255,50090650501,current
259255,50090650502,current
259255,50090650600,current
259255,50090697000,current
259255,50090735800,current
259255,50090735801,current
259255,50090735802,current
259255,50090735900,current
259255,50090753200,current
259255,50090753201,current
259255,50090753202,current
259255,50090753300,current
259255,50090772400,current
259255,50090772401,current
259255,50090772402,current
259255,50090772500,current
259255,50228045405,current
259255,50228045490,current
259255,50268009611,current
259255,50268009612,current
259255,51079021101,current
259255,51079021103,current
259255,51407008105,current
259255,51407008190,current
259255,51655074752,current
259255,51655088030,current
259255,51655088130,current
259255,55111012405,current
259255,55111012430,current
259255,55111012460,current
259255,55111012490,current
259255,55154438406,current
259255,55154728900,current
259255,55700003430,current
259255,59651060905,current
259255,59651060930,current
259255,59651060990,current
259255,59651060999,current
259255,59762015801,current
259255,59762015802,current
259255,60290004201,current
259255,60290004202,current
259255,60290004203,current
259255,60290004204,current
259255,60505267100,current
259255,60505267103,current
259255,60505267105,current
259255,60505267107,current
259255,60505267108,current
259255,60505267109,current
259255,61919053130,current
259255,61919053190,current
259255,62175089741,current
259255,62175089746,current
259255,63187065630,current
259255,63187065660,current
259255,63187065690,current
259255,63187090730,current
259255,63187090760,current
259255,63187090790,current
259255,63304083005,current
259255,63304083090,current
259255,63629847201,current
259255,63739003733,current
259255,67046159303,current
259255,67046166603,current
259255,67877051405,current
259255,67877051410,current
259255,67877051433,current
259255,67877051438,current
259255,67877051490,current
259255,68071201803,current
259255,68071201806,current
259255,68071227609,current
259255,68071276509,current
259255,68071387409,current
259255,68071396109,current
259255,68071496209,current
259255,68084059025,current
259255,68084059095,current
259255,68180063802,current
259255,68180063806,current
259255,68180063809,current
259255,68382025210,current
259255,68382025216,current
259255,68645046154,current
259255,68645049554,current
259255,69097091105,current
259255,69097091112,current
259255,69097094705,current
259255,69097094712,current
259255,70377003012,current
259255,70377003014,current
259255,70377008011,current
259255,70377008012,current
259255,70377008013,current
259255,70518151401,current
259255,70518330400,current
259255,70518330401,current
259255,70518384800,current
259255,70518384801,current
259255,70518384802,current
259255,70518447300,current
259255,70518447301,current
259255,70518447302,current
259255,70710177000,current
259255,70710177005,current
259255,70710177009,current
259255,70756025030,current
259255,70756025051,current
259255,70756025090,current
259255,70771187800,current
259255,70771187805,current
259255,70771187809,current
259255,71205009830,current
259255,71205009860,current
259255,71205009890,current
259255,71205033520,current
259255,71205033530,current
259255,71205033560,current
259255,71205033590,current
259255,71209009304,current
259255,71209009310,current
259255,71335029501,current
259255,71335029502,current
259255,71335029503,current
259255,71335058301,current
259255,71335058302,current
259255,71335058303,current
259255,71335133601,current
259255,71335133602,current
259255,71335133603,current
259255,71335133604,current
259255,71335222501,current
259255,71335222502,current
259255,71335222503,current
259255,71335222504,current
259255,71335240701,current
259255,71335240702,current
259255,71335240703,current
259255,71335240704,current
259255,71335258201,current
259255,71335258202,current
259255,71335258203,current
259255,71335258204,current
259255,71335964601,current
259255,71335964602,current
259255,71335964603,current
259255,71335964604,current
259255,71335964605,current
259255,71610003615,current
259255,71610003630,current
259255,71610003645,current
259255,71610003660,current
259255,71610017015,current
259255,71610017030,current
259255,71610017045,current
259255,71610017060,current
259255,71610063315,current
259255,71610063330,current
259255,71610063345,current
259255,71610063360,current
259255,71610074615,current
259255,71610074630,current
259255,71610074645,current
259255,71610074653,current
259255,71610074660,current
259255,72162155609,current
259255,72189029530,current
259255,72189053730,current
259255,72189053790,current
259255,72205002505,current
259255,72205002530,current
259255,72205002590,current
259255,72205002599,current
259255,72603028501,current
259255,72603028502,current
259255,72603028503,current
259255,72603040601,current
259255,72603040602,current
259255,75834025801,current
259255,75834025802,current
259255,75834025850,current
259255,75834025890,current
259255,76420094800,current
259255,76420094805,current
259255,76420094812,current
259255,76420094820,current
259255,76420094830,current
259255,76420094838,current
259255,76420094860,current
259255,76420094890,current
259255,76519108403,current
259255,77771045405,current
259255,77771045490,current
259255,82009000410,current
259255,82009017910,current
259255,82137001901,current
261962,00054010925,current
261962,00054010929,current
261962,00781212901,current
261962,00781212905,current
261962,31722027401,current
261962,31722027405,current
261962,43063030304,current
261962,43063030390,current
261962,45865044130,current
261962,45865044151,current
261962,45865044160,current
261962,45865044190,current
261962,50090112000,current
261962,50090112001,current
261962,50090469100,current
261962,50090469101,current
261962,50090573000,current
261962,50090573001,current
261962,50090682900,current
261962,50090788700,current
261962,51407070901,current
261962,51655030130,current
261962,51655034626,current
261962,51655034652,current
261962,51655040652,current
261962,51655090426,current
261962,51655090452,current
261962,55111044105,current
261962,55111044190,current
261962,55700055130,current
261962,57237022501,current
261962,57237022505,current
261962,60505287800,current
261962,60505287801,current
261962,60505287805,current
261962,60760057190,current
261962,61919017990,current
261962,61919083330,current
261962,62135027401,current
261962,62135027405,current
261962,62135027490,current
261962,63187027730,current
261962,63187027760,current
261962,63187027790,current
261962,63187081630,current
261962,63187081660,current
261962,63187081690,current
261962,63629125301,current
261962,63629125302,current
261962,65841065801,current
261962,65841065805,current
261962,65841065806,current
261962,65841065816,current
261962,65841065830,current
261962,65862047701,current
261962,65862047705,current
261962,65862047710,current
261962,65862047730,current
261962,65862047799,current
261962,68001043100,current
261962,68001043103,current
261962,68071397103,current
261962,68084026801,current
261962,68084026811,current
261962,68180059101,current
261962,68180059102,current
261962,68180059109,current
261962,68180059110,current
261962,68382014701,current
261962,68382014705,current
261962,68382014706,current
261962,68382014716,current
261962,68382014730,current
261962,68382014777,current
261962,70518303800,current
261962,71205002930,current
261962,71205002960,current
261962,71205002990,current
261962,71335089401,current
261962,71335089402,current
261962,71335089403,current
261962,71335089404,current
261962,71335089405,current
261962,71335089406,current
261962,76282067301,current
261962,76282067305,current
284215,00527138302,current
284215,00713525601,current
284215,00781211301,current
284215,00781211317,current
284215,00904719461,current
284215,33358008920,current
284215,33358008930,current
284215,42571025201,current
284215,42571025205,current
284215,42571025210,current
284215,50090096700,current
284215,50090096701,current
284215,50090096702,current
284215,50090096703,current
284215,50090096704,current
284215,50090250200,current
284215,50090250201,current
284215,50090250202,current
284215,50090250203,current
284215,50090250204,current
284215,50090324201,current
284215,50090324203,current
284215,50090324204,current
284215,50090390700,current
284215,50090390701,current
284215,50090390702,current
284215,50090390703,current
284215,50090390704,current
284215,50090390705,current
284215,50090457500,current
284215,50090457501,current
284215,50090457502,current
284215,50090457503,current
284215,50090457504,current
284215,50090735400,current
284215,50090735401,current
284215,50090735402,current
284215,50090735403,current
284215,50090735404,current
284215,50090735405,current
284215,50090765900,current
284215,50090766900,current
284215,50268018511,current
284215,50268018515,current
284215,50436314801,current
284215,50436314802,current
284215,51655031751,current
284215,51655031752,current
284215,51655053024,current
284215,52959078404,current
284215,52959078416,current
284215,52959078421,current
284215,52959078428,current
284215,52959078430,current
284215,52959078440,current
284215,52959078445,current
284215,55289089001,current
284215,55289089090,current
284215,55700015521,current
284215,55700015528,current
284215,55700015530,current
284215,55700015540,current
284215,55700076121,current
284215,55700076130,current
284215,55700076140,current
284215,55887037806,current
284215,55887037815,current
284215,55887037840,current
284215,55887037842,current
284215,59762501001,current
284215,59762501002,current
284215,60760048410,current
284215,60760048420,current
284215,60760048430,current
284215,60760069310,current
284215,60760082710,current
284215,60760082730,current
284215,61919044120,current
284215,61919044128,current
284215,61919044130,current
284215,61919044140,current
284215,61919082921,current
284215,61919082930,current
284215,61919082940,current
284215,62135076601,current
284215,63187012720,current
284215,63187012721,current
284215,63187012728,current
284215,63187012730,current
284215,63187012740,current
284215,63187012760,current
284215,63187012790,current
284215,63187014120,current
284215,63187014121,current
284215,63187014128,current
284215,63187014130,current
284215,63187014140,current
284215,63187014144,current
284215,63187014160,current
284215,63187055621,current
284215,63187055628,current
284215,63187055630,current
284215,63187055640,current
284215,63304069301,current
284215,63304069303,current
284215,63304069305,current
284215,63304069311,current
284215,63304069316,current
284215,63304069362,current
284215,63304069377,current
284215,63629292401,current
284215,63629292402,current
284215,63629292403,current
284215,63629292404,current
284215,63629292405,current
284215,63629292406,current
284215,63629292407,current
284215,63629292408,current
284215,65862018601,current
284215,65862018605,current
284215,65862018616,current
284215,67046207303,current
284215,67296094001,current
284215,67296094002,current
284215,67296094003,current
284215,67296094004,current
284215,67296174902,current
284215,67296174903,current
284215,67296174904,current
284215,67296174907,current
284215,67296214901,current
284215,67296214902,current
284215,67296214903,current
284215,67296214904,current
284215,67544077528,current
284215,68071039806,current
284215,68071039814,current
284215,68071039820,current
284215,68071039830,current
284215,68071039840,current
284215,68071039845,current
284215,68071039890,current
284215,68071234609,current
284215,68071357701,current
284215,68071357702,current
284215,68071357703,current
284215,68071357704,current
284215,68071357707,current
284215,68071398309,current
284215,68071425701,current
284215,68071425702,current
284215,68071425703,current
284215,68071425704,current
284215,68071425707,current
284215,68071425708,current
284215,68071425709,current
284215,68071517402,current
284215,68084024401,current
284215,68084024411,current
284215,68387011730,current
284215,68462014401,current
284215,68462014481,current
284215,68462052240,current
284215,68462052281,current
284215,68788821901,current
284215,68788821902,current
284215,68788821903,current
284215,68788821904,current
284215,68788821905,current
284215,68788821906,current
284215,68788821908,current
284215,68788868501,current
284215,68788868502,current
284215,68788868503,current
284215,68788868504,current
284215,68788868505,current
284215,68788868506,current
284215,68788868508,current
284215,69043001601,current
284215,69238212103,current
284215,69238212104,current
284215,70518215300,current
284215,70518215301,current
284215,70518215302,current
284215,70518215303,current
284215,70518215304,current
284215,70518215305,current
284215,70518215306,current
284215,70518215307,current
284215,70518377200,current
284215,70518377201,current
284215,70518377202,current
284215,70518377203,current
284215,70518377204,current
284215,70518377205,current
284215,70934004830,current
284215,70934004840,current
284215,71205044420,current
284215,71205044421,current
284215,71205044428,current
284215,71205044430,current
284215,71205044440,current
284215,71205044460,current
284215,71205044490,current
284215,71335032000,current
284215,71335032001,current
284215,71335032002,current
284215,71335032003,current
284215,71335032004,current
284215,71335032005,current
284215,71335032006,current
284215,71335032007,current
284215,71335032008,current
284215,71335032009,current
284215,71335117101,current
284215,71335141200,current
284215,71335141201,current
284215,71335141202,current
284215,71335141203,current
284215,71335141204,current
284215,71335141205,current
284215,71335141206,current
284215,71335141207,current
284215,71335141208,current
284215,71335141209,current
284215,71335243200,current
284215,71335243201,current
284215,71335243202,current
284215,71335243203,current
284215,71335243204,current
284215,71335243205,current
284215,71335243206,current
284215,71335243207,current
284215,71335243208,current
284215,71335243209,current
284215,71335267701,current
284215,72189018921,current
284215,72189018928,current
284215,72189018930,current
284215,72189018940,current
284215,72789016709,current
284215,72789016720,current
284215,72789016721,current
284215,72789016730,current
284215,72789016740,current
284215,72789020709,current
284215,72789020720,current
284215,72789020721,current
284215,72789020730,current
284215,72789020740,current
284215,76420020201,current
284215,76420020212,current
284215,76420020220,current
284215,76420020230,current
284215,76420020260,current
284215,76420020290,current
284215,76420061401,current
284215,76420061412,current
284215,76420061420,current
284215,76420061421,current
284215,76420061430,current
284215,76420061460,current
284215,76420061490,current
284215,80425010301,current
284215,80425014501,current
284215,80425014502,current
284215,80425014503,current
284215,80425041601,current
284215,80425041602,current
284215,80425041603,current
284215,82804027821,current
284215,82804027830,current
284215,83939001901,current
284215,83939001902,current
284215,83939001903,current
284215,85534008800,current
284215,85534008801,current
284215,85534008802,current
284215,85534008803,current
284215,85534008804,current
284215,85534008805,current
284215,85766002801,current
284215,85766002812,current
284215,85766002816,current
284215,85766002820,current
284215,85766002830,current
284215,85766002860,current
284215,85766002890,current
284988,13411019302,current
284988,13411019303,current
284988,13411019306,current
284988,13411019309,current
284988,13411019310,current
284988,65862031330,current
308136,00378520805,current
308136,00378520877,current
308136,00440509600,current
308136,00480008305,current
308136,00480008398,current
308136,00615842905,current
308136,00615842930,current
308136,00615842939,current
308136,00615864705,current
308136,00615864739,current
308136,00904636961,current
308136,10135052403,current
308136,10135052405,current
308136,10135052410,current
308136,10135052490,current
308136,10135075910,current
308136,10135075990,current
308136,24658019010,current
308136,24658019090,current
308136,29300024105,current
308136,29300024110,current
308136,29300024119,current
308136,29300039605,current
308136,29300039610,current
308136,29300039619,current
308136,31722023710,current
308136,31722023790,current
308136,42291002510,current
308136,42582031309,current
308136,42582031318,current
308136,42582031320,current
308136,42806005505,current
308136,42806005509,current
308136,42806005510,current
308136,43063076430,current
308136,43489010201,current
308136,43489010210,current
308136,43547023009,current
308136,43547023011,current
308136,48433015501,current
308136,48433015520,current
308136,50090162700,current
308136,50090162701,current
308136,50090162702,current
308136,50090162703,current
308136,50090685300,current
308136,50090795501,current
308136,50090795502,current
308136,50090795600,current
308136,52605004110,current
308136,52605004119,current
308136,52959091030,current
308136,52959091090,current
308136,55111026979,current
308136,55154809300,current
308136,57664005513,current
308136,57664005518,current
308136,57664005599,current
308136,59762152002,current
308136,59762224203,current
308136,59762224209,current
308136,61919075390,current
308136,63187078310,current
308136,63187078330,current
308136,63187078360,current
308136,63187078390,current
308136,63629102302,current
308136,63629102303,current
308136,63629102305,current
308136,63629102306,current
308136,63629102308,current
308136,63629367801,current
308136,63629367802,current
308136,63629367803,current
308136,64679042102,current
308136,65162000650,current
308136,65841062001,current
308136,65841062005,current
308136,65841062016,current
308136,65841062077,current
308136,65862010105,current
308136,65862010130,current
308136,65862010190,current
308136,65862010199,current
308136,67046032803,current
308136,67877019705,current
308136,67877019710,current
308136,67877019738,current
308136,67877019790,current
308136,67877090005,current
308136,67877090010,current
308136,67877090090,current
308136,68071080330,current
308136,68084023701,current
308136,68084023711,current
308136,68084025801,current
308136,68084025811,current
308136,68180023301,current
308136,68180023302,current
308136,68180071909,current
308136,68180075009,current
308136,68382012101,current
308136,68382012105,current
308136,68382012116,current
308136,68382012177,current
308136,68788408201,current
308136,68788408203,current
308136,68788408206,current
308136,68788408209,current
308136,68788826301,current
308136,68788826303,current
308136,68788826306,current
308136,68788826309,current
308136,69097012605,current
308136,69097012615,current
308136,69097083605,current
308136,69097083615,current
308136,69150011301,current
308136,69150011310,current
308136,69584002109,current
308136,69584002150,current
308136,69584002190,current
308136,70518197100,current
308136,70518197101,current
308136,70518197102,current
308136,70518462900,current
308136,70518462901,current
308136,70518462902,current
308136,71093014603,current
308136,71093014605,current
308136,71335083301,current
308136,71335083302,current
308136,71335083303,current
308136,71335083304,current
308136,71335083305,current
308136,71335083306,current
308136,71335083307,current
308136,71335089001,current
308136,71335089002,current
308136,71335089003,current
308136,71335089004,current
308136,71335089005,current
308136,71335089006,current
308136,71335089007,current
308136,71335089008,current
308136,71335312601,current
308136,71335312602,current
308136,71335312603,current
308136,71335312604,current
308136,71335312605,current
308136,71335312606,current
308136,71335312607,current
308136,71335312608,current
308136,71610073215,current
308136,71610073230,current
308136,71610073245,current
308136,71610073253,current
308136,71610073260,current
308136,71610080260,current
308136,72189016290,current
308136,72789008230,current
308136,72789026030,current
308136,72789026060,current
308136,72789026090,current
308136,72789026095,current
308136,72789051430,current
308136,72789051490,current
308136,72789051495,current
308136,76282023705,current
308136,76282023710,current
308136,76282023790,current
308136,76282050705,current
308136,76282050710,current
308136,76282050790,current
308136,82009002610,current
308136,82009002690,current
308136,82804029730,current
308136,82804096900,current
308136,82804096911,current
308136,82804096930,current
308136,82804096955,current
308136,82804096960,current
308136,82804096972,current
308136,82804096990,current
308182,00093310701,current
308182,00093310705,current
308182,00143993801,current
308182,00143993805,current
308182,00781202001,current
308182,00781202005,current
308182,00781202031,current
308182,00781202076,current
308182,16714029801,current
308182,16714029802,current
308182,33358002510,current
308182,33358002520,current
308182,33358002530,current
308182,42571023301,current
308182,42571023305,current
308182,42571023310,current
308182,42571023330,current
308182,42582021310,current
308182,42582021318,current
308182,43063057404,current
308182,43063057406,current
308182,43063057415,current
308182,43063057421,current
308182,43063057430,current
308182,43598022501,current
308182,43598022505,current
308182,50090028800,current
308182,50090182600,current
308182,50090182601,current
308182,50436721803,current
308182,52959001120,current
308182,52959001121,current
308182,52959001124,current
308182,52959001130,current
308182,52959001140,current
308182,52959001160,current
308182,55289001906,current
308182,55289001915,current
308182,55289001921,current
308182,55289001924,current
308182,55289001930,current
308182,55289001940,current
308182,55289001960,current
308182,55700056030,current
308182,57237003001,current
308182,57237003005,current
308182,58864002830,current
308182,60687077601,current
308182,60687077611,current
308182,62135082401,current
308182,62135082405,current
308182,62645010110,current
308182,62645010150,current
308182,63187059120,current
308182,63187059121,current
308182,63187059128,current
308182,63187059130,current
308182,63187059140,current
308182,63629125701,current
308182,63629422601,current
308182,63629551201,current
308182,63629763301,current
308182,65862001601,current
308182,65862001605,current
308182,65862001620,current
308182,65862001630,current
308182,65862001650,current
308182,66267002115,current
308182,66267002121,current
308182,66267002130,current
308182,66336065530,current
308182,67046012703,current
308182,67296000201,current
308182,67296000202,current
308182,67296189402,current
308182,68071323503,current
308182,68071323504,current
308182,68071474103,current
308182,68071474104,current
308182,68071494403,current
308182,68071495304,current
308182,68071501904,current
308182,68071528803,current
308182,68788824002,current
308182,68788824003,current
308182,68999082401,current
308182,69543010310,current
308182,69543010350,current
308182,70518218800,current
308182,70882011330,current
308182,70934008730,current
308182,70934015494,current
308182,70934040721,current
308182,72508022501,current
308182,72508022505,current
308182,72789007404,current
308182,72789007406,current
308182,72789007430,current
308182,72789007701,current
308182,72789007782,current
308182,76420083201,current
308182,76420083205,current
308182,76420083220,current
308182,76420083230,current
308182,76420083250,current
308182,81964022501,current
308182,81964022505,current
308182,82868007230,current
308192,00093226301,current
308192,00781506001,current
308192,00781506020,current
308192,43598022401,current
308192,50090070900,current
308192,50090182500,current
308192,57237002801,current
308192,57237002820,current
308192,60687079825,current
308192,60687079895,current
308192,65862001401,current
308192,65862001405,current
308192,65862001420,current
308192,66336029330,current
308192,68071291101,current
308192,68071367502,current
308192,68071387202,current
308192,68071389001,current
308192,70518388600,current
308192,70518388601,current
308192,70934014730,current
308192,76420083801,current
308192,76420083820,current
308429,00121088805,current
308429,00121088818,current
308429,00121088842,current
308429,00121089818,current
308429,00121089842,current
308429,00121095608,current
308429,00121101605,current
308429,00121101618,current
308429,00121101642,current
308429,00121179610,current
308429,00121179620,current
308429,00904706425,current
308429,00904706441,current
308429,00904706453,current
308429,00904745925,current
308429,00904745941,current
308429,00904745953,current
308429,10702022321,current
308429,16714090001,current
308429,17856063101,current
308429,17856063102,current
308429,17856863101,current
308429,31722062921,current
308429,42239000108,current
308429,42239000117,current
308429,42239000166,current
308429,50268008611,current
308429,50268008612,current
308429,50268011911,current
308429,50268011912,current
308429,51407064287,current
308429,60687053436,current
308429,60687053440,current
308429,60687053446,current
308429,60687053452,current
308429,60687053478,current
308429,62135052809,current
308429,62135052824,current
308429,62135052845,current
308429,63739020301,current
308429,63739020302,current
308429,63739020303,current
308429,65162069388,current
308429,66689006201,current
308429,66689006218,current
308429,66689006242,current
308429,66993006272,current
308429,68180028201,current
308429,68462042105,current
308429,68462042121,current
308429,68462042169,current
308429,68999052824,current
308429,68999052845,current
308429,69452025287,current
308429,70166048805,current
308429,70166048810,current
308429,70748029901,current
308429,72603024801,current
308429,73141010405,current
308429,73141010442,current
308429,73190009821,current
308429,81033010405,current
308429,81033010422,current
308429,81033010442,current
308429,81033010450,current
308429,81033010505,current
308429,81033010522,current
308429,81033010542,current
308460,00378153356,current
308460,00527237032,current
308460,00781577669,current
308460,00781808931,current
308460,00781808969,current
308460,00904601010,current
308460,00904735006,current
308460,00904735061,current
308460,16571069503,current
308460,42291008206,current
308460,42291008230,current
308460,43063072802,current
308460,43063072804,current
308460,46708005730,current
308460,50090321300,current
308460,50090338501,current
308460,50090452700,current
308460,50090460100,current
308460,50090460101,current
308460,50090472101,current
308460,50090472102,current
308460,50090643600,current
308460,50090755000,current
308460,50090801201,current
308460,50111078710,current
308460,50262009811,current
308460,50262009815,current
308460,50268007411,current
308460,50268007413,current
308460,50268007415,current
308460,50268009811,current
308460,50436078701,current
308460,50436435601,current
308460,51079004020,current
308460,51079059120,current
308460,51224002230,current
308460,51224002250,current
308460,51224002260,current
308460,55045344206,current
308460,55154337400,current
308460,55289096404,current
308460,55289096414,current
308460,55648096104,current
308460,55700070506,current
308460,59762219807,current
308460,59762306002,current
308460,59762306003,current
308460,60505258103,current
308460,60505258105,current
308460,60687028201,current
308460,60687074201,current
308460,60687074211,current
308460,60687074265,current
308460,62332025130,current
308460,62332025171,current
308460,62332025191,current
308460,62980096104,current
308460,62980096109,current
308460,64679096101,current
308460,64980072703,current
308460,65862064101,current
308460,65862064105,current
308460,65862064130,current
308460,65862064150,current
308460,66105067001,current
308460,66105067003,current
308460,66105067005,current
308460,66105067006,current
308460,66105067018,current
308460,67046050803,current
308460,67046150203,current
308460,68071039204,current
308460,68071226604,current
308460,68071371504,current
308460,68071481202,current
308460,68071481204,current
308460,68071490206,current
308460,68084027801,current
308460,68084027811,current
308460,68084044311,current
308460,68084044365,current
308460,68094090030,current
308460,68094090050,current
308460,68180016006,current
308460,68180086106,current
308460,69452017113,current
308460,70518078400,current
308460,70518078401,current
308460,70518078402,current
308460,70518078403,current
308460,70518243300,current
308460,70518243301,current
308460,70518243302,current
308460,70518243303,current
308460,70518243304,current
308460,70518243305,current
308460,70518435600,current
308460,71093017401,current
308460,71205002106,current
308460,71205015803,current
308460,71205015806,current
308460,71205015830,current
308460,71205015866,current
308460,71610000130,current
308460,71610000187,current
308460,72162266802,current
308460,72162266803,current
308460,72189008706,current
308460,72189008710,current
308460,72789008102,current
308460,72789008104,current
308460,72789017030,current
308460,72789048302,current
308460,72789048304,current
308971,00078050883,current
309043,00093108701,current
309043,63629305701,current
309045,00143998501,current
309045,33358006520,current
309045,33358006530,current
309045,52959036700,current
309045,52959036714,current
309045,52959036715,current
309045,52959036720,current
309045,52959036721,current
309045,52959036730,current
309045,52959036740,current
309045,55289074930,current
309045,55887083730,current
309045,61442017101,current
309045,61442017105,current
309045,61442017130,current
309045,66267026230,current
309078,00781543901,current
309078,00781543920,current
309078,11695704101,current
309078,11695704102,current
309078,16714021202,current
309078,16714039501,current
309078,33358006820,current
309078,42043012120,current
309078,51407008420,current
309078,55289039302,current
309078,63304052101,current
309078,63304052120,current
309078,65862009601,current
309078,65862009620,current
309078,65862009625,current
309078,65862009699,current
309078,67877056001,current
309078,67877056005,current
309078,67877056020,current
309078,67877087901,current
309078,67877087905,current
309078,67877087920,current
309078,68071344102,current
309078,68258930002,current
309078,69043000701,current
309078,69043000725,current
309078,69292051201,current
309078,69292051601,current
309078,69292051650,current
309078,70518467600,current
309078,70518467601,current
309078,86101003471,current
309078,86101003476,current
309097,00904754210,current
309097,16714040001,current
309097,16714040002,current
309097,42043023006,current
309097,42043023020,current
309097,43063058420,current
309097,43063062314,current
309097,43063062320,current
309097,43063065614,current
309097,43063065620,current
309097,43063065720,current
309097,43063065760,current
309097,50090078100,current
309097,50090078103,current
309097,50090078200,current
309097,50090078201,current
309097,50090215800,current
309097,50090215803,current
309097,50090215900,current
309097,50090215901,current
309097,50090699900,current
309097,50090699901,current
309097,50090709500,current
309097,50090709503,current
309097,50090766700,current
309097,50090766701,current
309097,51407033320,current
309097,51407033360,current
309097,52343006220,current
309097,52343006260,current
309097,55289038504,current
309097,55289038530,current
309097,55887065214,current
309097,57237005820,current
309097,57237005860,current
309097,60505120200,current
309097,60505120203,current
309097,60505268102,current
309097,60505268106,current
309097,60687027211,current
309097,60687027294,current
309097,61919014520,current
309097,61919074720,current
309097,63187099120,current
309097,63187099160,current
309097,63304075120,current
309097,63304075160,current
309097,63629944601,current
309097,63629944701,current
309097,64679092101,current
309097,64679092102,current
309097,65862003420,current
309097,65862003460,current
309097,65862069920,current
309097,65862069960,current
309097,67046130703,current
309097,67296226504,current
309097,67877021501,current
309097,67877021520,current
309097,67877021560,current
309097,67877021584,current
309097,68071494702,current
309097,68180030220,current
309097,68180030260,current
309309,00143992801,current
309309,00143992805,current
309309,00143992830,current
309309,00182272136,current
309309,00378132301,current
309309,00378709801,current
309309,00440729120,current
309309,00555069502,current
309309,00615854610,current
309309,00615854614,current
309309,00615854620,current
309309,00615863010,current
309309,00615863014,current
309309,00615863020,current
309309,00904708361,current
309309,00904708395,current
309309,00904724361,current
309309,00904724395,current
309309,10135047501,current
309309,10135047505,current
309309,10135047513,current
309309,10135047547,current
309309,13107007701,current
309309,16252051501,current
309309,16571041210,current
309309,16571041250,current
309309,16714065202,current
309309,16714065204,current
309309,24658025001,current
309309,24658025005,current
309309,24658025011,current
309309,24658025020,current
309309,33261016414,current
309309,33358008101,current
309309,33358008106,current
309309,33358008110,current
309309,33358008114,current
309309,33358008120,current
309309,33358008128,current
309309,33358008130,current
309309,33358008160,current
309309,35356084606,current
309309,35356084610,current
309309,35356084614,current
309309,35356084620,current
309309,35356084630,current
309309,42708008814,current
309309,42708018814,current
309309,42708019214,current
309309,43063042703,current
309309,43063042704,current
309309,43063042706,current
309309,43063042710,current
309309,43063042714,current
309309,43063042720,current
309309,43063042728,current
309309,43063042730,current
309309,43063042779,current
309309,43063054701,current
309309,43063054702,current
309309,43063054703,current
309309,43063054704,current
309309,43063054706,current
309309,43063054710,current
309309,43063054714,current
309309,43063054720,current
309309,43063054728,current
309309,43063054730,current
309309,43063054779,current
309309,43063054782,current
309309,43063086906,current
309309,43063086908,current
309309,43063086910,current
309309,43063086920,current
309309,43063086930,current
309309,43063092302,current
309309,43063092304,current
309309,43063092306,current
309309,43063092310,current
309309,43063092314,current
309309,43063092320,current
309309,43063092328,current
309309,43063092330,current
309309,43547068910,current
309309,43547068950,current
309309,45865047130,current
309309,45865047151,current
309309,45865047160,current
309309,45865047190,current
309309,50090164800,current
309309,50090164801,current
309309,50090164803,current
309309,50090164804,current
309309,50090164805,current
309309,50090164807,current
309309,50090164808,current
309309,50090164809,current
309309,50090164900,current
309309,50090164901,current
309309,50090313000,current
309309,50090379100,current
309309,50090379101,current
309309,50090379103,current
309309,50090379104,current
309309,50090379105,current
309309,50090379107,current
309309,50090379108,current
309309,50090379109,current
309309,50090385200,current
309309,50090537300,current
309309,50090537301,current
309309,50090537303,current
309309,50090537304,current
309309,50090537305,current
309309,50090537307,current
309309,50090537308,current
309309,50090538200,current
309309,50090538201,current
309309,50090538204,current
309309,50090538205,current
309309,50090538207,current
309309,50090548300,current
309309,50090562100,current
309309,50090562101,current
309309,50090562103,current
309309,50090562104,current
309309,50090562105,current
309309,50090562107,current
309309,50090562108,current
309309,50090562800,current
309309,50090562801,current
309309,50090562803,current
309309,50090562804,current
309309,50090562805,current
309309,50090562807,current
309309,50090562808,current
309309,50090784300,current
309309,50090784301,current
309309,50090784303,current
309309,50090784304,current
309309,50090784305,current
309309,50090784307,current
309309,50090784308,current
309309,50090784801,current
309309,50436604101,current
309309,50436604102,current
309309,51079018201,current
309309,51079018220,current
309309,51407016501,current
309309,51407016505,current
309309,51407016520,current
309309,51407016528,current
309309,51655011820,current
309309,51655021620,current
309309,51655021625,current
309309,51655021652,current
309309,51655021653,current
309309,51655021684,current
309309,51655021687,current
309309,51655049020,current
309309,51655049052,current
309309,51655049053,current
309309,51655049084,current
309309,51655049087,current
309309,52959073000,current
309309,52959073004,current
309309,52959073006,current
309309,52959073010,current
309309,52959073014,current
309309,52959073015,current
309309,52959073020,current
309309,52959073021,current
309309,52959073028,current
309309,52959073030,current
309309,52959073060,current
309309,54348066301,current
309309,54348066306,current
309309,54348066314,current
309309,55111012701,current
309309,55111012705,current
309309,55154019300,current
309309,55700060806,current
309309,55700060810,current
309309,55700060814,current
309309,55700060820,current
309309,55700060830,current
309309,55887058401,current
309309,55887058415,current
309309,55887058471,current
309309,58657067601,current
309309,58657067650,current
309309,58864083310,current
309309,58864083320,current
309309,59651086701,current
309309,59651086705,current
309309,59651086720,current
309309,59651086730,current
309309,59651086799,current
309309,59651097701,current
309309,59651097705,current
309309,59651097720,current
309309,59651097730,current
309309,59651097799,current
309309,60429004201,current
309309,60429004220,current
309309,60505130901,current
309309,60687086001,current
309309,60687086011,current
309309,60687094701,current
309309,60687094711,current
309309,60760067610,current
309309,60760067620,current
309309,60760068910,current
309309,60760068920,current
309309,60760081510,current
309309,60760081530,current
309309,61442022301,current
309309,61442022305,current
309309,61919005406,current
309309,61919005410,current
309309,61919005414,current
309309,61919005420,current
309309,61919005430,current
309309,61919005460,current
309309,61919036110,current
309309,61919036120,current
309309,62034001611,current
309309,62135030901,current
309309,62135030905,current
309309,62135030910,current
309309,62135030920,current
309309,62135030928,current
309309,63187001706,current
309309,63187001710,current
309309,63187001714,current
309309,63187001720,current
309309,63187001728,current
309309,63187001730,current
309309,63187001760,current
309309,63187001790,current
309309,63629101001,current
309309,63629101002,current
309309,63629101003,current
309309,63629101004,current
309309,63629101005,current
309309,63629101006,current
309309,63629101007,current
309309,63629101008,current
309309,63629172401,current
309309,63629172402,current
309309,63629172403,current
309309,63629172404,current
309309,63629172405,current
309309,63629172406,current
309309,63629172407,current
309309,63629172408,current
309309,63629172409,current
309309,63739055910,current
309309,65862007701,current
309309,65862007705,current
309309,65862007720,current
309309,65862007730,current
309309,65862007799,current
309309,66267071602,current
309309,66267071604,current
309309,66267071606,current
309309,66267091906,current
309309,66267091910,current
309309,66267091914,current
309309,66267091915,current
309309,66267091920,current
309309,66267091921,current
309309,66267091928,current
309309,66267091930,current
309309,66267091960,current
309309,66336090310,current
309309,66336090314,current
309309,66336090320,current
309309,67046153703,current
309309,67296184801,current
309309,67296213501,current
309309,67296213502,current
309309,67296213503,current
309309,67296213506,current
309309,67296220801,current
309309,68071226701,current
309309,68071226904,current
309309,68071238401,current
309309,68071238402,current
309309,68071238403,current
309309,68071238404,current
309309,68071238405,current
309309,68071238406,current
309309,68071238407,current
309309,68071238408,current
309309,68071238409,current
309309,68071240402,current
309309,68071240404,current
309309,68071240406,current
309309,68071361001,current
309309,68071361002,current
309309,68071361004,current
309309,68071361006,current
309309,68071361008,current
309309,68071373702,current
309309,68071373706,current
309309,68071412201,current
309309,68071412202,current
309309,68071412203,current
309309,68071412204,current
309309,68071412206,current
309309,68071412207,current
309309,68071457601,current
309309,68071457602,current
309309,68071457603,current
309309,68071457604,current
309309,68071457606,current
309309,68071462702,current
309309,68071462704,current
309309,68071462706,current
309309,68084007001,current
309309,68084007011,current
309309,68645003020,current
309309,68788786400,current
309309,68788786401,current
309309,68788786402,current
309309,68788786403,current
309309,68788786404,current
309309,68788786406,current
309309,68788786408,current
309309,68788813600,current
309309,68788813601,current
309309,68788813602,current
309309,68788813603,current
309309,68788813608,current
309309,68788869200,current
309309,68788869201,current
309309,68788869202,current
309309,68788869203,current
309309,68788869208,current
309309,68788885600,current
309309,68788885601,current
309309,68788885602,current
309309,68788885603,current
309309,68788885608,current
309309,68999030920,current
309309,68999030928,current
309309,69117000901,current
309309,69117000902,current
309309,69238243301,current
309309,69367038601,current
309309,69367038605,current
309309,70518306300,current
309309,70518306301,current
309309,70518306302,current
309309,70518306303,current
309309,70518306304,current
309309,70518306305,current
309309,70518306306,current
309309,70518421400,current
309309,70518421401,current
309309,70518421402,current
309309,70518421403,current
309309,70518422900,current
309309,70518422901,current
309309,70518422902,current
309309,70518422903,current
309309,70518422904,current
309309,70518422905,current
309309,70518422906,current
309309,70518422907,current
309309,70934004506,current
309309,70934004510,current
309309,70934004514,current
309309,70934004520,current
309309,70934004530,current
309309,70934009306,current
309309,70934009314,current
309309,70934096506,current
309309,70934096514,current
309309,70934096520,current
309309,70934096530,current
309309,70934096560,current
309309,71205064906,current
309309,71205064907,current
309309,71205064910,current
309309,71205064914,current
309309,71205064920,current
309309,71205064930,current
309309,71205064960,current
309309,71205099700,current
309309,71205099710,current
309309,71205099714,current
309309,71205099720,current
309309,71205099730,current
309309,71205099755,current
309309,71335007000,current
309309,71335007001,current
309309,71335007002,current
309309,71335007003,current
309309,71335007004,current
309309,71335007005,current
309309,71335007006,current
309309,71335007007,current
309309,71335007008,current
309309,71335007009,current
309309,71335122900,current
309309,71335122901,current
309309,71335122902,current
309309,71335122903,current
309309,71335122904,current
309309,71335122905,current
309309,71335122906,current
309309,71335122907,current
309309,71335122908,current
309309,71335122909,current
309309,71335134700,current
309309,71335134701,current
309309,71335134702,current
309309,71335134703,current
309309,71335134704,current
309309,71335134705,current
309309,71335134706,current
309309,71335134707,current
309309,71335134708,current
309309,71335134709,current
309309,71335204600,current
309309,71335204601,current
309309,71335204602,current
309309,71335204603,current
309309,71335204604,current
309309,71335204605,current
309309,71335204606,current
309309,71335204607,current
309309,71335204608,current
309309,71335204609,current
309309,71335205400,current
309309,71335205401,current
309309,71335205402,current
309309,71335205403,current
309309,71335205404,current
309309,71335205405,current
309309,71335205406,current
309309,71335205407,current
309309,71335205408,current
309309,71335205409,current
309309,71335245000,current
309309,71335245001,current
309309,71335245002,current
309309,71335245003,current
309309,71335245004,current
309309,71335245005,current
309309,71335245006,current
309309,71335245007,current
309309,71335245008,current
309309,71335245009,current
309309,71610008118,current
309309,71610008183,current
309309,71610010930,current
309309,71610015983,current
309309,72162174101,current
309309,72162174102,current
309309,72162174103,current
309309,72162174104,current
309309,72162174105,current
309309,72162174106,current
309309,72162174107,current
309309,72162174108,current
309309,72162242501,current
309309,72162242502,current
309309,72162242503,current
309309,72162242504,current
309309,72162242505,current
309309,72189011110,current
309309,72189011114,current
309309,72189011120,current
309309,72189011130,current
309309,72189024210,current
309309,72189024220,current
309309,72189030006,current
309309,72189030020,current
309309,72189062310,current
309309,72189062314,current
309309,72189062320,current
309309,72189062710,current
309309,72189062714,current
309309,72789006520,current
309309,72789010802,current
309309,72789010806,current
309309,72789010810,current
309309,72789010814,current
309309,72789010820,current
309309,72789010828,current
309309,72789010830,current
309309,72789011801,current
309309,72789011820,current
309309,72789033006,current
309309,72789033010,current
309309,72789033014,current
309309,72789033020,current
309309,72789033028,current
309309,72789036814,current
309309,72789051110,current
309309,72789051114,current
309309,72789051120,current
309309,72789051130,current
309309,72789052006,current
309309,72789057714,current
309309,72789057720,current
309309,72789057730,current
309309,76420004506,current
309309,76420004510,current
309309,76420004514,current
309309,76420004520,current
309309,76420004530,current
309309,76420092901,current
309309,76420092905,current
309309,76420092914,current
309309,76420092920,current
309309,76420092930,current
309309,76420092960,current
309309,76420092990,current
309309,80425016401,current
309309,80425016402,current
309309,80425019201,current
309309,80425019202,current
309309,80425049201,current
309309,80425049202,current
309309,80425049301,current
309309,80425049302,current
309309,82804013006,current
309309,82804013010,current
309309,82804013014,current
309309,82804013020,current
309309,82804013030,current
309309,82804026006,current
309309,82804026007,current
309309,82804026010,current
309309,82804026014,current
309309,82804026020,current
309309,82982005014,current
309309,82982005020,current
309309,83008007820,current
309309,83939000201,current
309309,83939000202,current
309309,83939000203,current
309309,85293000301,current
309309,85534004700,current
309309,85534004701,current
309309,85534004702,current
309309,85534004703,current
309309,85534004704,current
309309,85534004705,current
309309,85534004706,current
309309,85766010001,current
309309,85766010010,current
309309,85766010020,current
309309,85766010030,current
309309,85766010060,current
309309,85766010090,current
309362,00093731405,current
309362,00093731456,current
309362,00093731498,current
309362,00378362705,current
309362,00378362777,current
309362,00378362793,current
309362,00615801405,current
309362,00615801407,current
309362,00615801430,current
309362,00615801439,current
309362,00615862505,current
309362,00615862507,current
309362,00615862530,current
309362,00615862539,current
309362,00904629461,current
309362,13668014101,current
309362,13668014105,current
309362,13668014110,current
309362,13668014130,current
309362,13668014144,current
309362,13668014174,current
309362,13668014190,current
309362,16714005201,current
309362,16714005202,current
309362,16714005203,current
309362,16714005204,current
309362,16714005210,current
309362,16714005211,current
309362,16729021810,current
309362,16729021815,current
309362,16729021816,current
309362,31722075805,current
309362,31722075830,current
309362,31722075890,current
309362,31722090105,current
309362,31722090130,current
309362,31722090190,current
309362,33342006007,current
309362,33342006010,current
309362,33342006012,current
309362,33342006015,current
309362,33342006044,current
309362,42543071301,current
309362,42543071305,current
309362,42543071310,current
309362,42543071330,current
309362,42543071390,current
309362,43063037130,current
309362,43063037160,current
309362,43063037190,current
309362,43353026930,current
309362,43353026960,current
309362,43598012105,current
309362,43598012110,current
309362,43598012130,current
309362,43598012190,current
309362,47335089413,current
309362,47335089418,current
309362,47335089419,current
309362,47335089481,current
309362,47335089483,current
309362,50090130100,current
309362,50090130101,current
309362,50090208200,current
309362,50090208201,current
309362,50090259800,current
309362,50090259801,current
309362,50090491800,current
309362,50090578100,current
309362,50090578101,current
309362,50090586800,current
309362,50090656700,current
309362,50090656701,current
309362,50090656800,current
309362,50090746600,current
309362,50090746601,current
309362,50090746700,current
309362,50228012405,current
309362,50228012410,current
309362,50228012430,current
309362,50228012490,current
309362,51079055701,current
309362,51079055720,current
309362,51407003210,current
309362,51407003230,current
309362,51407003290,current
309362,52605008210,current
309362,52605008213,current
309362,54458088816,current
309362,55111019601,current
309362,55111019605,current
309362,55111019630,current
309362,55111019690,current
309362,55154214900,current
309362,55154337600,current
309362,55700057090,current
309362,60505025301,current
309362,60505025302,current
309362,60505025303,current
309362,60505025304,current
309362,60505025305,current
309362,61919000730,current
309362,61919073790,current
309362,63187036230,current
309362,63187036260,current
309362,63187036290,current
309362,63187063930,current
309362,63187063960,current
309362,63187063990,current
309362,63629472801,current
309362,63629472802,current
309362,65162041403,current
309362,65162041409,current
309362,65162041411,current
309362,65162041450,current
309362,65862035701,current
309362,65862035705,current
309362,65862035710,current
309362,65862035730,current
309362,65862035761,current
309362,65862035790,current
309362,65862035799,current
309362,67296226601,current
309362,67877027605,current
309362,67877027630,current
309362,67877027690,current
309362,68071331909,current
309362,68071402303,current
309362,68071413803,current
309362,68071527709,current
309362,68084053601,current
309362,68084053611,current
309362,68084060901,current
309362,68084060911,current
309362,68645059090,current
309362,68788770003,current
309362,68788770006,current
309362,68788770009,current
309362,69117101001,current
309362,69117101002,current
309362,69117101003,current
309362,69117101004,current
309362,69367020005,current
309362,70518189800,current
309362,70518189801,current
309362,70518189802,current
309362,70518411000,current
309362,70518411001,current
309362,70518411002,current
309362,70518411003,current
309362,70518411004,current
309362,70518437300,current
309362,70518468000,current
309362,70882011630,current
309362,71205007330,current
309362,71205007360,current
309362,71205007390,current
309362,71335008001,current
309362,71335008002,current
309362,71335008003,current
309362,71335008004,current
309362,71335008005,current
309362,71335058101,current
309362,71335058102,current
309362,71335058103,current
309362,71335058104,current
309362,71335058105,current
309362,71335075201,current
309362,71335164601,current
309362,71335164602,current
309362,71335164603,current
309362,71335164604,current
309362,71335164605,current
309362,71399750005,current
309362,71610052760,current
309362,71717010103,current
309362,71717010109,current
309362,71717010150,current
309362,72162221200,current
309362,72205019901,current
309362,72205019905,current
309362,72205019906,current
309362,72205019911,current
309362,72205019930,current
309362,72205019990,current
309362,72789046990,current
309362,76519101602,current
309362,77771012410,current
309362,77771012430,current
309362,77771012490,current
309362,82009002105,current
309362,82009002190,current
309362,82009018205,current
309362,82009018290,current
309845,00404976210,current
309845,00404984810,current
309845,00409321311,current
309845,00409321312,current
309845,00641624301,current
309845,00641624310,current
309845,00641628301,current
309845,00641628325,current
309845,69339013701,current
309845,69339013705,current
309845,69339013791,current
309845,69339013795,current
309845,71872725901,current
309845,71872726001,current
310261,00054008013,current
310261,00378500193,current
310261,00832059530,current
310261,47781010830,current
310261,50090519300,current
310261,51991000533,current
310261,51991000590,current
310261,59651051630,current
310261,59762285801,current
310261,63629205601,current
310261,68084013221,current
310261,68382038306,current
310261,69097031602,current
310261,70771137403,current
310261,71921019009,current
310261,71921019033,current
310261,72603032901,current
310325,00536100901,current
310325,00677007001,current
310325,00677007010,current
310325,00677007101,current
310325,00677007110,current
310325,00761094020,current
310325,00904759060,current
310325,00904759080,current
310325,00904759160,current
310325,00904759161,current
310325,00904759180,current
310325,00904759182,current
310325,10135016113,current
310325,10135024213,current
310325,10135024219,current
310325,10135024313,current
310325,10135024319,current
310325,10135069001,current
310325,10939095683,current
310325,10939096211,current
310325,11845014971,current
310325,11917005585,current
310325,11917005586,current
310325,11917007568,current
310325,11917007569,current
310325,11917009215,current
310325,11917009216,current
310325,16103035908,current
310325,16103035911,current
310325,16103038208,current
310325,16103038211,current
310325,20555002101,current
310325,31604001426,current
310325,31604002612,current
310325,37205041996,current
310325,37864000028,current
310325,37864000041,current
310325,37864076099,current
310325,40093010134,current
310325,40093010390,current
310325,43063099090,current
310325,49483002740,current
310325,49483006301,current
310325,49483006310,current
310325,49483006401,current
310325,49483006410,current
310325,50090255100,current
310325,50090259900,current
310325,50090654000,current
310325,50090744800,current
310325,54629011090,current
310325,54629077500,current
310325,54738096301,current
310325,54738096303,current
310325,54738096313,current
310325,55045124600,current
310325,57629010020,current
310325,57896070301,current
310325,57896070310,current
310325,57896070320,current
310325,58607011310,current
310325,60142000110,current
310325,63044016566,current
310325,63044016567,current
310325,63629175401,current
310325,63629175402,current
310325,63629175403,current
310325,63629175404,current
310325,63629175405,current
310325,63629175406,current
310325,65155070301,current
310325,66267051900,current
310325,66267051930,current
310325,66267051990,current
310325,66267051992,current
310325,68788825001,current
310325,69618002601,current
310325,71205041400,current
310325,71205062800,current
310325,71335033401,current
310325,71335033402,current
310325,71335033403,current
310325,71335033404,current
310325,71335033405,current
310325,71335033406,current
310325,71335033407,current
310325,74312041383,current
310325,84312001790,current
310325,87701040777,current
310385,00185008501,current
310385,00378422001,current
310385,00555087704,current
310385,00555087705,current
310385,00615762505,current
310385,00615762539,current
310385,00781282201,current
310385,00781282210,current
310385,00904578561,current
310385,00904734661,current
310385,12634075571,current
310385,13411017301,current
310385,13411017303,current
310385,13411017306,current
310385,13411017309,current
310385,13411017310,current
310385,16714035201,current
310385,16714072102,current
310385,16714072103,current
310385,16729020900,current
310385,16729020910,current
310385,16729020960,current
310385,17224017421,current
310385,23155002901,current
310385,23155002910,current
310385,25000014808,current
310385,25000014814,current
310385,31722090401,current
310385,31722090405,current
310385,31722090410,current
310385,33358014530,current
310385,33358014560,current
310385,35356072830,current
310385,35356072860,current
310385,35356072890,current
310385,42291039701,current
310385,42291039710,current
310385,42543072601,current
310385,42543072605,current
310385,42543072610,current
310385,42543072630,current
310385,42571038801,current
310385,42571038810,current
310385,42571038830,current
310385,42708002530,current
310385,42708018230,current
310385,42708020030,current
310385,43063000901,current
310385,43063071221,current
310385,43063071230,current
310385,43063071260,current
310385,43063071290,current
310385,45865017430,current
310385,45865017460,current
310385,45865045130,current
310385,45865045151,current
310385,45865045160,current
310385,45865045190,current
310385,46708027230,current
310385,46708027231,current
310385,46708027271,current
310385,46708027291,current
310385,49483070201,current
310385,49483070210,current
310385,50090074400,current
310385,50090074401,current
310385,50090074403,current
310385,50090074500,current
310385,50090074501,current
310385,50090074503,current
310385,50090333200,current
310385,50090335501,current
310385,50090608100,current
310385,50090608101,current
310385,50090608103,current
310385,50090657400,current
310385,50090657401,current
310385,50090657403,current
310385,50090698600,current
310385,50090722500,current
310385,50090722501,current
310385,50090722503,current
310385,50090722600,current
310385,50090795100,current
310385,50090795101,current
310385,50090795103,current
310385,50090795200,current
310385,50111064801,current
310385,50111064802,current
310385,50111064803,current
310385,50111064844,current
310385,50228011401,current
310385,50228011405,current
310385,50228011410,current
310385,50228011430,current
310385,50436092201,current
310385,51655010026,current
310385,51655010052,current
310385,51655027426,current
310385,52929073240,current
310385,52959073200,current
310385,52959073210,current
310385,52959073214,current
310385,52959073215,current
310385,52959073220,current
310385,52959073230,current
310385,52959073240,current
310385,52959073250,current
310385,52959073260,current
310385,52959073290,current
310385,55111014810,current
310385,55154263800,current
310385,55289061014,current
310385,55289061028,current
310385,55289061030,current
310385,55289061060,current
310385,55289061090,current
310385,55700017730,current
310385,55700017760,current
310385,55700060930,current
310385,55700060960,current
310385,55700060990,current
310385,58864010315,current
310385,58864010330,current
310385,58864010360,current
310385,59651089900,current
310385,59651089905,current
310385,59651089930,current
310385,59651089999,current
310385,60760031190,current
310385,61919010030,current
310385,61919010060,current
310385,61919010090,current
310385,61919086930,current
310385,61919086960,current
310385,61919086990,current
310385,62332002330,current
310385,62332002331,current
310385,62332002391,current
310385,63187006930,current
310385,63187006960,current
310385,63187006990,current
310385,63304068730,current
310385,63304068790,current
310385,63629161001,current
310385,63629161002,current
310385,63629161003,current
310385,63629161004,current
310385,63629161005,current
310385,63629161006,current
310385,63629161007,current
310385,63629161008,current
310385,63629161009,current
310385,65862019301,current
310385,65862019305,current
310385,65862019330,current
310385,65862019399,current
310385,66267048830,current
310385,66267048860,current
310385,66267048890,current
310385,67046167003,current
310385,67296189803,current
310385,68001040000,current
310385,68001040008,current
310385,68001067100,current
310385,68001067108,current
310385,68071328401,current
310385,68071328402,current
310385,68071328403,current
310385,68071328405,current
310385,68071328406,current
310385,68071328408,current
310385,68071328409,current
310385,68071403301,current
310385,68071403302,current
310385,68071403303,current
310385,68071403305,current
310385,68071403306,current
310385,68071403308,current
310385,68071403309,current
310385,68071524003,current
310385,68071524006,current
310385,68071527601,current
310385,68387012030,current
310385,68387012060,current
310385,68387012090,current
310385,68645013054,current
310385,68788790901,current
310385,68788790903,current
310385,68788790906,current
310385,68788790909,current
310385,69367023601,current
310385,69367023610,current
310385,70518041700,current
310385,70518041701,current
310385,70518041702,current
310385,70518041703,current
310385,70518135902,current
310385,70518161900,current
310385,70518161901,current
310385,70518161902,current
310385,70518442000,current
310385,70518454300,current
310385,70518454301,current
310385,70518454302,current
310385,70518457600,current
310385,70934007730,current
310385,70934014130,current
310385,70934014190,current
310385,70934083330,current
310385,71205012530,current
310385,71205012560,current
310385,71205012590,current
310385,71205017830,current
310385,71205017860,current
310385,71205017890,current
310385,71205097500,current
310385,71205097511,current
310385,71205097530,current
310385,71205097555,current
310385,71205097560,current
310385,71205097572,current
310385,71205097590,current
310385,71209004101,current
310385,71209004105,current
310385,71209004110,current
310385,71209004111,current
310385,71335092301,current
310385,71335092302,current
310385,71335092303,current
310385,71335092304,current
310385,71335092305,current
310385,71335092306,current
310385,71335092307,current
310385,71335092308,current
310385,71335092309,current
310385,71335092401,current
310385,71335092402,current
310385,71335092403,current
310385,71335092404,current
310385,71335092405,current
310385,71335092406,current
310385,71335092407,current
310385,71335092408,current
310385,71335092409,current
310385,71335202001,current
310385,71335202002,current
310385,71335202003,current
310385,71335202004,current
310385,71335202005,current
310385,71335202006,current
310385,71335202007,current
310385,71335202008,current
310385,71335202009,current
310385,71610069930,current
310385,71610069953,current
310385,71610069960,current
310385,71610069970,current
310385,71610069980,current
310385,71610069992,current
310385,72189065630,current
310385,72189065660,current
310385,72189065690,current
310385,72241000805,current
310385,72241000810,current
310385,72241000811,current
310385,72241000822,current
310385,72603048901,current
310385,72603048902,current
310385,72789054521,current
310385,72789054530,current
310385,72789054590,current
310385,76365010202,current
310385,76365010204,current
310385,76365010206,current
310385,77771011401,current
310385,77771011410,current
310385,80425031301,current
310385,80425031302,current
310385,80425031303,current
310385,82009010110,current
310385,82868009830,current
310385,82868009890,current
310385,83008004730,current
310385,83008004790,current
310385,83209072106,current
310385,83209072110,current
310385,83209072115,current
310385,83209072120,current
310385,83209072130,current
310385,83209072160,current
310385,87441003101,current
310436,00378272191,current
310436,00904710404,current
310436,10147088106,current
310436,24979072204,current
310436,51079046920,current
310436,51079085201,current
310436,51079085203,current
310436,51407090660,current
310436,55111040760,current
310436,57237004960,current
310436,60505254206,current
310436,63739099933,current
310436,65862045819,current
310436,65862045860,current
310436,65862045899,current
310436,68084072911,current
310436,68084072921,current
310436,68382017714,current
310436,70436000406,current
310436,71335276601,current
310436,71335276602,current
310798,00172208360,current
310798,00172208380,current
310798,00378360101,current
310798,00378360110,current
310798,00527141301,current
310798,00527141310,current
310798,00615845005,current
310798,00615845039,current
310798,16729018301,current
310798,16729018317,current
310798,23155000801,current
310798,23155000805,current
310798,23155000810,current
310798,23155000818,current
310798,23155004701,current
310798,23155004710,current
310798,23155013801,current
310798,23155013810,current
310798,29300012801,current
310798,29300012805,current
310798,29300012810,current
310798,29300012850,current
310798,33358016420,current
310798,33358016430,current
310798,42708002830,current
310798,42708007930,current
310798,42708016430,current
310798,43063001012,current
310798,43063001030,current
310798,43063001045,current
310798,43063001060,current
310798,43063001090,current
310798,43063001098,current
310798,43063075501,current
310798,43063075507,current
310798,43063075530,current
310798,43063075560,current
310798,43063075590,current
310798,43063075595,current
310798,43063093301,current
310798,43353024130,current
310798,43353024145,current
310798,43353024160,current
310798,43353071915,current
310798,43353071930,current
310798,43353071945,current
310798,43353071953,current
310798,43353071960,current
310798,43353071965,current
310798,43353071973,current
310798,43353071980,current
310798,43353073215,current
310798,43353073230,current
310798,43353073245,current
310798,43353073253,current
310798,43353073260,current
310798,43547039701,current
310798,43547039703,current
310798,43547039705,current
310798,43547039710,current
310798,43547039711,current
310798,43547039715,current
310798,43547039750,current
310798,50090014000,current
310798,50090014001,current
310798,50090014008,current
310798,50090014100,current
310798,50090270600,current
310798,50090272700,current
310798,50090272701,current
310798,50090272708,current
310798,50090274400,current
310798,50090505700,current
310798,50090533300,current
310798,50090601400,current
310798,50090615700,current
310798,50090615701,current
310798,50090615708,current
310798,50090615800,current
310798,50090616000,current
310798,50111088601,current
310798,50111088603,current
310798,50228011110,current
310798,50228011130,current
310798,51407033101,current
310798,51407033110,current
310798,51407033190,current
310798,51655008826,current
310798,51655008852,current
310798,51655012624,current
310798,51655027226,current
310798,51655027252,current
310798,51655051526,current
310798,51655051552,current
310798,51655083126,current
310798,51655083152,current
310798,52959013200,current
310798,52959013230,current
310798,52959013260,current
310798,53217023260,current
310798,55154148300,current
310798,55700000630,current
310798,55700000690,current
310798,55700030130,current
310798,55700030160,current
310798,55700030190,current
310798,58864025001,current
310798,58864025030,current
310798,58864025060,current
310798,58864025090,current
310798,60429021890,current
310798,60505264001,current
310798,60505264007,current
310798,60687059301,current
310798,60687059311,current
310798,60687089401,current
310798,60687089411,current
310798,60760019930,current
310798,60760019990,current
310798,60760031530,current
310798,60760031590,current
310798,61919029303,current
310798,61919029315,current
310798,61919029320,current
310798,61919029330,current
310798,61919029360,current
310798,61919029390,current
310798,62135044805,current
310798,62135044890,current
310798,63187026710,current
310798,63187036700,current
310798,63187036703,current
310798,63187036710,current
310798,63187036714,current
310798,63187036730,current
310798,63187036760,current
310798,63187036790,current
310798,63187044030,current
310798,63187044060,current
310798,63187044090,current
310798,63304091401,current
310798,63304091410,current
310798,63629121801,current
310798,63629121901,current
310798,63629140001,current
310798,63629140002,current
310798,63629140003,current
310798,63629140004,current
310798,63629140005,current
310798,63629140006,current
310798,63629140007,current
310798,63629899101,current
310798,63629899102,current
310798,63629899103,current
310798,64125013101,current
310798,64125013110,current
310798,65243003903,current
310798,65862013301,current
310798,65862013399,current
310798,66267010614,current
310798,66267010630,current
310798,66267010660,current
310798,66267010690,current
310798,66267010691,current
310798,67296204303,current
310798,67296228009,current
310798,67544036915,current
310798,67544036930,current
310798,68071241101,current
310798,68071241102,current
310798,68071241103,current
310798,68071241106,current
310798,68071241109,current
310798,68071481901,current
310798,68071493307,current
310798,68071493309,current
310798,68071496301,current
310798,68071496309,current
310798,68071521102,current
310798,68387053730,current
310798,68645051001,current
310798,68645051054,current
310798,68645051070,current
310798,68788812600,current
310798,68788812601,current
310798,68788812603,current
310798,68788812606,current
310798,68788812609,current
310798,68788851700,current
310798,68788851701,current
310798,68788851703,current
310798,68788851706,current
310798,68788851709,current
310798,69315013101,current
310798,69315013110,current
310798,69315013150,current
310798,69367012204,current
310798,69367012207,current
310798,69584036110,current
310798,69584036190,current
310798,69584036195,current
310798,70518374900,current
310798,70518411300,current
310798,70518435900,current
310798,70518435901,current
310798,70518435902,current
310798,70934007430,current
310798,70934007490,current
310798,71205041914,current
310798,71205041930,current
310798,71205041960,current
310798,71205041990,current
310798,71205079330,current
310798,71205079360,current
310798,71205079390,current
310798,71335026900,current
310798,71335026901,current
310798,71335026902,current
310798,71335026903,current
310798,71335026904,current
310798,71335026905,current
310798,71335026906,current
310798,71335026907,current
310798,71335026908,current
310798,71335026909,current
310798,71335065200,current
310798,71335065201,current
310798,71335065202,current
310798,71335065203,current
310798,71335065204,current
310798,71335065205,current
310798,71335065206,current
310798,71335065207,current
310798,71335065208,current
310798,71335065209,current
310798,71335148100,current
310798,71335148101,current
310798,71335148102,current
310798,71335148103,current
310798,71335148104,current
310798,71335148105,current
310798,71335148106,current
310798,71335148107,current
310798,71335148108,current
310798,71335148109,current
310798,71610001415,current
310798,71610001430,current
310798,71610001445,current
310798,71610001453,current
310798,71610001460,current
310798,71610026115,current
310798,71610048815,current
310798,71610048830,current
310798,71610048845,current
310798,71610048853,current
310798,71610048860,current
310798,72162135600,current
310798,72162135601,current
310798,72789029630,current
310798,72789029660,current
310798,72789029690,current
310798,72789038190,current
310798,72789051230,current
310798,72789051260,current
310798,72789051290,current
310798,76282015401,current
310798,76282015405,current
310798,76282015410,current
310798,76282015490,current
310798,82804097200,current
310798,82804097211,current
310798,82804097230,current
310798,82804097255,current
310798,82804097260,current
310798,82804097272,current
310798,82804097290,current
310798,87441003801,current
310965,00113007471,current
310965,00113007478,current
310965,00113051771,current
310965,00113051778,current
310965,00113060402,current
310965,00113060452,current
310965,00113060462,current
310965,00113060471,current
310965,00113060476,current
310965,00113060478,current
310965,00113060482,current
310965,00113060485,current
310965,00113060490,current
310965,00113060493,current
310965,00113062862,current
310965,00113062871,current
310965,00113062878,current
310965,00113064762,current
310965,00113064771,current
310965,00113064776,current
310965,00113064778,current
310965,00113064782,current
310965,00113066971,current
310965,00113099585,current
310965,00113121209,current
310965,00113121254,current
310965,00113121285,current
310965,00363029103,current
310965,00363029108,current
310965,00363029112,current
310965,00363029114,current
310965,00363029115,current
310965,00363029116,current
310965,00363029125,current
310965,00363029129,current
310965,00363029137,current
310965,00363029199,current
310965,00363029208,current
310965,00363029212,current
310965,00363029214,current
310965,00363029215,current
310965,00363029217,current
310965,00363029237,current
310965,00363029258,current
310965,00363039116,current
310965,00363039208,current
310965,00363039212,current
310965,00363039214,current
310965,00363039215,current
310965,00363039216,current
310965,00363039220,current
310965,00363039237,current
310965,00363039308,current
310965,00363039312,current
310965,00363039314,current
310965,00363039315,current
310965,00363039320,current
310965,00363039337,current
310965,00363043812,current
310965,00363043815,current
310965,00363043832,current
310965,00363043837,current
310965,00363043899,current
310965,00363060452,current
310965,00363060462,current
310965,00363060471,current
310965,00363060476,current
310965,00363060478,current
310965,00363060482,current
310965,00363070578,current
310965,00363090949,current
310965,00363091027,current
310965,00363151778,current
310965,00363438112,current
310965,00363959321,current
310965,00363959407,current
310965,00363959410,current
310965,00363960001,current
310965,00363960005,current
310965,00363960031,current
310965,00363960042,current
310965,00363960050,current
310965,00363960101,current
310965,00363960105,current
310965,00363960110,current
310965,00363960115,current
310965,00363960120,current
310965,00363960142,current
310965,00363960150,current
310965,00363960197,current
310965,00363961101,current
310965,00363961105,current
310965,00363961110,current
310965,00363961131,current
310965,00363961150,current
310965,00363961201,current
310965,00363961205,current
310965,00363961226,current
310965,00363961250,current
310965,00404001713,current
310965,00404001799,current
310965,00536108901,current
310965,00536139047,current
310965,00536139048,current
310965,00761037310,current
310965,00761037320,current
310965,00761090804,current
310965,00869363010,current
310965,00869363110,current
310965,00904674724,current
310965,00904674740,current
310965,00904674751,current
310965,00904674759,current
310965,00904674770,current
310965,00904674780,current
310965,00904791224,current
310965,00904791251,current
310965,00904791259,current
310965,00904791451,current
310965,00904791459,current
310965,00904791461,current
310965,00924007500,current
310965,00924007501,current
310965,00924007502,current
310965,00924007503,current
310965,00924007504,current
310965,00924007505,current
310965,00924007600,current
310965,00924007601,current
310965,00924007602,current
310965,00924007603,current
310965,00924007604,current
310965,00924007605,current
310965,00927007001,current
310965,00927007053,current
310965,10135014301,current
310965,10135014305,current
310965,10135016213,current
310965,10135018301,current
310965,10135018305,current
310965,10135018310,current
310965,10135018324,current
310965,10135018330,current
310965,10135029005,current
310965,10267384602,current
310965,10267385202,current
310965,10267390902,current
310965,10956067809,current
310965,10956067824,current
310965,10956067850,current
310965,10956067909,current
310965,10956067924,current
310965,10956067950,current
310965,11383006811,current
310965,11383006821,current
310965,11383006823,current
310965,11383006834,current
310965,11383006850,current
310965,11383015111,current
310965,11383015121,current
310965,11383015150,current
310965,11673018383,current
310965,11673051778,current
310965,11673060462,current
310965,11673060471,current
310965,11673060478,current
310965,11673060482,current
310965,11673060485,current
310965,11673060490,current
310965,11673060493,current
310965,11673099020,current
310965,11673099042,current
310965,11673099101,current
310965,11673099105,current
310965,11673099120,current
310965,11673099150,current
310965,11673099188,current
310965,11673099301,current
310965,11673099326,current
310965,11822003220,current
310965,11822029100,current
310965,11822029101,current
310965,11822029102,current
310965,11822029103,current
310965,11822029104,current
310965,11822029105,current
310965,11822029106,current
310965,11822029108,current
310965,11822029109,current
310965,11822029202,current
310965,11822029204,current
310965,11822029205,current
310965,11822029206,current
310965,11822029207,current
310965,11822029208,current
310965,11822030568,current
310965,11822039202,current
310965,11822039204,current
310965,11822039205,current
310965,11822039301,current
310965,11822039302,current
310965,11822039304,current
310965,11822039305,current
310965,11822079060,current
310965,11822660401,current
310965,11822660402,current
310965,11822660403,current
310965,11822660404,current
310965,11822660405,current
310965,11822660406,current
310965,11822789102,current
310965,11822789105,current
310965,11822789109,current
310965,11822789200,current
310965,11822789202,current
310965,11822789205,current
310965,11822789207,current
310965,11822789209,current
310965,11822789302,current
310965,11822789305,current
310965,11822892505,current
310965,11822892509,current
310965,11845010721,current
310965,11845010729,current
310965,11917004938,current
310965,11917005673,current
310965,12634016171,current
310965,15127031201,current
310965,15127031224,current
310965,15127031250,current
310965,15127033501,current
310965,15127033511,current
310965,15127033524,current
310965,15127033550,current
310965,15127090550,current
310965,15127090724,current
310965,15127090750,current
310965,16103039304,current
310965,16103039308,current
310965,16103039310,current
310965,16103039611,current
310965,16103040708,current
310965,21130000601,current
310965,21130000605,current
310965,21130000642,current
310965,21130000653,current
310965,21130026101,current
310965,21130026105,current
310965,21130026142,current
310965,21130026153,current
310965,21130026154,current
310965,21130026156,current
310965,21130035805,current
310965,21130035810,current
310965,21130035850,current
310965,21130035905,current
310965,21130035910,current
310965,21130039314,current
310965,21130039315,current
310965,21130039605,current
310965,21130039625,current
310965,21130081862,current
310965,21130081871,current
310965,21130081878,current
310965,21130081890,current
310965,21130087778,current
310965,21130099201,current
310965,21130099205,current
310965,21130099253,current
310965,24385005878,current
310965,24385005882,current
310965,24385005978,current
310965,24385060414,current
310965,24385060441,current
310965,24385060471,current
310965,24385060476,current
310965,24385060478,current
310965,24385060485,current
310965,24385060490,current
310965,24385064771,current
310965,24385064776,current
310965,24385064778,current
310965,25000011402,current
310965,25000011403,current
310965,25000011414,current
310965,25000011420,current
310965,25000011430,current
310965,25000011470,current
310965,25000011471,current
310965,25000011493,current
310965,25000011498,current
310965,25000011702,current
310965,25000011703,current
310965,25000011714,current
310965,25000011720,current
310965,25000011730,current
310965,25000011769,current
310965,25000011793,current
310965,25000011798,current
310965,25000013502,current
310965,25000013503,current
310965,25000013514,current
310965,25000013530,current
310965,25000013570,current
310965,25000013593,current
310965,25000013598,current
310965,25000013602,current
310965,25000013603,current
310965,25000013614,current
310965,25000013630,current
310965,25000013669,current
310965,25000013671,current
310965,25000013693,current
310965,25000013698,current
310965,29485929102,current
310965,29485929103,current
310965,29485929105,current
310965,30142016705,current
310965,30142051778,current
310965,30142060462,current
310965,30142060471,current
310965,30142060476,current
310965,30142060478,current
310965,30142060485,current
310965,30142060490,current
310965,30142060493,current
310965,30142064762,current
310965,30142064776,current
310965,30142064778,current
310965,33358018500,current
310965,33358018510,current
310965,33358018520,current
310965,33358018530,current
310965,33358018550,current
310965,33358018560,current
310965,36800007471,current
310965,36800007478,current
310965,36800018383,current
310965,36800028603,current
310965,36800029206,current
310965,36800051771,current
310965,36800051778,current
310965,36800060462,current
310965,36800060471,current
310965,36800060476,current
310965,36800060478,current
310965,36800060482,current
310965,36800060485,current
310965,36800060490,current
310965,36800064762,current
310965,36800064771,current
310965,36800064776,current
310965,36800064778,current
310965,36800064790,current
310965,36800066220,current
310965,36800066320,current
310965,36800099306,current
310965,37205060571,current
310965,37808010903,current
310965,37808010908,current
310965,37808010910,current
310965,37808039312,current
310965,37808039313,current
310965,37808041002,current
310965,37808041005,current
310965,37808060462,current
310965,37808060471,current
310965,37808060478,current
310965,37808060485,current
310965,37808064771,current
310965,37808064778,current
310965,37808064785,current
310965,37808064790,current
310965,37808070971,current
310965,37808092108,current
310965,37808092114,current
310965,37808092213,current
310965,37835058101,current
310965,37835058105,current
310965,37835058110,current
310965,37835058125,current
310965,37835058525,current
310965,41163011603,current
310965,41163031202,current
310965,41163031203,current
310965,41163031205,current
310965,41163050906,current
310965,41163050917,current
310965,41163060459,current
310965,41163060462,current
310965,41163060471,current
310965,41163060476,current
310965,41163060478,current
310965,41163060482,current
310965,41163060485,current
310965,41163060490,current
310965,41163064771,current
310965,41163064772,current
310965,41163064776,current
310965,41163064778,current
310965,41226060001,current
310965,41226060042,current
310965,41226060050,current
310965,41226060101,current
310965,41226060105,current
310965,41226060110,current
310965,41226060120,current
310965,41226060125,current
310965,41226060142,current
310965,41226060153,current
310965,41226061201,current
310965,41250060462,current
310965,41250060471,current
310965,41250060476,current
310965,41250060478,current
310965,41250060482,current
310965,41250060485,current
310965,41250060490,current
310965,41250060493,current
310965,41250064771,current
310965,41250064776,current
310965,41250064778,current
310965,41250064782,current
310965,41250064790,current
310965,41250099103,current
310965,41250099320,current
310965,41250099391,current
310965,41520049571,current
310965,41520049578,current
310965,41520060462,current
310965,41520060471,current
310965,41520060476,current
310965,41520060478,current
310965,41520060482,current
310965,41520060485,current
310965,41520060490,current
310965,41520060493,current
310965,41520064771,current
310965,41520064776,current
310965,41520064778,current
310965,41520064785,current
310965,41520064790,current
310965,42507011203,current
310965,42507011208,current
310965,42507039985,current
310965,42507060400,current
310965,42507060401,current
310965,42507060424,current
310965,42507060450,current
310965,42507060451,current
310965,42507060462,current
310965,42507060471,current
310965,42507060478,current
310965,42507060485,current
310965,42507060490,current
310965,42507064700,current
310965,42507064750,current
310965,42507064762,current
310965,42507064771,current
310965,42507064778,current
310965,42507064790,current
310965,42507086503,current
310965,42507090922,current
310965,42681002601,current
310965,42961020304,current
310965,42961020305,current
310965,42961020306,current
310965,42961020307,current
310965,42961020308,current
310965,42961020309,current
310965,43292055626,current
310965,46122022751,current
310965,46122034160,current
310965,46122054890,current
310965,47682010013,current
310965,47682010047,current
310965,47682010064,current
310965,47682010069,current
310965,47682060013,current
310965,47682060047,current
310965,47682060064,current
310965,47682060069,current
310965,47682060099,current
310965,47682060813,current
310965,47682060830,current
310965,47682060833,current
310965,47682060848,current
310965,47682060850,current
310965,47682060899,current
310965,47682060933,current
310965,47682060948,current
310965,47682061033,current
310965,47682061048,current
310965,47682061099,current
310965,47682068333,current
310965,47682068399,current
310965,47682070013,current
310965,47682070047,current
310965,47682070064,current
310965,47682070069,current
310965,47682070099,current
310965,47682070899,current
310965,47682070933,current
310965,47682070948,current
310965,47682071033,current
310965,47682071048,current
310965,47682071099,current
310965,47682071813,current
310965,47682071830,current
310965,47682071833,current
310965,47682071848,current
310965,47682071850,current
310965,47682071899,current
310965,47682078333,current
310965,47682078399,current
310965,47682080813,current
310965,47682080830,current
310965,47682080833,current
310965,47682080848,current
310965,47682080899,current
310965,49035029112,current
310965,49035043890,current
310965,49035051778,current
310965,49035055390,current
310965,49035060400,current
310965,49035060405,current
310965,49035060458,current
310965,49035060462,current
310965,49035060478,current
310965,49035060482,current
310965,49035060485,current
310965,49035060490,current
310965,49035060493,current
310965,49035064778,current
310965,49035064782,current
310965,49035064790,current
310965,49035091212,current
310965,49035091215,current
310965,49314099303,current
310965,49314100303,current
310965,49348008609,current
310965,49348019609,current
310965,49348019610,current
310965,49348019635,current
310965,49348019653,current
310965,49348019654,current
310965,49348070604,current
310965,49348070609,current
310965,49348070610,current
310965,49348070614,current
310965,49348070616,current
310965,49348070636,current
310965,49348070653,current
310965,49348070654,current
310965,49348072609,current
310965,49348072610,current
310965,49348072709,current
310965,49348072710,current
310965,49348080810,current
310965,49348080853,current
310965,49348080910,current
310965,49348080953,current
310965,49348082909,current
310965,49348092709,current
310965,49348092710,current
310965,49483011410,current
310965,49483011417,current
310965,49483011450,current
310965,49483011473,current
310965,49483060001,current
310965,49483060005,current
310965,49483060050,current
310965,49483060100,current
310965,49483060101,current
310965,49483060105,current
310965,49483060110,current
310965,49483060150,current
310965,49483061100,current
310965,49483061101,current
310965,49483061105,current
310965,49483061200,current
310965,49483061201,current
310965,49483061205,current
310965,49483061234,current
310965,49781008708,current
310965,49999007130,current
310965,49999007140,current
310965,50090032204,current
310965,50090280900,current
310965,50090502000,current
310965,50090522300,current
310965,50090522302,current
310965,50090522303,current
310965,50090522304,current
310965,50090522305,current
310965,50090522306,current
310965,50090522307,current
310965,50090522308,current
310965,50090705300,current
310965,50090705303,current
310965,50090705308,current
310965,50090724900,current
310965,50090724903,current
310965,50090724908,current
310965,50332011804,current
310965,50332011807,current
310965,50332011808,current
310965,50332015204,current
310965,50332015207,current
310965,50332015208,current
310965,50844025715,current
310965,50844029101,current
310965,50844029102,current
310965,50844029103,current
310965,50844029108,current
310965,50844029110,current
310965,50844029111,current
310965,50844029112,current
310965,50844029113,current
310965,50844029114,current
310965,50844029115,current
310965,50844029116,current
310965,50844029117,current
310965,50844029124,current
310965,50844029129,current
310965,50844029150,current
310965,50844029199,current
310965,50844029200,current
310965,50844029201,current
310965,50844029202,current
310965,50844029208,current
310965,50844029211,current
310965,50844029212,current
310965,50844029213,current
310965,50844029214,current
310965,50844029215,current
310965,50844029216,current
310965,50844035202,current
310965,50844035212,current
310965,50844035215,current
310965,50844035216,current
310965,50844035302,current
310965,50844035316,current
310965,50844039202,current
310965,50844039208,current
310965,50844039212,current
310965,50844039214,current
310965,50844039215,current
310965,50844039216,current
310965,50844039224,current
310965,50844039250,current
310965,50844039302,current
310965,50844039306,current
310965,50844039308,current
310965,50844039312,current
310965,50844039314,current
310965,50844039315,current
310965,50844039316,current
310965,50844039320,current
310965,50844039358,current
310965,50844043802,current
310965,50844043812,current
310965,50844043816,current
310965,50844092112,current
310965,50844092114,current
310965,51013031954,current
310965,51316018700,current
310965,51316018701,current
310965,51316036530,current
310965,51655035426,current
310965,51655075726,current
310965,51655075752,current
310965,51660042001,current
310965,51660042005,current
310965,51660042010,current
310965,51660042024,current
310965,51660042051,current
310965,51824006401,current
310965,52124001301,current
310965,52605011410,current
310965,52735073201,current
310965,52735073212,current
310965,52735075012,current
310965,52735075101,current
310965,52735075801,current
310965,52735075812,current
310965,52959018700,current
310965,52959018702,current
310965,52959018703,current
310965,52959018710,current
310965,52959018715,current
310965,52959018720,current
310965,52959018721,current
310965,52959018724,current
310965,52959018725,current
310965,52959018730,current
310965,52959018740,current
310965,52959018742,current
310965,52959018750,current
310965,52959018760,current
310965,52959018790,current
310965,53185038101,current
310965,53329067430,current
310965,53746013501,current
310965,53746013502,current
310965,53746013505,current
310965,53746013510,current
310965,53746013524,current
310965,53746013550,current
310965,53746014001,current
310965,53746014010,current
310965,53746014024,current
310965,53746014201,current
310965,53746014210,current
310965,53746014224,current
310965,53746014301,current
310965,53746014310,current
310965,53746014324,current
310965,53746014401,current
310965,53746014410,current
310965,53746014424,current
310965,53746045802,current
310965,53746045810,current
310965,53746046002,current
310965,53746046010,current
310965,53746046202,current
310965,53746046210,current
310965,53942011203,current
310965,53943011102,current
310965,53943011103,current
310965,53943011105,current
310965,53943011108,current
310965,53943011202,current
310965,53943011203,current
310965,53943011208,current
310965,53943029112,current
310965,53943029114,current
310965,53943029115,current
310965,53943029212,current
310965,53943029214,current
310965,53943029215,current
310965,54162094100,current
310965,54162094190,current
310965,55154066900,current
310965,55289067317,current
310965,55289067318,current
310965,55289067320,current
310965,55289067324,current
310965,55289067330,current
310965,55289067350,current
310965,55289067360,current
310965,55289067394,current
310965,55301029103,current
310965,55301029106,current
310965,55301029112,current
310965,55301029114,current
310965,55301029212,current
310965,55301029215,current
310965,55301039215,current
310965,55301039306,current
310965,55301039315,current
310965,55305013301,current
310965,55305013302,current
310965,55305013303,current
310965,55305013304,current
310965,55305013305,current
310965,55319013605,current
310965,55319013624,current
310965,55319013702,current
310965,55319013710,current
310965,55319013750,current
310965,55319025205,current
310965,55319025210,current
310965,55319025224,current
310965,55319025225,current
310965,55319025250,current
310965,55319036625,current
310965,55319089312,current
310965,55681040103,current
310965,55887096120,current
310965,55887096198,current
310965,55887096199,current
310965,55910060462,current
310965,55910060471,current
310965,55910060476,current
310965,55910060478,current
310965,55910060482,current
310965,55910060485,current
310965,55910060490,current
310965,55910060493,current
310965,55910064771,current
310965,55910064778,current
310965,55910075871,current
310965,55910075878,current
310965,55910075885,current
310965,55910076824,current
310965,55910079108,current
310965,55910079196,current
310965,55910084702,current
310965,55910084710,current
310965,55910090142,current
310965,56062051771,current
310965,56062051778,current
310965,56062060471,current
310965,56062060478,current
310965,56062060485,current
310965,56062060490,current
310965,56062064771,current
310965,56062064778,current
310965,56062064785,current
310965,57243029115,current
310965,57344010902,current
310965,57344010903,current
310965,57344010905,current
310965,57344011001,current
310965,57344030903,current
310965,57344030915,current
310965,57344081103,current
310965,57896054001,current
310965,57896094101,current
310965,57896094105,current
310965,57896094110,current
310965,57896094120,current
310965,57896094125,current
310965,57896094150,current
310965,58228618501,current
310965,58602070801,current
310965,58602070802,current
310965,58602070803,current
310965,58602070804,current
310965,58602070805,current
310965,58602070806,current
310965,58602070807,current
310965,58602070808,current
310965,58602070809,current
310965,58602070815,current
310965,58602070817,current
310965,58602070836,current
310965,58602070840,current
310965,58602070841,current
310965,58602070849,current
310965,58602070852,current
310965,58602070853,current
310965,58602070873,current
310965,58602070875,current
310965,58602070879,current
310965,58602070883,current
310965,58602070887,current
310965,58602071301,current
310965,58602071302,current
310965,58602071303,current
310965,58602071305,current
310965,58602071306,current
310965,58602071307,current
310965,58602071308,current
310965,58602071309,current
310965,58602071310,current
310965,58602071315,current
310965,58602071334,current
310965,58602071336,current
310965,58602071340,current
310965,58602071341,current
310965,58602071345,current
310965,58602071348,current
310965,58602071349,current
310965,58602071352,current
310965,58602071353,current
310965,58602071356,current
310965,58602071357,current
310965,58602071358,current
310965,58602071359,current
310965,58602071363,current
310965,58602071371,current
310965,58602071373,current
310965,58602071375,current
310965,58602071383,current
310965,58602071386,current
310965,58602071387,current
310965,58602080107,current
310965,58602080112,current
310965,58602080114,current
310965,58602080115,current
310965,58602080119,current
310965,58602080121,current
310965,58602080129,current
310965,58602080134,current
310965,58602080135,current
310965,58602080136,current
310965,58602080138,current
310965,58602080140,current
310965,58602080141,current
310965,58602080159,current
310965,58602080187,current
310965,58602080188,current
310965,58602080207,current
310965,58602080214,current
310965,58602080221,current
310965,58602080229,current
310965,58602080234,current
310965,58602080238,current
310965,59556085506,current
310965,59556085507,current
310965,59556085508,current
310965,59556085525,current
310965,59556085541,current
310965,59556085542,current
310965,59556085544,current
310965,59556085546,current
310965,59556085606,current
310965,59556085607,current
310965,59556085608,current
310965,59556085625,current
310965,59556085641,current
310965,59556085642,current
310965,59556085644,current
310965,59556085646,current
310965,59556085742,current
310965,59556085743,current
310965,59556085842,current
310965,59556085843,current
310965,59726013950,current
310965,59779007478,current
310965,59779029103,current
310965,59779029105,current
310965,59779029110,current
310965,59779029112,current
310965,59779029113,current
310965,59779029115,current
310965,59779029129,current
310965,59779029158,current
310965,59779029190,current
310965,59779029196,current
310965,59779029198,current
310965,59779029212,current
310965,59779029215,current
310965,59779039208,current
310965,59779039214,current
310965,59779039215,current
310965,59779039315,current
310965,59779043812,current
310965,59779043813,current
310965,59779043815,current
310965,59779051771,current
310965,59779051778,current
310965,59779060400,current
310965,59779060402,current
310965,59779060447,current
310965,59779060462,current
310965,59779060471,current
310965,59779060476,current
310965,59779060478,current
310965,59779060482,current
310965,59779060487,current
310965,59779060490,current
310965,59779060493,current
310965,59779064762,current
310965,59779064771,current
310965,59779064778,current
310965,59779064782,current
310965,59779064785,current
310965,59779064790,current
310965,59779064793,current
310965,60760052924,current
310965,60760094124,current
310965,61245008413,current
310965,61245008513,current
310965,61504010903,current
310965,61504010905,current
310965,61504011003,current
310965,61919012330,current
310965,61919012360,current
310965,62011001401,current
310965,62011001402,current
310965,62011001403,current
310965,62011001407,current
310965,62011001501,current
310965,62011001502,current
310965,62011001503,current
310965,62011022201,current
310965,62011022202,current
310965,62207032041,current
310965,62207032042,current
310965,62207032043,current
310965,62207032046,current
310965,62207032047,current
310965,62207032048,current
310965,62207032049,current
310965,62207032089,current
310965,62207032090,current
310965,62207032091,current
310965,62207032141,current
310965,62207032142,current
310965,62207032143,current
310965,62207032146,current
310965,62207032147,current
310965,62207032148,current
310965,62207032149,current
310965,62207032189,current
310965,62207032190,current
310965,62207032191,current
310965,62207036541,current
310965,62207036542,current
310965,62207036543,current
310965,62207036546,current
310965,62207036547,current
310965,62207036548,current
310965,62207036549,current
310965,62207036551,current
310965,62207036641,current
310965,62207036642,current
310965,62207036643,current
310965,62207036646,current
310965,62207036647,current
310965,62207036648,current
310965,62207036649,current
310965,62207036651,current
310965,62207039541,current
310965,62207039542,current
310965,62207039543,current
310965,62207039546,current
310965,62207039547,current
310965,62207039548,current
310965,62207039549,current
310965,62207039551,current
310965,62207039641,current
310965,62207039642,current
310965,62207039643,current
310965,62207039646,current
310965,62207039647,current
310965,62207039648,current
310965,62207039649,current
310965,62207039651,current
310965,62936094101,current
310965,62936094105,current
310965,63548018501,current
310965,63548018502,current
310965,63548018503,current
310965,63548023401,current
310965,63548023402,current
310965,63548023403,current
310965,63629146700,current
310965,63629146701,current
310965,63629146702,current
310965,63629146703,current
310965,63629146704,current
310965,63629146705,current
310965,63629146706,current
310965,63629146707,current
310965,63629146708,current
310965,63629146709,current
310965,63868026825,current
310965,63868034110,current
310965,63868034124,current
310965,63868034150,current
310965,63868057001,current
310965,63868057050,current
310965,63868057101,current
310965,63868057150,current
310965,63868077305,current
310965,63868077310,current
310965,63868077324,current
310965,63868077350,current
310965,63868079050,current
310965,63868079150,current
310965,63868079401,current
310965,63868097910,current
310965,63868097924,current
310965,63868097950,current
310965,63941010901,current
310965,63941010902,current
310965,63941010903,current
310965,63941010905,current
310965,63941010908,current
310965,63941010910,current
310965,63941011102,current
310965,63941020905,current
310965,63941021001,current
310965,63941021002,current
310965,63941021003,current
310965,63941021010,current
310965,63941030102,current
310965,63981029103,current
310965,63981029114,current
310965,63981039303,current
310965,63981039314,current
310965,63981051790,current
310965,63981060452,current
310965,63981060490,current
310965,66267011520,current
310965,66267011524,current
310965,66267011530,current
310965,66267011540,current
310965,66267011550,current
310965,66267011590,current
310965,66424039310,current
310965,66424039610,current
310965,66424099510,current
310965,66424099610,current
310965,66715550704,current
310965,66715553903,current
310965,66715560704,current
310965,66715630704,current
310965,66715633903,current
310965,66715640704,current
310965,66715672004,current
310965,66715673908,current
310965,66715683904,current
310965,66715692004,current
310965,66715815206,current
310965,66715981907,current
310965,66715983904,current
310965,67060000167,current
310965,67060000168,current
310965,67091034705,current
310965,67091034710,current
310965,67091034750,current
310965,67091034810,current
310965,67091034850,current
310965,67091036850,current
310965,67091036910,current
310965,67091036950,current
310965,68016000414,current
310965,68016000420,current
310965,68016002483,current
310965,68016003014,current
310965,68016003016,current
310965,68016005913,current
310965,68016005914,current
310965,68016005916,current
310965,68016029550,current
310965,68016063400,current
310965,68016063405,current
310965,68016063410,current
310965,68016063424,current
310965,68016063425,current
310965,68016063450,current
310965,68016063510,current
310965,68016063550,current
310965,68016064508,current
310965,68016064512,current
310965,68016064515,current
310965,68071393701,current
310965,68196029178,current
310965,68196060160,current
310965,68210002601,current
310965,68210002602,current
310965,68210080001,current
310965,68210080004,current
310965,68210413904,current
310965,68210414003,current
310965,68210419202,current
310965,68210611401,current
310965,68210810002,current
310965,68210810003,current
310965,68210810005,current
310965,68387020550,current
310965,68391060462,current
310965,68391060490,current
310965,68599805104,current
310965,68788405101,current
310965,68788405103,current
310965,68788405105,current
310965,68788798301,current
310965,68788798302,current
310965,68788798303,current
310965,68788798305,current
310965,68788814809,current
310965,68788857601,current
310965,68788859001,current
310965,68788859005,current
310965,68998001103,current
310965,68998001203,current
310965,68998010903,current
310965,68998010905,current
310965,68998010908,current
310965,68998010910,current
310965,68998011003,current
310965,69103252505,current
310965,69103252506,current
310965,69168033501,current
310965,69168033503,current
310965,69168033530,current
310965,69168033540,current
310965,69168038101,current
310965,69168038103,current
310965,69168038105,current
310965,69168038130,current
310965,69168038132,current
310965,69168038140,current
310965,69168038230,current
310965,69168039030,current
310965,69168046605,current
310965,69168046701,current
310965,69168046703,current
310965,69168046705,current
310965,69168046730,current
310965,69168046732,current
310965,69396014101,current
310965,69396014105,current
310965,69396014501,current
310965,69396017201,current
310965,69517011102,current
310965,69517011105,current
310965,69517011110,current
310965,69517011125,current
310965,69517011130,current
310965,69517011150,current
310965,69729015710,current
310965,69790060933,current
310965,69790070933,current
310965,69822069350,current
310965,69842018383,current
310965,69842039154,current
310965,69842048934,current
310965,69842049301,current
310965,69842049353,current
310965,69848001124,current
310965,69848001210,current
310965,69848001224,current
310965,69848001225,current
310965,70000000301,current
310965,70000000302,current
310965,70000017501,current
310965,70000017502,current
310965,70000017503,current
310965,70000017504,current
310965,70000017505,current
310965,70000017506,current
310965,70000017507,current
310965,70000017508,current
310965,70000017509,current
310965,70000017601,current
310965,70000017602,current
310965,70000017603,current
310965,70000017604,current
310965,70000017605,current
310965,70000017606,current
310965,70000029101,current
310965,70000029201,current
310965,70000059701,current
310965,70000059702,current
310965,70030060485,current
310965,70030064771,current
310965,70030064785,current
310965,70677113201,current
310965,70677113202,current
310965,70677113203,current
310965,70677113204,current
310965,70677113205,current
310965,70677113601,current
310965,70677113602,current
310965,70677113603,current
310965,70677124401,current
310965,70692017595,current
310965,70692017962,current
310965,70729000224,current
310965,70729000250,current
310965,70729029112,current
310965,71105036501,current
310965,71105036502,current
310965,71141017822,current
310965,71141017832,current
310965,71205035706,current
310965,71205035724,current
310965,71205035730,current
310965,71205035750,current
310965,71205035760,current
310965,71205035790,current
310965,71205078700,current
310965,71205078730,current
310965,71205078760,current
310965,71205078790,current
310965,71309011105,current
310965,71309011130,current
310965,71335191100,current
310965,71335191101,current
310965,71335191102,current
310965,71335191103,current
310965,71335191104,current
310965,71335191105,current
310965,71335191106,current
310965,71335191107,current
310965,71335191108,current
310965,71335191109,current
310965,71335204700,current
310965,71335204701,current
310965,71335204702,current
310965,71335204703,current
310965,71335204704,current
310965,71335204705,current
310965,71335204706,current
310965,71335204707,current
310965,71335204708,current
310965,71335204709,current
310965,71335206800,current
310965,71335206801,current
310965,71335206802,current
310965,71335206803,current
310965,71335206804,current
310965,71335206805,current
310965,71335206806,current
310965,71335206807,current
310965,71335206808,current
310965,71335206809,current
310965,71679011105,current
310965,72036010901,current
310965,72036010902,current
310965,72036010903,current
310965,72036010905,current
310965,72036010908,current
310965,72036011001,current
310965,72036011002,current
310965,72036011003,current
310965,72036011005,current
310965,72036021102,current
310965,72036021103,current
310965,72036021202,current
310965,72036021203,current
310965,72036021208,current
310965,72288031109,current
310965,72288051310,current
310965,72288051311,current
310965,72288051312,current
310965,72288051320,current
310965,72288051349,current
310965,72288051350,current
310965,72288051778,current
310965,72288051790,current
310965,72288060478,current
310965,72288060482,current
310965,72288060490,current
310965,72288060493,current
310965,72476010901,current
310965,72476010902,current
310965,72476010903,current
310965,72476010905,current
310965,72476010906,current
310965,72476010908,current
310965,72476010921,current
310965,72476011002,current
310965,72476011003,current
310965,72476011004,current
310965,72476011005,current
310965,72476011102,current
310965,72476011202,current
310965,72476011203,current
310965,72476035805,current
310965,72476035810,current
310965,72476036505,current
310965,72476036510,current
310965,72476036520,current
310965,72476036524,current
310965,72476036550,current
310965,72476036599,current
310965,72476036605,current
310965,72476036610,current
310965,72663042808,current
310965,72663042848,current
310965,72789019120,current
310965,72789019121,current
310965,72789019130,current
310965,73408050933,current
310965,73408080933,current
310965,73598110201,current
310965,73598110401,current
310965,75907042805,current
310965,79481039201,current
310965,79481042300,current
310965,79481042301,current
310965,79481042302,current
310965,79481042303,current
310965,79481042304,current
310965,79481300000,current
310965,79903041599,current
310965,80267060478,current
310965,80267099978,current
310965,81522011903,current
310965,81522011905,current
310965,82501060400,current
310965,82501060401,current
310965,82652002401,current
310965,83059001903,current
310965,83059002004,current
310965,83059008204,current
310965,83059010403,current
310965,83324005601,current
310965,83324005624,current
310965,83324005650,current
310965,83324005901,current
310965,83324005905,current
310965,83324005924,current
310965,83324005950,current
310965,83324010001,current
310965,83324010050,current
310965,83324010125,current
310965,83324010201,current
310965,83324010250,current
310965,84269252501,current
310965,84269252502,current
310965,85766012201,current
310965,85766012202,current
310965,85786010730,current
310965,85828011022,current
310965,85828060153,current
310965,87441004301,current
311034,00002104201,historical
311034,00002821501,historical
311034,00002821599,historical
311034,00002821601,historical
311034,00002821759,historical
311034,00003183310,historical
311034,00003183315,historical
311034,00169004471,historical
311034,00169011101,historical
311034,00169183311,historical
311034,00169183317,historical
311034,00169183318,historical
311034,00169231321,historical
311034,00169347318,historical
311034,00247044710,historical
311034,00409260710,historical
311034,23490668700,historical
311034,50445011101,historical
311034,54569231900,historical
311034,54569383300,historical
311034,54569383302,historical
311034,54868359800,historical
311034,54868361900,historical
311034,59060183302,historical
311034,62381821701,historical
311034,62381821709,historical
311034,68115070905,historical
311034,68115072810,historical
311353,00185060201,current
311353,00185060210,current
311353,00378207201,current
311353,00591040501,current
311353,00591040505,current
311353,00615825205,current
311353,00615825239,current
311353,16729019401,current
311353,16729019417,current
311353,23155087601,current
311353,23155087605,current
311353,24658024010,current
311353,24658024090,current
311353,31722017201,current
311353,31722017205,current
311353,31722017231,current
311353,31722041701,current
311353,31722041710,current
311353,35356097330,current
311353,35356097390,current
311353,43063081001,current
311353,43353007160,current
311353,43353027060,current
311353,43547035103,current
311353,43547035110,current
311353,43547035150,current
311353,43547041410,current
311353,43547041450,current
311353,50090080800,current
311353,50090080801,current
311353,50090080802,current
311353,50090243100,current
311353,50090243101,current
311353,50090243102,current
311353,50090467800,current
311353,50090467802,current
311353,50090686000,current
311353,51655072926,current
311353,51655072952,current
311353,51655099926,current
311353,51655099952,current
311353,52959097330,current
311353,60505268301,current
311353,60687065611,current
311353,60687065621,current
311353,61919071790,current
311353,62135064031,current
311353,62135064090,current
311353,63187078030,current
311353,63187078060,current
311353,63187078090,current
311353,63629524701,current
311353,63629524702,current
311353,63629524703,current
311353,63629524704,current
311353,63629873601,current
311353,63629882301,current
311353,65862003700,current
311353,65862003701,current
311353,65862003705,current
311353,65862003730,current
311353,65862003799,current
311353,66685070101,current
311353,66685070102,current
311353,67544006230,current
311353,68001021100,current
311353,68001021108,current
311353,68001033200,current
311353,68001033203,current
311353,68071189403,current
311353,68071189409,current
311353,68071504601,current
311353,68180051201,current
311353,68180051202,current
311353,68180051203,current
311353,68180051209,current
311353,68180051230,current
311353,68645055054,current
311353,68645060890,current
311353,68788682001,current
311353,68788682003,current
311353,68788682006,current
311353,68788682009,current
311353,70518131600,current
311353,70518131601,current
311353,70518131602,current
311353,70518131603,current
311353,70518131604,current
311353,70518179000,current
311353,70518179001,current
311353,70518179002,current
311353,71335049801,current
311353,71335049802,current
311353,71335049803,current
311353,71335049804,current
311353,71335138001,current
311353,71335138002,current
311353,71335138003,current
311353,71335300801,current
311353,71335300802,current
311353,71335300803,current
311353,71335300804,current
311353,71610072630,current
311353,71610072645,current
311353,71610072653,current
311353,71610072660,current
311353,71610072670,current
311353,71610074130,current
311353,71610074145,current
311353,71610074153,current
311353,71610074160,current
311353,71610074170,current
311353,71610074175,current
311353,71610074180,current
311353,71610074830,current
311353,71610074853,current
311353,71610074860,current
311353,71610074870,current
311353,71610074880,current
311353,72789010101,current
311353,72865020801,current
311353,72865020805,current
311353,76282041701,current
311353,76282041705,current
311353,76282041710,current
311353,76282041718,current
311353,76282041730,current
311353,76282041745,current
311353,76282041790,current
311353,76282072801,current
311353,76282072805,current
311353,76282072810,current
311353,76282072818,current
311353,76282072830,current
311353,76282072845,current
311353,76282072890,current
311353,76420034001,current
311353,76420034005,current
311353,76420034030,current
311353,76420034060,current
311353,76420034090,current
311353,82009006205,current
311354,00093111210,current
311354,00143971501,current
311354,00143971510,current
311354,00185060501,current
311354,00185060510,current
311354,00378207301,current
311354,00378207310,current
311354,00591040601,current
311354,00591040610,current
311354,00615825305,current
311354,00615825330,current
311354,00615825339,current
311354,00781166592,current
311354,00904679761,current
311354,16729019501,current
311354,23155087701,current
311354,23155087710,current
311354,24658024110,current
311354,24658024130,current
311354,24658024145,current
311354,24658024190,current
311354,31722017601,current
311354,31722017610,current
311354,31722017631,current
311354,31722041801,current
311354,31722041810,current
311354,33358021130,current
311354,35356087930,current
311354,35356087990,current
311354,43063007430,current
311354,43063007490,current
311354,43063081101,current
311354,43063081130,current
311354,43063081190,current
311354,43353017945,current
311354,43353029830,current
311354,43353029845,current
311354,43353036515,current
311354,43547035210,current
311354,43547035211,current
311354,43547041503,current
311354,43547041504,current
311354,43547041509,current
311354,43547041510,current
311354,43547041511,current
311354,43547041525,current
311354,43547041550,current
311354,50090222800,current
311354,50090222801,current
311354,50090222803,current
311354,50090376500,current
311354,50090376501,current
311354,50090376502,current
311354,50090376503,current
311354,50090691200,current
311354,50090800700,current
311354,51655023226,current
311354,51655023252,current
311354,51655048626,current
311354,51655048652,current
311354,52959085420,current
311354,52959085430,current
311354,52959085490,current
311354,52959097530,current
311354,54458087710,current
311354,55154809600,current
311354,55289088430,current
311354,55289088490,current
311354,58864075330,current
311354,58864075390,current
311354,60505018500,current
311354,60505018501,current
311354,60505018507,current
311354,60505018509,current
311354,60505268401,current
311354,60505268408,current
311354,60505268409,current
311354,60687066701,current
311354,60687066711,current
311354,60760035790,current
311354,61919033230,current
311354,61919090930,current
311354,61919090990,current
311354,62135064131,current
311354,62135064190,current
311354,63187053430,current
311354,63187053460,current
311354,63187053490,current
311354,63629176101,current
311354,63629176102,current
311354,63629176103,current
311354,63629176104,current
311354,63629176105,current
311354,63629176106,current
311354,64679092801,current
311354,64679092806,current
311354,65862003800,current
311354,65862003801,current
311354,65862003805,current
311354,65862003830,current
311354,65862003899,current
311354,66685070201,current
311354,66685070202,current
311354,66685070203,current
311354,67046085803,current
311354,67046209703,current
311354,67544012815,current
311354,67544017330,current
311354,68001020700,current
311354,68001020708,current
311354,68001033300,current
311354,68001033308,current
311354,68071222403,current
311354,68071312301,current
311354,68071312303,current
311354,68071312306,current
311354,68071312309,current
311354,68071466001,current
311354,68071466003,current
311354,68071466006,current
311354,68071466009,current
311354,68071485801,current
311354,68071508901,current
311354,68084006001,current
311354,68084006011,current
311354,68084019601,current
311354,68084019611,current
311354,68180051301,current
311354,68180051302,current
311354,68180051303,current
311354,68180051305,current
311354,68180051309,current
311354,68180051330,current
311354,68645055154,current
311354,68645060990,current
311354,68788766601,current
311354,68788766603,current
311354,68788766606,current
311354,68788766609,current
311354,68788856201,current
311354,68788856203,current
311354,68788856206,current
311354,68788856209,current
311354,70518190600,current
311354,70518190601,current
311354,70518190602,current
311354,70518190603,current
311354,70518190604,current
311354,70882011030,current
311354,70934061330,current
311354,70934061390,current
311354,71205047130,current
311354,71205047160,current
311354,71205047190,current
311354,71205062630,current
311354,71205062660,current
311354,71205062690,current
311354,71335017601,current
311354,71335017602,current
311354,71335017603,current
311354,71335017604,current
311354,71335017605,current
311354,71335017606,current
311354,71610053645,current
311354,71610058860,current
311354,71610076630,current
311354,71610076653,current
311354,71610076660,current
311354,71610076680,current
311354,72865020901,current
311354,72865020910,current
311354,72865020945,current
311354,72865020990,current
311354,76282041801,current
311354,76282041805,current
311354,76282041810,current
311354,76282041818,current
311354,76282041830,current
311354,76282041845,current
311354,76282041890,current
311354,76282072901,current
311354,76282072905,current
311354,76282072910,current
311354,76282072918,current
311354,76282072930,current
311354,76282072945,current
311354,76282072990,current
311354,76420034100,current
311354,76420034101,current
311354,76420034130,current
311354,76420034160,current
311354,76420034190,current
311354,82009006310,current
311354,87441004901,current
311372,00067067410,current
311372,00067067430,current
311372,00067604030,current
311372,00067606605,current
311372,00067606610,current
311372,00067606620,current
311372,00067606630,current
311372,00067606672,current
311372,00067606685,current
311372,00067611730,current
311372,00067612230,current
311372,00113061200,current
311372,00113061239,current
311372,00113061246,current
311372,00113061249,current
311372,00113061258,current
311372,00113061260,current
311372,00113061265,current
311372,00113061275,current
311372,00113061278,current
311372,00113061287,current
311372,00113061288,current
311372,00113161295,current
311372,00179831701,current
311372,00179831730,current
311372,00363161203,current
311372,00363161246,current
311372,00363161247,current
311372,00363161258,current
311372,00363161260,current
311372,00363161265,current
311372,00363161275,current
311372,00363161278,current
311372,00363161288,current
311372,00363161295,current
311372,00363915005,current
311372,00363915020,current
311372,00363915065,current
311372,00363960309,current
311372,00363978701,current
311372,00363978702,current
311372,00363978714,current
311372,00378888010,current
311372,00615821730,current
311372,00615821739,current
311372,00615850339,current
311372,00670067430,current
311372,00781507701,current
311372,00781507764,current
311372,00781507776,current
311372,00904685207,current
311372,00904685260,current
311372,00904685261,current
311372,00904685272,current
311372,00904685289,current
311372,00904742646,current
311372,00904742659,current
311372,00904751161,current
311372,10135076303,current
311372,10135076330,current
311372,10135076390,current
311372,11383023211,current
311372,11383023232,current
311372,11673061203,current
311372,11673061246,current
311372,11673061258,current
311372,11673061265,current
311372,11673061278,current
311372,11673061282,current
311372,11673061287,current
311372,11822061201,current
311372,11822061202,current
311372,11822061203,current
311372,11822061204,current
311372,11822061205,current
311372,11822061206,current
311372,11822061207,current
311372,11822061208,current
311372,11822061209,current
311372,15127071501,current
311372,15127071510,current
311372,15127071530,current
311372,15127071560,current
311372,16571082201,current
311372,16571082203,current
311372,16571082230,current
311372,16714089801,current
311372,16714089802,current
311372,16714089803,current
311372,21130052613,current
311372,21130052631,current
311372,21130052638,current
311372,21130052643,current
311372,21130052669,current
311372,21130078003,current
311372,21130091410,current
311372,21130091412,current
311372,21130091460,current
311372,21130093265,current
311372,24385047112,current
311372,24385047152,current
311372,24385047158,current
311372,24385047161,current
311372,24385047165,current
311372,24385047176,current
311372,24385047178,current
311372,24385047199,current
311372,25000009203,current
311372,25000009279,current
311372,25000009280,current
311372,25000009281,current
311372,29485551501,current
311372,29485815606,current
311372,30142006609,current
311372,30142006654,current
311372,30142061203,current
311372,30142061246,current
311372,30142061258,current
311372,30142061265,current
311372,30142061276,current
311372,30142061288,current
311372,30142061292,current
311372,33358021720,current
311372,33358021730,current
311372,35356088190,current
311372,36800061203,current
311372,36800061246,current
311372,36800061258,current
311372,36800061265,current
311372,36800061276,current
311372,36800061287,current
311372,37205034647,current
311372,37205034652,current
311372,37205034660,current
311372,37205034665,current
311372,37205034672,current
311372,37205034675,current
311372,37808052901,current
311372,37808052911,current
311372,37808052931,current
311372,37835062101,current
311372,37835062110,current
311372,37835062130,current
311372,41163061265,current
311372,41163061272,current
311372,41163061275,current
311372,41250061203,current
311372,41250061239,current
311372,41250061249,current
311372,41250061258,current
311372,41250061265,current
311372,41250061276,current
311372,41250061287,current
311372,41520061203,current
311372,41520061246,current
311372,41520061258,current
311372,41520061265,current
311372,41520061275,current
311372,41520061276,current
311372,41520061278,current
311372,41520061282,current
311372,41520061295,current
311372,42507061200,current
311372,42507061203,current
311372,42507061230,current
311372,42507061246,current
311372,42507061265,current
311372,42507061270,current
311372,42507061287,current
311372,42681005301,current
311372,42681005302,current
311372,42961012002,current
311372,43063067220,current
311372,43353025909,current
311372,43353025918,current
311372,43353025930,current
311372,43353025960,current
311372,45802065065,current
311372,45802065075,current
311372,45802065078,current
311372,45802065087,current
311372,46122015865,current
311372,47682011746,current
311372,47682011750,current
311372,47682011846,current
311372,47682011850,current
311372,47682040312,current
311372,47682040346,current
311372,47682040350,current
311372,47682091233,current
311372,47682091246,current
311372,47682091333,current
311372,47682091346,current
311372,48433006401,current
311372,48433006420,current
311372,49035061246,current
311372,49035061247,current
311372,49035061265,current
311372,49035061272,current
311372,49035061276,current
311372,49035061287,current
311372,49035061295,current
311372,49348054201,current
311372,49348054244,current
311372,49348081801,current
311372,49348081813,current
311372,49348081844,current
311372,49348081845,current
311372,49348081856,current
311372,49483073265,current
311372,50090083600,current
311372,50090083601,current
311372,50090083603,current
311372,50090083604,current
311372,50090083605,current
311372,50090083606,current
311372,50090083800,current
311372,50090083801,current
311372,50090083803,current
311372,50090083804,current
311372,50090083805,current
311372,50090083806,current
311372,50090238700,current
311372,50090346400,current
311372,50090430000,current
311372,50090430004,current
311372,50090431600,current
311372,50090506700,current
311372,50090506701,current
311372,50090506703,current
311372,50090506704,current
311372,50090506705,current
311372,50090550604,current
311372,50090553200,current
311372,50090553204,current
311372,50090553205,current
311372,50090616400,current
311372,50090616404,current
311372,50090616405,current
311372,50090670104,current
311372,50090704800,current
311372,50090704804,current
311372,50090704805,current
311372,50090704904,current
311372,50090705100,current
311372,50090706604,current
311372,50090710804,current
311372,50090715800,current
311372,50090750700,current
311372,50090750704,current
311372,50090750705,current
311372,50090750804,current
311372,50090775200,current
311372,50090775204,current
311372,50090775205,current
311372,50090775304,current
311372,50268048911,current
311372,50268048915,current
311372,50268077701,current
311372,50268077711,current
311372,50436350102,current
311372,51079024601,current
311372,51079024620,current
311372,51316018410,current
311372,51655002726,current
311372,51660052601,current
311372,51660052605,current
311372,51660052611,current
311372,51660052630,current
311372,51660052631,current
311372,51660052653,current
311372,51660052660,current
311372,51824007501,current
311372,51824010330,current
311372,52959074000,current
311372,52959074007,current
311372,52959074010,current
311372,52959074014,current
311372,52959074015,current
311372,52959074020,current
311372,52959074030,current
311372,53002074910,current
311372,53002074915,current
311372,53002074920,current
311372,53002074930,current
311372,53117041485,current
311372,53943019318,current
311372,53943097530,current
311372,53943097560,current
311372,54473016632,current
311372,55154018800,current
311372,55154497600,current
311372,55154808200,current
311372,55289072810,current
311372,55289072815,current
311372,55289072820,current
311372,55289072830,current
311372,55289072860,current
311372,55289072890,current
311372,55301061265,current
311372,55301061295,current
311372,55319093810,current
311372,55319093830,current
311372,55681030303,current
311372,55700009730,current
311372,55700009790,current
311372,55910071830,current
311372,55910071860,current
311372,55910098530,current
311372,56062061239,current
311372,56062061246,current
311372,56062061275,current
311372,57243020069,current
311372,57344019317,current
311372,57344019319,current
311372,57896065803,current
311372,57896065809,current
311372,57896065836,current
311372,57896068809,current
311372,57896078803,current
311372,57896078809,current
311372,58602070204,current
311372,58602070205,current
311372,58602070209,current
311372,58602070215,current
311372,58602070217,current
311372,58602070219,current
311372,58602070221,current
311372,58602070223,current
311372,58602070229,current
311372,58602070232,current
311372,58602070238,current
311372,58602070239,current
311372,58602070240,current
311372,58602070244,current
311372,58602070254,current
311372,58602070260,current
311372,58602070267,current
311372,58602070281,current
311372,58602070283,current
311372,58602070284,current
311372,58602083117,current
311372,58602083119,current
311372,58602084719,current
311372,58602084729,current
311372,58864079930,current
311372,59564025110,current
311372,59779052638,current
311372,59779052821,current
311372,59779052831,current
311372,59779052837,current
311372,59779052838,current
311372,59779052843,current
311372,59779052856,current
311372,59779052860,current
311372,59779052869,current
311372,59779052893,current
311372,59779061203,current
311372,59779061209,current
311372,59779061239,current
311372,59779061246,current
311372,59779061249,current
311372,59779061258,current
311372,59779061260,current
311372,59779061265,current
311372,59779061270,current
311372,59779061272,current
311372,59779061275,current
311372,59779061276,current
311372,59779061278,current
311372,59779061288,current
311372,59779061295,current
311372,60505014708,current
311372,60760056900,current
311372,60760083100,current
311372,61504019319,current
311372,61504019320,current
311372,61919014210,current
311372,61919014230,current
311372,61919014290,current
311372,62011024802,current
311372,62011024803,current
311372,62011024805,current
311372,62207078749,current
311372,62207078788,current
311372,63187010010,current
311372,63187010020,current
311372,63187010030,current
311372,63187010090,current
311372,63187060110,current
311372,63187060114,current
311372,63187060130,current
311372,63187060160,current
311372,63187060190,current
311372,63548075300,current
311372,63548075301,current
311372,63548075303,current
311372,63629132901,current
311372,63629132902,current
311372,63629132903,current
311372,63629132904,current
311372,63629132905,current
311372,63629777201,current
311372,63629777202,current
311372,63629777203,current
311372,63629777204,current
311372,63629777205,current
311372,63629777206,current
311372,63629777207,current
311372,63629777208,current
311372,63629777209,current
311372,63654030910,current
311372,63654041510,current
311372,63868015101,current
311372,63868015110,current
311372,63868015130,current
311372,63868041401,current
311372,63868057710,current
311372,63868057730,current
311372,63941019304,current
311372,63941019306,current
311372,63941019309,current
311372,63941052631,current
311372,63941052660,current
311372,63941052669,current
311372,63981061288,current
311372,64024070395,current
311372,66267065307,current
311372,66267065310,current
311372,66267065314,current
311372,66267065320,current
311372,66267065330,current
311372,66267065360,current
311372,66267065390,current
311372,66336042230,current
311372,66715655103,current
311372,66715655105,current
311372,66715881506,current
311372,67091024510,current
311372,67091024630,current
311372,67091035010,current
311372,67091035030,current
311372,67091040810,current
311372,67091049304,current
311372,67751016301,current
311372,67751016302,current
311372,68001043800,current
311372,68001043804,current
311372,68001043816,current
311372,68001043896,current
311372,68001043897,current
311372,68016001003,current
311372,68016002108,current
311372,68016009410,current
311372,68016009430,current
311372,68016009460,current
311372,68016009490,current
311372,68016052631,current
311372,68016052660,current
311372,68016052669,current
311372,68016052690,current
311372,68071239203,current
311372,68071293403,current
311372,68071293406,current
311372,68071293409,current
311372,68071341403,current
311372,68071359603,current
311372,68071359606,current
311372,68071359609,current
311372,68071530803,current
311372,68084024801,current
311372,68084024811,current
311372,68196071179,current
311372,68196071182,current
311372,68210411001,current
311372,68387062010,current
311372,68391031479,current
311372,68391031482,current
311372,68391031488,current
311372,68599478406,current
311372,68599478506,current
311372,68752000890,current
311372,68788401600,current
311372,68788401601,current
311372,68788401603,current
311372,68788401605,current
311372,68788401606,current
311372,68788401609,current
311372,68788410300,current
311372,68788410301,current
311372,68788410303,current
311372,68788410305,current
311372,68788410309,current
311372,68788748200,current
311372,68788748201,current
311372,68788748203,current
311372,68788748205,current
311372,68788748209,current
311372,68788776900,current
311372,68788860500,current
311372,68788860501,current
311372,68788860503,current
311372,68788860505,current
311372,68788860509,current
311372,68788861600,current
311372,68788861601,current
311372,68788861603,current
311372,68788861605,current
311372,68788861608,current
311372,68788861609,current
311372,68788865900,current
311372,68788865901,current
311372,68788865903,current
311372,68788865905,current
311372,68788865909,current
311372,68998041482,current
311372,68998041485,current
311372,69168030903,current
311372,69168030908,current
311372,69168030909,current
311372,69168030910,current
311372,69168030930,current
311372,69168041402,current
311372,69168041403,current
311372,69168041408,current
311372,69168041409,current
311372,69168041417,current
311372,69168041430,current
311372,69168041460,current
311372,69168041499,current
311372,69168047502,current
311372,69168047505,current
311372,69168047508,current
311372,69168047509,current
311372,69168047517,current
311372,69168047530,current
311372,69168047560,current
311372,69168047599,current
311372,69230031201,current
311372,69230031203,current
311372,69230031213,current
311372,69230031230,current
311372,69230031701,current
311372,69230031703,current
311372,69230032301,current
311372,69230032310,current
311372,69230032330,current
311372,69230032331,current
311372,69230032332,current
311372,69230032333,current
311372,69230032334,current
311372,69230032801,current
311372,69230032803,current
311372,69842024209,current
311372,69842024217,current
311372,69842024219,current
311372,69842024239,current
311372,69842024245,current
311372,69842024254,current
311372,69842024260,current
311372,69842024267,current
311372,69842024283,current
311372,69842024291,current
311372,69848001910,current
311372,70000021301,current
311372,70000021302,current
311372,70000021303,current
311372,70000021304,current
311372,70000021305,current
311372,70000021306,current
311372,70000021307,current
311372,70000058301,current
311372,70000058302,current
311372,70010016201,current
311372,70010016203,current
311372,70010016234,current
311372,70677014501,current
311372,70677014502,current
311372,70677014503,current
311372,70677014504,current
311372,70677102201,current
311372,70677102202,current
311372,70677102203,current
311372,70677102204,current
311372,70677105301,current
311372,70677105302,current
311372,70677105303,current
311372,70677124001,current
311372,70934046730,current
311372,70934046790,current
311372,70934046797,current
311372,71141013232,current
311372,71179001085,current
311372,71179001097,current
311372,71309000703,current
311372,71309000710,current
311372,71335010001,current
311372,71335010002,current
311372,71335010003,current
311372,71335010004,current
311372,71335010005,current
311372,71335010006,current
311372,71335010007,current
311372,71335010008,current
311372,71335010009,current
311372,71335165101,current
311372,71335165102,current
311372,71335165103,current
311372,71335165104,current
311372,71335165105,current
311372,71335165106,current
311372,71335165107,current
311372,71335165108,current
311372,71335165109,current
311372,71335239101,current
311372,71335239102,current
311372,71335239103,current
311372,71335239104,current
311372,71335239105,current
311372,71335239106,current
311372,71335239107,current
311372,71335239108,current
311372,71335239109,current
311372,71335243101,current
311372,71335243102,current
311372,71335243103,current
311372,71335243104,current
311372,71335243105,current
311372,71335243106,current
311372,71335243107,current
311372,71335243108,current
311372,71335243109,current
311372,71335252901,current
311372,71335252902,current
311372,71335252903,current
311372,71335252904,current
311372,71335252905,current
311372,71335252906,current
311372,71335252907,current
311372,71335252908,current
311372,71335252909,current
311372,71335255101,current
311372,71335255102,current
311372,71335255103,current
311372,71335255104,current
311372,71335255105,current
311372,71335255106,current
311372,71335255107,current
311372,71335255108,current
311372,71335255109,current
311372,71610042360,current
311372,71610055360,current
311372,72036019304,current
311372,72036019306,current
311372,72036019311,current
311372,72090005101,current
311372,72162218109,current
311372,72162232302,current
311372,72162232306,current
311372,72288045209,current
311372,72288045219,current
311372,72288045230,current
311372,72288045236,current
311372,72288045270,current
311372,72288061265,current
311372,72288061275,current
311372,72288061287,current
311372,72288061288,current
311372,72559003347,current
311372,72559003348,current
311372,72559003363,current
311372,72789034714,current
311372,72789034720,current
311372,72789034730,current
311372,72789034787,current
311372,72789034790,current
311372,72789038015,current
311372,73581020301,current
311372,73581020336,current
311372,73581023001,current
311372,73581023036,current
311372,73629000318,current
311372,75907043401,current
311372,75907043430,current
311372,76420033001,current
311372,76420033003,current
311372,76420033005,current
311372,76420033010,current
311372,76420033011,current
311372,76420033020,current
311372,76420033030,current
311372,76420033031,current
311372,76420033060,current
311372,76420033090,current
311372,79481787003,current
311372,79903015610,current
311372,79903015612,current
311372,79903015645,current
311372,79903015660,current
311372,79903015699,current
311372,79903043712,current
311372,79903043736,current
311372,80159010301,current
311372,80425035201,current
311372,80513071101,current
311372,80513071103,current
311372,81522039311,current
311372,82501061200,current
311372,82501061201,current
311372,82501158003,current
311372,82652002201,current
311372,82725014201,current
311372,82725014202,current
311372,82725014203,current
311372,82725014204,current
311372,82725104201,current
311372,82725114201,current
311372,83324014630,current
311372,83324014710,current
311372,83324015001,current
311372,84324002701,current
311372,84386011978,current
311372,85510010101,current
311372,85786020190,current
311372,85828019319,current
311372,87701039984,current
311700,00404978010,current
311700,00404991305,current
311700,00409258704,current
311700,00409258705,current
311700,00641605601,current
311700,00641605610,current
311700,00641605701,current
311700,00641605710,current
311700,00641605725,current
311700,00641605901,current
311700,00641605910,current
311700,00641620901,current
311700,00641620925,current
311700,00641621001,current
311700,00641621010,current
311700,50090073800,current
311700,50090547200,current
311700,51754913001,current
311700,55648076207,current
311700,55648076208,current
311700,55648076209,current
311700,63323041110,current
311700,63323041112,current
311700,63323041113,current
311700,63323041115,current
311700,63323041118,current
311700,63323041122,current
311700,63323041125,current
311700,63323041127,current
311700,82449020702,current
312615,00054001820,current
312615,00054001825,current
312615,00054001829,current
312615,00054981825,current
312615,00054981829,current
312615,00378064201,current
312615,00378064205,current
312615,00378064210,current
312615,00440216720,current
312615,00527293437,current
312615,00527293441,current
312615,00591544301,current
312615,00591544305,current
312615,00591544310,current
312615,00603533921,current
312615,00603533928,current
312615,00603533932,current
312615,00615844100,current
312615,00615844110,current
312615,00615844139,current
312615,00904712761,current
312615,10135077801,current
312615,10135077805,current
312615,10135077810,current
312615,33358029415,current
312615,33358029420,current
312615,33358029430,current
312615,33358029440,current
312615,33358029460,current
312615,35356081821,current
312615,42291077150,current
312615,42708010510,current
312615,42708019510,current
312615,43063009703,current
312615,43063047225,current
312615,43063059006,current
312615,43063059010,current
312615,43063059012,current
312615,43063059014,current
312615,43063059015,current
312615,43063059020,current
312615,43063059021,current
312615,43063059025,current
312615,43063059030,current
312615,43063061021,current
312615,43063070305,current
312615,43063070306,current
312615,43063070309,current
312615,43063070310,current
312615,43063070312,current
312615,43063070314,current
312615,43063070315,current
312615,43063070318,current
312615,43063070320,current
312615,43063070321,current
312615,43063070325,current
312615,43063070330,current
312615,43063091121,current
312615,45865088421,current
312615,50090198901,current
312615,50090198902,current
312615,50090198903,current
312615,50090198905,current
312615,50090198909,current
312615,50090199000,current
312615,50090199001,current
312615,50090199002,current
312615,50090199005,current
312615,50090199007,current
312615,50090199100,current
312615,50090278600,current
312615,50090278901,current
312615,50090278902,current
312615,50090278903,current
312615,50090278905,current
312615,50090278909,current
312615,50090280400,current
312615,50090280401,current
312615,50090280402,current
312615,50090280405,current
312615,50090280407,current
312615,50090322400,current
312615,50090333000,current
312615,50090333001,current
312615,50090333002,current
312615,50090333005,current
312615,50090333007,current
312615,50090333601,current
312615,50090333603,current
312615,50090333605,current
312615,50090333609,current
312615,50090478401,current
312615,50090478402,current
312615,50090478403,current
312615,50090478405,current
312615,50090478409,current
312615,50090478500,current
312615,50090478501,current
312615,50090478502,current
312615,50090478505,current
312615,50090478507,current
312615,50090545300,current
312615,50090612201,current
312615,50090612202,current
312615,50090612203,current
312615,50090612205,current
312615,50090612209,current
312615,50090612300,current
312615,50090612301,current
312615,50090612302,current
312615,50090612305,current
312615,50090612307,current
312615,50090625900,current
312615,50436175001,current
312615,50436175004,current
312615,50436432602,current
312615,51407035905,current
312615,51407092305,current
312615,51655024253,current
312615,51655032018,current
312615,51655032020,current
312615,51655032021,current
312615,51655032030,current
312615,51655054118,current
312615,51655054120,current
312615,51655054121,current
312615,51655054127,current
312615,51655054152,current
312615,51655054153,current
312615,51655054154,current
312615,51655054155,current
312615,51655070118,current
312615,51655070120,current
312615,51655070153,current
312615,52959012700,current
312615,52959012707,current
312615,52959012708,current
312615,52959012710,current
312615,52959012720,current
312615,52959012721,current
312615,52959012730,current
312615,55154214700,current
312615,55154258100,current
312615,55700020310,current
312615,55700020314,current
312615,55700020315,current
312615,55700020320,current
312615,55700020321,current
312615,55700020330,current
312615,55887079660,current
312615,58864042414,current
312615,58864042420,current
312615,58864042430,current
312615,59651048801,current
312615,59651048805,current
312615,59651048878,current
312615,59746017506,current
312615,59746017509,current
312615,59746017510,current
312615,60219170801,current
312615,60219170805,current
312615,60687014501,current
312615,60687014511,current
312615,60687092501,current
312615,60687092511,current
312615,60760000221,current
312615,60760071512,current
312615,60760071521,current
312615,60760079012,current
312615,60760079021,current
312615,60760079712,current
312615,60760079721,current
312615,60760084012,current
312615,60760084021,current
312615,61919010810,current
312615,61919010812,current
312615,61919010814,current
312615,61919010821,current
312615,61919010830,current
312615,61919032605,current
312615,61919032610,current
312615,61919032612,current
312615,61919032614,current
312615,61919032615,current
312615,61919032620,current
312615,61919032621,current
312615,61919032623,current
312615,61919032630,current
312615,61919034210,current
312615,61919034220,current
312615,61919034221,current
312615,61919079210,current
312615,62135055330,current
312615,62135055390,current
312615,63187040715,current
312615,63187080705,current
312615,63187080706,current
312615,63187080707,current
312615,63187080708,current
312615,63187080709,current
312615,63187080710,current
312615,63187080712,current
312615,63187080714,current
312615,63187080715,current
312615,63187080718,current
312615,63187080720,current
312615,63187080721,current
312615,63187080724,current
312615,63187080730,current
312615,63187080740,current
312615,63187080742,current
312615,63561012201,current
312615,63561012202,current
312615,63561012205,current
312615,63629158701,current
312615,63629158702,current
312615,63629158703,current
312615,63629158704,current
312615,63629158705,current
312615,63629158706,current
312615,63629158707,current
312615,63629158708,current
312615,63629243501,current
312615,63739052010,current
312615,63739058810,current
312615,64380078501,current
312615,64380078506,current
312615,64380078507,current
312615,64380078508,current
312615,66267017210,current
312615,66267017212,current
312615,66267017215,current
312615,66267017220,current
312615,66267017230,current
312615,66267017242,current
312615,66267086003,current
312615,66267086004,current
312615,66267086006,current
312615,66267086010,current
312615,67046161003,current
312615,67296024702,current
312615,67296208101,current
312615,67296208102,current
312615,67296208103,current
312615,67296208105,current
312615,67296218201,current
312615,67296218202,current
312615,67296218205,current
312615,68071314301,current
312615,68071361701,current
312615,68071361704,current
312615,68071361706,current
312615,68071361707,current
312615,68071361708,current
312615,68071363701,current
312615,68071363703,current
312615,68071363704,current
312615,68071372100,current
312615,68071372101,current
312615,68071372102,current
312615,68071372103,current
312615,68071372104,current
312615,68071372105,current
312615,68071372107,current
312615,68071372108,current
312615,68071373801,current
312615,68071373803,current
312615,68071373804,current
312615,68071373806,current
312615,68071468502,current
312615,68071469104,current
312615,68071469106,current
312615,68788821201,current
312615,68788821202,current
312615,68788821203,current
312615,68788821204,current
312615,68788821205,current
312615,68788821208,current
312615,68788866301,current
312615,68788866302,current
312615,68788866303,current
312615,68788866304,current
312615,68788866305,current
312615,68788866308,current
312615,68788881901,current
312615,68788881902,current
312615,68788881903,current
312615,68788881904,current
312615,68788881905,current
312615,68788881908,current
312615,70518340100,current
312615,70518340101,current
312615,70518340102,current
312615,70518340103,current
312615,70518340104,current
312615,70518340105,current
312615,70518340106,current
312615,70518340107,current
312615,70518340108,current
312615,70518340109,current
312615,70518354000,current
312615,70518354001,current
312615,70518354002,current
312615,70518354003,current
312615,70518424300,current
312615,70518424301,current
312615,70518424302,current
312615,70518429300,current
312615,70518429301,current
312615,70518429302,current
312615,70518429303,current
312615,70518429304,current
312615,70518429305,current
312615,70518429306,current
312615,70934009610,current
312615,70934009615,current
312615,70934009620,current
312615,70934009630,current
312615,70934047121,current
312615,70954006010,current
312615,70954006020,current
312615,70954006030,current
312615,71205023905,current
312615,71205023906,current
312615,71205023907,current
312615,71205023910,current
312615,71205023912,current
312615,71205023914,current
312615,71205023915,current
312615,71205023918,current
312615,71205023920,current
312615,71205023921,current
312615,71205023930,current
312615,71205023960,current
312615,71205023990,current
312615,71205040305,current
312615,71205040306,current
312615,71205040307,current
312615,71205040310,current
312615,71205040312,current
312615,71205040710,current
312615,71205040715,current
312615,71205040718,current
312615,71205040720,current
312615,71205040721,current
312615,71205040730,current
312615,71205040760,current
312615,71205040790,current
312615,71205074107,current
312615,71205074110,current
312615,71205074114,current
312615,71205074115,current
312615,71205074118,current
312615,71205074120,current
312615,71205074121,current
312615,71205074130,current
312615,71205079710,current
312615,71205079714,current
312615,71205079715,current
312615,71205079720,current
312615,71205079721,current
312615,71205079730,current
312615,71205079760,current
312615,71205079790,current
312615,71335062300,current
312615,71335062301,current
312615,71335062302,current
312615,71335062303,current
312615,71335062304,current
312615,71335062305,current
312615,71335062306,current
312615,71335062307,current
312615,71335062308,current
312615,71335062309,current
312615,71335085701,current
312615,71335152500,current
312615,71335152501,current
312615,71335152502,current
312615,71335152503,current
312615,71335152504,current
312615,71335152505,current
312615,71335152506,current
312615,71335152507,current
312615,71335152508,current
312615,71335152509,current
312615,71335207900,current
312615,71335207901,current
312615,71335207902,current
312615,71335207903,current
312615,71335207904,current
312615,71335207905,current
312615,71335207906,current
312615,71335207907,current
312615,71335207908,current
312615,71335207909,current
312615,71335214900,current
312615,71335214901,current
312615,71335214902,current
312615,71335214903,current
312615,71335214904,current
312615,71335214905,current
312615,71335214906,current
312615,71335214907,current
312615,71335214908,current
312615,71335214909,current
312615,71335273700,current
312615,71335273701,current
312615,71335273702,current
312615,71335273703,current
312615,71335273704,current
312615,71335273705,current
312615,71335273706,current
312615,71335273707,current
312615,71335273708,current
312615,71335273709,current
312615,71335275400,current
312615,71335275401,current
312615,71335275402,current
312615,71335275403,current
312615,71335275404,current
312615,71335275405,current
312615,71335275406,current
312615,71335275407,current
312615,71335275408,current
312615,71335275409,current
312615,71335289501,current
312615,71335289502,current
312615,71335293801,current
312615,71335293802,current
312615,71335304601,current
312615,71335304701,current
312615,72162248600,current
312615,72162248601,current
312615,72189043005,current
312615,72189043006,current
312615,72189043010,current
312615,72189043015,current
312615,72189043020,current
312615,72189043021,current
312615,72189043030,current
312615,72789039302,current
312615,72789039305,current
312615,72789039306,current
312615,72789039309,current
312615,72789039310,current
312615,72789039312,current
312615,72789039314,current
312615,72789039315,current
312615,72789039320,current
312615,72789039321,current
312615,72789039325,current
312615,72789039330,current
312615,72789044821,current
312615,72789047301,current
312615,72789047304,current
312615,72789047305,current
312615,72789047310,current
312615,72789047314,current
312615,72789047318,current
312615,72789047320,current
312615,72789047321,current
312615,72789047325,current
312615,72789047330,current
312615,72789047395,current
312615,72789050021,current
312615,72789050906,current
312615,72789050909,current
312615,72789050912,current
312615,72789050915,current
312615,76420006910,current
312615,76420006915,current
312615,76420006920,current
312615,76420006921,current
312615,76420006930,current
312615,76420041300,current
312615,76420041301,current
312615,76420041305,current
312615,76420041310,current
312615,76420041318,current
312615,76420041320,current
312615,76420041321,current
312615,76420041330,current
312615,76420041350,current
312615,76420041360,current
312615,76420041390,current
312615,80425010501,current
312615,80425010502,current
312615,80425010503,current
312615,80425048601,current
312615,80425048602,current
312615,80425048603,current
312615,80425048604,current
312615,80425048605,current
312615,80425048701,current
312615,80425048702,current
312615,80425048703,current
312615,80425048704,current
312615,80425048705,current
312615,85000001201,current
312615,85766000200,current
312615,85766000201,current
312615,85766000205,current
312615,85766000218,current
312615,85766000220,current
312615,85766000230,current
312615,85766000260,current
312615,85766000290,current
312615,87063004501,current
312615,87063004518,current
312615,87063004520,current
312615,87063004521,current
312615,87063004530,current
312615,87063004560,current
312615,87063004578,current
312615,87063004590,current
312617,00054472825,current
312617,00054472831,current
312617,00054872425,current
312617,00054982825,current
312617,00054982831,current
312617,00143147501,current
312617,00143147510,current
312617,00378064001,current
312617,00378064010,current
312617,00527293237,current
312617,00527293243,current
312617,00591505201,current
312617,00591505210,current
312617,00603533721,current
312617,00603533732,current
312617,00615843905,current
312617,00615843939,current
312617,10135077601,current
312617,10135077610,current
312617,33358029212,current
312617,33358029215,current
312617,33358029221,current
312617,33358029230,current
312617,33358029278,current
312617,42291072710,current
312617,42708011421,current
312617,42708013621,current
312617,43063064321,current
312617,43063096821,current
312617,43063096830,current
312617,43063096855,current
312617,43353081960,current
312617,50090240200,current
312617,50090240306,current
312617,50090327300,current
312617,50090327304,current
312617,50090327307,current
312617,50090335400,current
312617,50090335401,current
312617,50090335403,current
312617,50090335404,current
312617,50090335407,current
312617,50090336104,current
312617,50090336106,current
312617,50090581400,current
312617,50090581401,current
312617,50090581403,current
312617,50090581404,current
312617,50090581407,current
312617,50090581606,current
312617,50090661900,current
312617,50090661901,current
312617,50090661903,current
312617,50090661904,current
312617,50090661907,current
312617,50090662106,current
312617,50090662300,current
312617,50090712400,current
312617,50090750500,current
312617,50090768400,current
312617,50090768401,current
312617,50090768403,current
312617,50090768404,current
312617,50090768407,current
312617,50090768606,current
312617,50090768800,current
312617,50090793100,current
312617,50090793101,current
312617,50090793103,current
312617,50090793104,current
312617,50090793107,current
312617,50090793300,current
312617,50090793306,current
312617,50090793500,current
312617,50436172005,current
312617,50436432401,current
312617,50436432403,current
312617,51407035710,current
312617,51407092110,current
312617,51655006821,current
312617,51655006852,current
312617,51655035526,current
312617,51655035552,current
312617,51655076521,current
312617,51655098821,current
312617,51655098852,current
312617,52959022021,current
312617,52959022023,current
312617,52959022030,current
312617,52959022060,current
312617,52959022075,current
312617,55045126009,current
312617,55154214600,current
312617,55154258200,current
312617,55700020920,current
312617,55700020921,current
312617,55700020930,current
312617,55887077005,current
312617,55887090021,current
312617,58864036220,current
312617,58864036256,current
312617,59651048601,current
312617,59651048678,current
312617,59651048699,current
312617,59746017206,current
312617,59746017210,current
312617,60219170601,current
312617,60219170602,current
312617,60219170603,current
312617,60219170607,current
312617,60687012201,current
312617,60687012211,current
312617,60687090301,current
312617,60687090311,current
312617,60760025521,current
312617,60760025540,current
312617,60760025560,current
312617,60760079621,current
312617,61919032121,current
312617,61919032142,current
312617,61919037321,current
312617,61919037330,current
312617,62135047118,current
312617,62135047190,current
312617,63187002010,current
312617,63187002015,current
312617,63187002021,current
312617,63187002030,current
312617,63187002036,current
312617,63187006605,current
312617,63187006606,current
312617,63187006608,current
312617,63187006609,current
312617,63187006612,current
312617,63187006615,current
312617,63187006620,current
312617,63187006621,current
312617,63187006624,current
312617,63187006630,current
312617,63187006640,current
312617,63187006642,current
312617,63187099705,current
312617,63187099706,current
312617,63187099707,current
312617,63187099708,current
312617,63187099710,current
312617,63187099712,current
312617,63187099715,current
312617,63187099718,current
312617,63187099720,current
312617,63187099724,current
312617,63187099727,current
312617,63187099730,current
312617,63187099736,current
312617,63187099740,current
312617,63187099742,current
312617,63187099760,current
312617,63187099790,current
312617,63561012001,current
312617,63561012002,current
312617,63561012005,current
312617,63629160500,current
312617,63629160501,current
312617,63629160502,current
312617,63629160503,current
312617,63629160504,current
312617,63629160505,current
312617,63629160506,current
312617,63629160507,current
312617,63629160508,current
312617,63629160509,current
312617,63629226301,current
312617,63629226401,current
312617,64380078301,current
312617,64380078306,current
312617,64380078308,current
312617,66267017320,current
312617,66267017321,current
312617,66267017330,current
312617,66267017340,current
312617,66267017342,current
312617,66267017360,current
312617,66267094821,current
312617,67046164203,current
312617,67544039960,current
312617,68071358101,current
312617,68071372901,current
312617,68071372902,current
312617,68071372905,current
312617,68071372909,current
312617,68071374201,current
312617,68788826702,current
312617,68788826703,current
312617,68788857903,current
312617,68788857908,current
312617,68788955102,current
312617,70518248603,current
312617,70518353700,current
312617,70518353900,current
312617,70518353901,current
312617,70518353902,current
312617,70518353903,current
312617,70518427100,current
312617,70518427101,current
312617,70882011721,current
312617,70882011730,current
312617,70934010121,current
312617,70954005810,current
312617,70954005820,current
312617,71205053721,current
312617,71335050800,current
312617,71335050801,current
312617,71335050802,current
312617,71335050803,current
312617,71335050804,current
312617,71335050805,current
312617,71335050806,current
312617,71335050807,current
312617,71335050808,current
312617,71335050809,current
312617,71335085601,current
312617,71335085602,current
312617,71335085603,current
312617,71335085604,current
312617,71335085605,current
312617,71335085607,current
312617,71335085608,current
312617,71335085609,current
312617,71335152400,current
312617,71335152401,current
312617,71335152402,current
312617,71335152403,current
312617,71335152404,current
312617,71335152405,current
312617,71335152406,current
312617,71335152407,current
312617,71335152408,current
312617,71335152409,current
312617,71335178000,current
312617,71335178001,current
312617,71335178002,current
312617,71335178003,current
312617,71335178004,current
312617,71335178005,current
312617,71335178006,current
312617,71335178007,current
312617,71335178008,current
312617,71335178009,current
312617,71335213400,current
312617,71335213401,current
312617,71335213402,current
312617,71335213403,current
312617,71335213404,current
312617,71335213405,current
312617,71335213406,current
312617,71335213407,current
312617,71335213408,current
312617,71335213409,current
312617,71335275300,current
312617,71335275301,current
312617,71335275302,current
312617,71335275303,current
312617,71335275304,current
312617,71335275305,current
312617,71335275306,current
312617,71335275307,current
312617,71335275308,current
312617,71335275309,current
312617,71335304201,current
312617,71335304301,current
312617,71610064160,current
312617,71610072160,current
312617,71610083430,current
312617,71610083453,current
312617,71610083460,current
312617,71610083480,current
312617,72162117100,current
312617,72162117101,current
312617,72162214900,current
312617,72162248400,current
312617,72162248401,current
312617,72189027521,current
312617,72189059321,current
312617,72789023507,current
312617,72789023521,current
312617,72789023530,current
312617,72789041321,current
312617,72789041330,current
312617,72789047401,current
312617,72789047404,current
312617,72789047421,current
312617,72789047495,current
312617,72789049830,current
312617,76420006721,current
312617,76420006730,current
312617,76420006748,current
312617,76519104800,current
312617,80425006801,current
312617,80425006901,current
312617,80425010601,current
312617,80425047901,current
312617,80425048001,current
312617,80425048101,current
312617,80425048201,current
312617,82804022310,current
312617,87063004301,current
312617,87063004318,current
312617,87063004320,current
312617,87063004321,current
312617,87063004330,current
312617,87063004360,current
312617,87063004378,current
312617,87063004390,current
312938,00378418801,current
312938,00378418805,current
312938,00378418893,current
312938,00378812701,current
312938,00378812705,current
312938,00615860405,current
312938,00615860428,current
312938,00615860439,current
312938,00904692661,current
312938,16714061301,current
312938,16714061302,current
312938,16714061303,current
312938,16714061304,current
312938,16714061305,current
312938,16714061306,current
312938,16729021701,current
312938,16729021710,current
312938,16729021715,current
312938,16729021716,current
312938,16729021743,current
312938,23155075903,current
312938,23155075905,current
312938,23155075909,current
312938,31722014705,current
312938,31722014730,current
312938,31722014790,current
312938,31722021405,current
312938,31722021430,current
312938,31722021490,current
312938,33358032330,current
312938,35356083230,current
312938,35356083260,current
312938,35356083290,current
312938,43063075430,current
312938,43063075460,current
312938,43063075490,current
312938,43353036215,current
312938,43353036415,current
312938,43353044715,current
312938,43353044730,current
312938,43353044745,current
312938,43353044753,current
312938,43353044773,current
312938,43353080915,current
312938,43353080930,current
312938,43353080945,current
312938,43353080953,current
312938,43353080960,current
312938,43353080973,current
312938,43353080980,current
312938,43602098115,current
312938,43602098116,current
312938,45865052430,current
312938,45865052451,current
312938,45865052460,current
312938,45865052490,current
312938,50090099100,current
312938,50090099101,current
312938,50090099102,current
312938,50090184700,current
312938,50090184701,current
312938,50090184702,current
312938,50090208000,current
312938,50090208001,current
312938,50090208002,current
312938,50090320300,current
312938,50090320301,current
312938,50090320302,current
312938,50090321700,current
312938,50090691700,current
312938,50090729500,current
312938,50090769300,current
312938,50090769301,current
312938,50090769302,current
312938,50090769400,current
312938,50090770000,current
312938,50090770001,current
312938,50090770002,current
312938,50090770100,current
312938,50111093201,current
312938,50111093202,current
312938,50111093210,current
312938,50228046905,current
312938,50228046930,current
312938,50228046990,current
312938,50268077011,current
312938,50268077015,current
312938,50268082511,current
312938,50268082515,current
312938,50436630501,current
312938,51079015101,current
312938,51079015120,current
312938,51079076401,current
312938,51079076420,current
312938,51655017326,current
312938,51655017352,current
312938,51655097945,current
312938,52959087600,current
312938,52959087630,current
312938,52959087660,current
312938,55045356201,current
312938,55154357000,current
312938,55154469200,current
312938,55700036200,current
312938,55700036230,current
312938,55700036260,current
312938,55700036290,current
312938,59762491002,current
312938,59762491003,current
312938,59762491004,current
312938,59762516001,current
312938,59762516002,current
312938,59762516003,current
312938,60505018208,current
312938,60687025301,current
312938,60687025311,current
312938,60760009190,current
312938,60760073890,current
312938,61919008620,current
312938,61919008630,current
312938,61919008660,current
312938,61919008690,current
312938,61919041630,current
312938,61919041660,current
312938,61919041690,current
312938,63187021230,current
312938,63187021260,current
312938,63187021290,current
312938,63187079530,current
312938,63187079560,current
312938,63187079590,current
312938,63304016601,current
312938,63304016605,current
312938,63304016630,current
312938,63629328901,current
312938,63629328902,current
312938,63629328903,current
312938,63629328904,current
312938,65862001301,current
312938,65862001305,current
312938,65862001325,current
312938,65862001330,current
312938,65862001350,current
312938,65862001360,current
312938,65862001390,current
312938,65862001399,current
312938,67046055403,current
312938,67046168203,current
312938,67544090815,current
312938,68071070228,current
312938,68071070260,current
312938,68071131800,current
312938,68071353403,current
312938,68071465803,current
312938,68071497306,current
312938,68084018201,current
312938,68084018211,current
312938,68180035301,current
312938,68180035302,current
312938,68180035303,current
312938,68180035305,current
312938,68180035306,current
312938,68180035309,current
312938,68180035311,current
312938,68180099201,current
312938,68180099202,current
312938,68180099203,current
312938,68180099204,current
312938,68645050001,current
312938,68645052354,current
312938,68645058954,current
312938,68788683501,current
312938,68788683502,current
312938,68788683503,current
312938,68788683506,current
312938,68788683508,current
312938,68788683509,current
312938,68788821003,current
312938,68788821006,current
312938,68788821009,current
312938,68788866901,current
312938,68788866902,current
312938,68788866903,current
312938,68788866906,current
312938,68788866908,current
312938,68788866909,current
312938,69097083502,current
312938,69097083505,current
312938,69097083507,current
312938,69097083512,current
312938,70010020501,current
312938,70010020503,current
312938,70010020505,current
312938,70010020509,current
312938,70010020510,current
312938,70010020553,current
312938,70010020563,current
312938,70518104000,current
312938,70518244800,current
312938,70518244801,current
312938,70518244802,current
312938,70518244803,current
312938,70518244804,current
312938,70518244805,current
312938,70518244806,current
312938,70518244807,current
312938,70518244808,current
312938,70518459000,current
312938,70518470700,current
312938,70518470701,current
312938,71093013101,current
312938,71093013103,current
312938,71093013105,current
312938,71205004730,current
312938,71205004760,current
312938,71205004790,current
312938,71205045530,current
312938,71205045560,current
312938,71205045590,current
312938,71335021001,current
312938,71335021002,current
312938,71335021003,current
312938,71335021004,current
312938,71335021005,current
312938,71335021006,current
312938,71335021007,current
312938,71335021008,current
312938,71335021009,current
312938,71335051001,current
312938,71335051002,current
312938,71335051003,current
312938,71335051004,current
312938,71335051005,current
312938,71335051006,current
312938,71335051007,current
312938,71335051008,current
312938,71335051009,current
312938,71335089601,current
312938,71335089602,current
312938,71335089603,current
312938,71335089604,current
312938,71335089605,current
312938,71335089606,current
312938,71335089607,current
312938,71335089608,current
312938,71335089609,current
312938,71335311001,current
312938,71335311002,current
312938,71335311003,current
312938,71335311004,current
312938,71335311005,current
312938,71335311006,current
312938,71335311007,current
312938,71335311008,current
312938,71335311009,current
312938,71335311501,current
312938,71335311502,current
312938,71335311503,current
312938,71335311504,current
312938,71335311505,current
312938,71335311506,current
312938,71335311507,current
312938,71335311508,current
312938,71335311509,current
312938,71610043545,current
312938,71610043553,current
312938,71610043560,current
312938,71610043573,current
312938,71610043580,current
312938,71610065115,current
312938,71610065130,current
312938,71610065145,current
312938,71610065153,current
312938,71610065160,current
312938,71610065173,current
312938,71610065180,current
312938,71610076915,current
312938,71610076930,current
312938,71610076945,current
312938,71610076953,current
312938,71610076960,current
312938,71610076973,current
312938,71610076980,current
312938,71610088615,current
312938,71610088645,current
312938,71610088660,current
312938,71610088673,current
312938,71610088680,current
312938,72162240703,current
312938,72162241100,current
312938,72162241101,current
312938,72162241105,current
312938,72189012230,current
312938,72189012260,current
312938,72189012290,current
312938,72789008860,current
312938,72789009230,current
312938,72789009260,current
312938,72789009290,current
312938,72789027301,current
312938,72865020705,current
312938,72865020718,current
312938,72865020730,current
312938,72865020790,current
312938,76282021401,current
312938,76282021405,current
312938,76282021418,current
312938,76282021430,current
312938,76282021460,current
312938,76282021490,current
312938,76420078601,current
312938,76420078630,current
312938,76420078660,current
312938,76420078690,current
312938,80425031001,current
312938,80425031002,current
312938,80425031003,current
312938,82009005005,current
312938,84386009901,current
312938,84386009905,current
312938,84386009925,current
312938,84386009930,current
312938,84386009950,current
312938,84386009960,current
312938,84386009990,current
312938,84386009999,current
312938,87441007601,current
312961,00615799305,current
312961,00615799330,current
312961,00615799339,current
312961,00781507231,current
312961,00781507292,current
312961,10135051005,current
312961,10135051090,current
312961,16714068301,current
312961,16714068302,current
312961,16714068303,current
312961,16729000510,current
312961,16729000512,current
312961,16729000515,current
312961,16729000517,current
312961,24658030210,current
312961,24658030215,current
312961,24658030230,current
312961,24658030245,current
312961,24658030290,current
312961,24658050210,current
312961,24658050230,current
312961,24658050245,current
312961,24658050290,current
312961,31722051201,current
312961,31722051210,current
312961,31722051230,current
312961,31722051290,current
312961,33358043130,current
312961,42291071415,current
312961,42571002005,current
312961,42571002010,current
312961,42571002030,current
312961,42571002060,current
312961,42571002090,current
312961,42708014830,current
312961,42708016930,current
312961,43063000801,current
312961,43063000830,current
312961,43063000890,current
312961,43353086109,current
312961,43353086130,current
312961,43353086160,current
312961,43353086188,current
312961,45865042130,current
312961,45865042151,current
312961,45865042160,current
312961,45865042190,current
312961,50090099901,current
312961,50090099902,current
312961,50090099903,current
312961,50090480100,current
312961,50090480101,current
312961,50090480102,current
312961,50090480103,current
312961,50090489700,current
312961,50090501900,current
312961,50090630601,current
312961,50090630602,current
312961,50090630603,current
312961,50090630700,current
312961,50090638901,current
312961,50090638902,current
312961,50090638903,current
312961,50090639000,current
312961,50090778100,current
312961,50090778101,current
312961,50090778102,current
312961,50436012202,current
312961,50742013810,current
312961,51079039301,current
312961,51079039320,current
312961,51079045501,current
312961,51079045520,current
312961,51655044826,current
312961,51655044852,current
312961,51655045926,current
312961,51655045952,current
312961,52343002330,current
312961,52343002345,current
312961,52343002390,current
312961,52343002399,current
312961,52959098930,current
312961,52959098990,current
312961,54458093316,current
312961,55111019905,current
312961,55111019910,current
312961,55111019930,current
312961,55111019990,current
312961,55111074010,current
312961,55111074030,current
312961,55111074090,current
312961,55154478200,current
312961,60760000530,current
312961,60760058530,current
312961,61919044630,current
312961,61919044660,current
312961,61919044690,current
312961,63187007530,current
312961,63187007560,current
312961,63187007590,current
312961,63629119801,current
312961,63629339301,current
312961,63629339302,current
312961,63629339303,current
312961,63629339304,current
312961,63629339305,current
312961,63629339306,current
312961,63629339307,current
312961,63629339308,current
312961,63739057210,current
312961,65862005200,current
312961,65862005201,current
312961,65862005226,current
312961,65862005230,current
312961,65862005245,current
312961,65862005290,current
312961,65862005299,current
312961,66267126101,current
312961,66336095430,current
312961,67046062603,current
312961,67544085515,current
312961,68071069930,current
312961,68071256003,current
312961,68071339103,current
312961,68071353009,current
312961,68071499603,current
312961,68071499609,current
312961,68084051201,current
312961,68084051211,current
312961,68180047901,current
312961,68180047902,current
312961,68180047903,current
312961,68382006705,current
312961,68382006710,current
312961,68645047054,current
312961,68788834201,current
312961,68788834203,current
312961,68788834206,current
312961,68788834209,current
312961,69367037509,current
312961,69367037510,current
312961,70377000312,current
312961,70377000313,current
312961,70377000314,current
312961,70377000315,current
312961,70518095400,current
312961,70518363000,current
312961,70518363001,current
312961,70518363002,current
312961,70518363003,current
312961,70934037790,current
312961,71205078030,current
312961,71205078060,current
312961,71205078090,current
312961,71205080930,current
312961,71205080990,current
312961,71335189101,current
312961,71335189102,current
312961,71335189103,current
312961,71335189104,current
312961,71335189105,current
312961,71335189106,current
312961,71335189107,current
312961,71335189108,current
312961,71335964201,current
312961,71335964202,current
312961,71335964203,current
312961,71335964204,current
312961,71335964205,current
312961,71335964206,current
312961,71335964207,current
312961,71335964208,current
312961,71610060945,current
312961,71610062215,current
312961,71610062230,current
312961,71610062245,current
312961,71610062260,current
312961,72189042130,current
312961,72189042190,current
312961,72789031630,current
312961,72789031690,current
312961,72865030701,current
312961,72865030710,current
312961,72865030730,current
312961,72865030745,current
312961,72865030790,current
312961,82009001410,current
312961,84677001610,current
312961,84677001645,current
312961,84677001690,current
313002,00404995310,current
313002,00404995330,current
313002,00409196601,current
313002,00409196602,current
313002,00409196604,current
313002,00409196605,current
313002,00409196606,current
313002,00409196607,current
313002,00409196612,current
313002,00409196614,current
313002,17033049201,current
313002,17033049203,current
313002,17033049225,current
313002,17033049250,current
313002,50989088515,current
313002,50989088516,current
313002,50989088517,current
313002,51662125901,current
313002,63323025910,current
313002,63323025930,current
313002,63323092401,current
313002,63323092403,current
313002,63323092410,current
313002,63323092430,current
313002,65207080725,current
313002,65207080750,current
313002,65207080760,current
313002,65207080761,current
313002,71872708301,current
313002,84549096607,current
313110,31722051860,current
313110,64980035706,current
313110,65862004760,current
313185,00071009625,historical
313185,00071009640,historical
313185,00143910812,historical
313185,59630019012,historical
313212,50242003706,historical
313212,50242003861,historical
313521,24208059064,current
313521,51394022220,current
313521,61314035401,current
313521,68071133705,current
313572,00143935801,current
313572,00409650901,current
313572,00409650949,current
313572,16714051701,current
313572,25021015799,current
313572,55150020599,current
313572,63323029561,current
313572,63323029566,current
313572,67457034105,current
313572,67457061310,current
313572,68001040673,current
313572,68083056901,current
313572,70436002282,current
313572,70594004701,current
313572,71288002575,current
313572,72572010501,current
313572,72572080301,current
313572,87188020301,current
313760,00004022101,historical
313760,54569387700,historical
313760,54569387701,historical
313760,54868250000,historical
313760,54868250001,historical
313760,54868250002,historical
313760,60491029730,historical
313760,60491029734,historical
313782,00113040378,current
313782,00363010412,current
313782,00363899310,current
313782,00363902610,current
313782,00404071413,current
313782,00404071499,current
313782,00536132701,current
313782,00536132706,current
313782,00536132710,current
313782,00603026321,current
313782,00615839705,current
313782,00615839730,current
313782,00615839739,current
313782,00615839867,current
313782,00615860805,current
313782,00615860830,current
313782,00615860839,current
313782,00615860967,current
313782,00677197401,current
313782,00904677361,current
313782,10135012301,current
313782,10135012305,current
313782,10135012310,current
313782,10135012324,current
313782,10135012330,current
313782,10135012350,current
313782,10135012357,current
313782,10135012360,current
313782,10135012362,current
313782,10135012365,current
313782,10135012370,current
313782,10135012389,current
313782,10135012390,current
313782,10135016313,current
313782,10135016314,current
313782,10135082801,current
313782,11383013917,current
313782,11383013925,current
313782,11673044478,current
313782,11822010401,current
313782,11822010407,current
313782,11822046713,current
313782,15127007208,current
313782,15127007224,current
313782,17714001201,current
313782,17714001210,current
313782,21130004301,current
313782,24385040378,current
313782,30142005221,current
313782,30142018421,current
313782,30142040378,current
313782,36800040378,current
313782,36800090002,current
313782,37864000102,current
313782,37864007039,current
313782,41163051402,current
313782,41226034001,current
313782,41250040378,current
313782,41250050102,current
313782,41520060602,current
313782,42507050102,current
313782,45861008501,current
313782,46122024778,current
313782,46122039078,current
313782,46122043078,current
313782,47682005713,current
313782,47682005736,current
313782,47682005748,current
313782,47682005764,current
313782,47682005799,current
313782,47682005813,current
313782,47682005833,current
313782,47682005848,current
313782,47682005899,current
313782,47682005933,current
313782,47682005948,current
313782,47682006013,current
313782,47682006099,current
313782,47682014513,current
313782,47682014532,current
313782,47682014536,current
313782,47682014548,current
313782,47682014564,current
313782,47682014599,current
313782,47682030313,current
313782,47682030399,current
313782,47682043433,current
313782,47682080313,current
313782,47682080333,current
313782,47682080348,current
313782,47682080350,current
313782,47682080392,current
313782,47682080399,current
313782,47682090333,current
313782,47682090348,current
313782,49035049101,current
313782,49035052378,current
313782,49348000953,current
313782,49348097310,current
313782,49483034001,current
313782,49483034010,current
313782,49523003400,current
313782,49523003410,current
313782,50090278300,current
313782,50090423803,current
313782,50090423804,current
313782,50090427300,current
313782,50090514803,current
313782,50090545904,current
313782,50090597106,current
313782,51645070301,current
313782,51645070310,current
313782,51645070399,current
313782,51660001001,current
313782,51660001010,current
313782,51662127302,current
313782,51662166502,current
313782,51824006101,current
313782,51824006102,current
313782,51824008501,current
313782,52735070901,current
313782,52959030200,current
313782,52959030212,current
313782,52959030220,current
313782,52959030224,current
313782,52959030230,current
313782,52959030240,current
313782,52959030260,current
313782,52959030295,current
313782,53145001371,current
313782,53185000500,current
313782,53329019430,current
313782,53329064230,current
313782,53942010102,current
313782,53943020102,current
313782,54257072002,current
313782,54738054801,current
313782,54738054803,current
313782,54738054850,current
313782,55154789900,current
313782,55289056301,current
313782,55289056306,current
313782,55289056309,current
313782,55289056316,current
313782,55289056320,current
313782,55289056324,current
313782,55289056330,current
313782,55289056350,current
313782,55910069778,current
313782,55966000001,current
313782,55966000009,current
313782,57237034601,current
313782,57237034610,current
313782,57344030106,current
313782,57896010201,current
313782,57896010205,current
313782,57896010210,current
313782,57896010220,current
313782,57896010401,current
313782,57896010410,current
313782,57896010420,current
313782,58228006101,current
313782,58602074840,current
313782,58602075407,current
313782,58602075414,current
313782,58602075421,current
313782,58602077521,current
313782,58865000501,current
313782,58865000510,current
313782,59779076678,current
313782,59961015115,current
313782,61245014513,current
313782,62011003201,current
313782,62936010201,current
313782,63629151801,current
313782,63629151802,current
313782,63629151803,current
313782,63739008702,current
313782,63739044001,current
313782,63868008210,current
313782,63868031410,current
313782,63941045602,current
313782,65155010201,current
313782,66267000330,current
313782,66267000340,current
313782,66267099900,current
313782,67091013210,current
313782,68016024600,current
313782,68071345403,current
313782,68071345404,current
313782,68071345405,current
313782,68071356500,current
313782,68071388302,current
313782,68071391706,current
313782,68071465605,current
313782,68163006560,current
313782,68599467909,current
313782,68788882101,current
313782,68788882103,current
313782,68788882106,current
313782,68788882109,current
313782,68998030101,current
313782,69168001030,current
313782,69168001050,current
313782,69168001060,current
313782,69618001001,current
313782,69618001010,current
313782,69732000201,current
313782,69822069210,current
313782,69842087651,current
313782,69842096801,current
313782,70000009201,current
313782,70000037401,current
313782,70518216800,current
313782,70518325300,current
313782,70677111901,current
313782,70677124301,current
313782,71205030604,current
313782,71205045600,current
313782,71205045630,current
313782,71205045660,current
313782,71205045690,current
313782,71335080400,current
313782,71335184701,current
313782,71335184702,current
313782,71335184703,current
313782,71335184709,current
313782,71335257401,current
313782,71335274700,current
313782,71335274701,current
313782,71335274702,current
313782,71335274703,current
313782,71335274704,current
313782,71335274705,current
313782,71335274706,current
313782,71335274707,current
313782,71335274708,current
313782,71335274709,current
313782,71335313000,current
313782,71335313001,current
313782,71335313002,current
313782,71335313003,current
313782,71335313004,current
313782,71335313005,current
313782,71335313006,current
313782,71335313007,current
313782,71335313008,current
313782,71335313009,current
313782,71399102501,current
313782,71399102502,current
313782,71399102503,current
313782,71399102506,current
313782,71399102508,current
313782,71399285505,current
313782,71399801401,current
313782,71399802401,current
313782,71399802402,current
313782,71399802501,current
313782,71399802502,current
313782,71610023865,current
313782,71679030500,current
313782,72036010002,current
313782,72162225201,current
313782,72189024730,current
313782,72189024771,current
313782,72288040378,current
313782,72288040510,current
313782,72789026720,current
313782,72789026730,current
313782,76420037215,current
313782,79903005210,current
313782,79903013099,current
313782,79903029910,current
313782,82568000101,current
313782,82568000102,current
313782,82568000103,current
313782,83059016008,current
313782,83324007601,current
313782,85786010390,current
313782,85828010202,current
313820,00363450108,current
313820,00363944008,current
313820,00363960507,current
313820,11673024024,current
313820,11673024124,current
313820,11822068618,current
313820,11822068619,current
313820,11822445002,current
313820,11822445008,current
313820,11822944008,current
313820,21130022376,current
313820,36800044908,current
313820,36800045008,current
313820,37808049908,current
313820,37808094508,current
313820,41163004508,current
313820,41163049408,current
313820,41226006124,current
313820,41250024424,current
313820,41250024624,current
313820,46122042462,current
313820,49035045508,current
313820,49035045539,current
313820,49035077708,current
313820,49035077739,current
313820,49348079204,current
313820,50488416001,current
313820,51316044908,current
313820,51316045008,current
313820,52735075405,current
313820,53943044908,current
313820,53943083676,current
313820,53943083776,current
313820,55301045008,current
313820,55910094808,current
313820,58602076576,current
313820,58602076674,current
313820,58602076676,current
313820,58602077482,current
313820,62011033901,current
313820,63868018624,current
313820,63941094408,current
313820,67091031124,current
313820,69168044002,current
313820,69168044060,current
313820,69729016024,current
313820,69729016124,current
313820,69842016024,current
313820,69842044908,current
313820,69842044995,current
313820,69842045008,current
313820,69842045094,current
313820,70000030901,current
313820,70000031001,current
313820,70677112701,current
313820,72663023349,current
313820,83324007124,current
313988,00054429925,current
313988,00054429931,current
313988,00054829925,current
313988,00378021601,current
313988,00378021610,current
313988,00378021693,current
313988,00615836905,current
313988,00615836907,current
313988,00615836914,current
313988,00615836930,current
313988,00615836939,current
313988,00781196601,current
313988,00781196610,current
313988,00904717861,current
313988,10135083301,current
313988,10135083310,current
313988,10135083390,current
313988,17224018521,current
313988,33358015030,current
313988,33358015040,current
313988,42291046901,current
313988,42291046910,current
313988,42291046990,current
313988,42708012330,current
313988,43063007501,current
313988,43063007504,current
313988,43063007510,current
313988,43063007514,current
313988,43063007530,current
313988,43063007560,current
313988,43063007590,current
313988,43063071601,current
313988,43063071630,current
313988,43063071660,current
313988,43063071690,current
313988,43353001830,current
313988,43353001845,current
313988,43353001853,current
313988,43353001860,current
313988,43353001880,current
313988,43353006909,current
313988,43353006930,current
313988,43353006945,current
313988,43353006953,current
313988,43353006960,current
313988,43353006980,current
313988,43353022130,current
313988,43353022145,current
313988,43353022153,current
313988,43353022180,current
313988,43353022192,current
313988,43353022194,current
313988,43353034130,current
313988,43353034145,current
313988,43353034153,current
313988,43353034160,current
313988,43353034180,current
313988,43547040210,current
313988,43547040211,current
313988,43547040251,current
313988,43547040294,current
313988,50090326201,current
313988,50090330801,current
313988,50090331300,current
313988,50090331301,current
313988,50090331303,current
313988,50090331309,current
313988,50090333900,current
313988,50090333901,current
313988,50090333903,current
313988,50090333909,current
313988,50090345501,current
313988,50090411100,current
313988,50090570200,current
313988,50090570201,current
313988,50090570600,current
313988,50090664600,current
313988,50090664601,current
313988,50090664603,current
313988,50090664609,current
313988,50090664701,current
313988,50090693700,current
313988,50090770300,current
313988,50090770301,current
313988,50090770303,current
313988,50090770309,current
313988,50090770401,current
313988,50090770500,current
313988,50436384101,current
313988,50742010501,current
313988,50742010510,current
313988,51079007301,current
313988,51079007320,current
313988,51079007330,current
313988,51079007356,current
313988,51407011401,current
313988,51407011410,current
313988,51407011490,current
313988,51655051726,current
313988,51655051752,current
313988,52959075100,current
313988,52959075107,current
313988,52959075115,current
313988,52959075130,current
313988,55154234800,current
313988,55700045230,current
313988,55700045290,current
313988,58864022130,current
313988,59651079701,current
313988,59651079799,current
313988,60760085890,current
313988,61919025530,current
313988,61919025590,current
313988,61919028490,current
313988,62135075490,current
313988,63187050630,current
313988,63187050660,current
313988,63187050690,current
313988,63187079007,current
313988,63187079030,current
313988,63187079060,current
313988,63187079090,current
313988,63304062501,current
313988,63304062510,current
313988,63561016501,current
313988,63561016502,current
313988,63561016509,current
313988,63629121601,current
313988,63629121701,current
313988,63629143401,current
313988,63629143402,current
313988,63629143403,current
313988,63629143404,current
313988,63629143405,current
313988,63629143406,current
313988,63629143407,current
313988,64125011701,current
313988,64125011710,current
313988,64980056301,current
313988,64980056310,current
313988,66267009830,current
313988,66267009860,current
313988,66267009890,current
313988,66336048730,current
313988,67046166303,current
313988,67296213903,current
313988,67544007530,current
313988,67544007580,current
313988,68071180901,current
313988,68071236001,current
313988,68071327303,current
313988,68071327306,current
313988,68071327309,current
313988,68071353603,current
313988,68071444501,current
313988,68071444502,current
313988,68071444503,current
313988,68071444504,current
313988,68071444506,current
313988,68071444508,current
313988,68071444509,current
313988,68071452201,current
313988,68084001601,current
313988,68084001611,current
313988,68788678401,current
313988,68788678403,current
313988,68788678406,current
313988,68788678409,current
313988,68788879901,current
313988,68788879903,current
313988,68788879906,current
313988,68788879909,current
313988,69315011701,current
313988,69315011710,current
313988,70518025101,current
313988,70518025102,current
313988,70518025103,current
313988,70518025104,current
313988,70518460900,current
313988,70518460901,current
313988,71335084201,current
313988,71335084202,current
313988,71335084203,current
313988,71335084204,current
313988,71335084205,current
313988,71335084206,current
313988,71335084207,current
313988,71335084208,current
313988,71335084209,current
313988,71335231701,current
313988,71335231702,current
313988,71335231703,current
313988,71335231704,current
313988,71335231705,current
313988,71335231706,current
313988,71335231707,current
313988,71335231708,current
313988,71335231709,current
313988,71610004930,current
313988,71610004945,current
313988,71610004953,current
313988,71610004960,current
313988,71610004980,current
313988,71610063430,current
313988,71610063445,current
313988,71610063453,current
313988,71610063460,current
313988,71610063480,current
313988,71610095130,current
313988,71610095145,current
313988,71610095153,current
313988,71610095160,current
313988,71610095180,current
313988,72162136100,current
313988,72162136101,current
313988,72789003230,current
313988,72789003260,current
313988,72789015701,current
313988,83980000301,current
313988,83980000310,current
313988,83980000397,current
314076,00093111310,current
314076,00143971401,current
314076,00143971410,current
314076,00185061001,current
314076,00185061010,current
314076,00378207401,current
314076,00378207410,current
314076,00591040701,current
314076,00591040710,current
314076,00615825405,current
314076,00615825430,current
314076,00615825439,current
314076,00781166692,current
314076,00904679861,current
314076,23155087801,current
314076,23155087810,current
314076,24658024210,current
314076,24658024215,current
314076,24658024218,current
314076,24658024230,current
314076,24658024245,current
314076,24658024290,current
314076,31722017701,current
314076,31722017710,current
314076,31722017731,current
314076,31722041901,current
314076,31722041910,current
314076,33358021230,current
314076,42708003130,current
314076,42708009430,current
314076,42708015430,current
314076,43063076901,current
314076,43063076912,current
314076,43063076914,current
314076,43063076930,current
314076,43063076960,current
314076,43063076990,current
314076,43063076993,current
314076,43063076998,current
314076,43063081201,current
314076,43063081212,current
314076,43063081214,current
314076,43063081230,current
314076,43063081260,current
314076,43063081290,current
314076,43063081293,current
314076,43063081298,current
314076,43353011345,current
314076,43353016960,current
314076,43353030130,current
314076,43353030145,current
314076,43353030160,current
314076,43547035303,current
314076,43547035310,current
314076,43547035311,current
314076,43547041604,current
314076,43547041609,current
314076,43547041610,current
314076,43547041611,current
314076,43547041615,current
314076,43547041650,current
314076,49999018230,current
314076,50090298800,current
314076,50090298801,current
314076,50090298803,current
314076,50090298804,current
314076,50090298805,current
314076,50090377400,current
314076,50090377401,current
314076,50090377403,current
314076,50090377404,current
314076,50090377405,current
314076,50090488500,current
314076,50090512000,current
314076,50090512001,current
314076,50090512003,current
314076,50090512004,current
314076,50090512005,current
314076,50090512100,current
314076,50090512200,current
314076,50090702200,current
314076,50090722100,current
314076,51655039926,current
314076,51655039952,current
314076,51655040130,current
314076,51655040226,current
314076,51655099526,current
314076,51655099552,current
314076,52959072815,current
314076,52959072820,current
314076,52959072830,current
314076,52959072890,current
314076,54458087410,current
314076,55045292900,current
314076,55154807800,current
314076,55289063860,current
314076,55700047900,current
314076,55700047930,current
314076,55700047960,current
314076,55700047990,current
314076,55700051318,current
314076,55700051330,current
314076,55700051360,current
314076,55700051390,current
314076,55887059110,current
314076,58864060315,current
314076,58864060330,current
314076,58864060390,current
314076,60505018601,current
314076,60505018607,current
314076,60505018609,current
314076,60505268501,current
314076,60505268508,current
314076,60505268509,current
314076,60687032501,current
314076,60687032511,current
314076,60760035830,current
314076,60760035890,current
314076,61919030630,current
314076,61919030660,current
314076,61919030690,current
314076,61919074630,current
314076,61919074690,current
314076,62135064231,current
314076,62135064290,current
314076,63187009830,current
314076,63187009860,current
314076,63187009890,current
314076,63187082130,current
314076,63187082160,current
314076,63187082190,current
314076,63629538201,current
314076,63629538202,current
314076,65862003900,current
314076,65862003901,current
314076,65862003905,current
314076,65862003930,current
314076,65862003999,current
314076,66685070301,current
314076,66685070302,current
314076,66685070303,current
314076,67046042203,current
314076,67544015915,current
314076,67544021915,current
314076,68001021000,current
314076,68001021008,current
314076,68001026800,current
314076,68001026808,current
314076,68001033400,current
314076,68001033408,current
314076,68071167201,current
314076,68071312203,current
314076,68071312205,current
314076,68071312206,current
314076,68071312209,current
314076,68071341102,current
314076,68071341109,current
314076,68180051402,current
314076,68180051405,current
314076,68180051409,current
314076,68180051430,current
314076,68180098001,current
314076,68180098002,current
314076,68180098003,current
314076,68180098005,current
314076,68180098009,current
314076,68180098030,current
314076,68387054330,current
314076,68645055254,current
314076,68645058754,current
314076,68645061090,current
314076,68788640701,current
314076,68788640703,current
314076,68788640706,current
314076,68788640709,current
314076,68788831001,current
314076,68788831003,current
314076,68788831006,current
314076,68788831009,current
314076,70518046800,current
314076,70518046801,current
314076,70518046802,current
314076,70518115200,current
314076,70518115201,current
314076,70518115202,current
314076,70518115203,current
314076,70518115204,current
314076,70518439700,current
314076,70518450900,current
314076,70882010430,current
314076,70934012030,current
314076,70934012090,current
314076,70934015590,current
314076,70934020090,current
314076,71205074230,current
314076,71205074260,current
314076,71205074290,current
314076,71335053600,current
314076,71335053601,current
314076,71335053602,current
314076,71335053603,current
314076,71335053604,current
314076,71335053605,current
314076,71335053606,current
314076,71335053607,current
314076,71335053608,current
314076,71335053609,current
314076,71335268001,current
314076,71610061245,current
314076,71610061260,current
314076,71610063815,current
314076,71610063830,current
314076,71610063845,current
314076,71610063860,current
314076,71610063880,current
314076,71610073115,current
314076,71610073130,current
314076,71610073145,current
314076,71610073160,current
314076,71610073180,current
314076,72865021001,current
314076,72865021010,current
314076,72865021045,current
314076,72865021050,current
314076,72865021090,current
314076,76282041901,current
314076,76282041905,current
314076,76282041910,current
314076,76282041918,current
314076,76282041930,current
314076,76282041945,current
314076,76282041950,current
314076,76282041990,current
314076,76282073001,current
314076,76282073005,current
314076,76282073010,current
314076,76282073018,current
314076,76282073030,current
314076,76282073045,current
314076,76282073050,current
314076,76282073090,current
314076,76420034200,current
314076,76420034201,current
314076,76420034230,current
314076,76420034260,current
314076,76420034290,current
314076,82009006410,current
314076,87441004701,current
314077,00143971301,current
314077,00143971310,current
314077,00185062001,current
314077,00185062010,current
314077,00378207501,current
314077,00378207510,current
314077,00591040801,current
314077,00591040810,current
314077,00615825505,current
314077,00615825530,current
314077,00615825539,current
314077,00781166792,current
314077,00904679961,current
314077,23155087901,current
314077,23155087910,current
314077,24658024310,current
314077,24658024315,current
314077,24658024318,current
314077,24658024330,current
314077,24658024345,current
314077,24658024390,current
314077,31722017801,current
314077,31722017810,current
314077,31722017831,current
314077,31722042001,current
314077,31722042010,current
314077,33358021330,current
314077,42708003230,current
314077,42708014230,current
314077,42708016530,current
314077,43063000701,current
314077,43063000714,current
314077,43063000730,current
314077,43063000760,current
314077,43063000790,current
314077,43063000798,current
314077,43063052530,current
314077,43063052590,current
314077,43063078614,current
314077,43063078630,current
314077,43063078660,current
314077,43063078690,current
314077,43063078693,current
314077,43063078698,current
314077,43063081301,current
314077,43063081314,current
314077,43063081330,current
314077,43063081360,current
314077,43063081390,current
314077,43063081393,current
314077,43063081398,current
314077,43353012130,current
314077,43353012145,current
314077,43353027130,current
314077,43353027145,current
314077,43353027160,current
314077,43353027180,current
314077,43353029730,current
314077,43353029745,current
314077,43353029760,current
314077,43353029780,current
314077,43547035403,current
314077,43547035410,current
314077,43547035411,current
314077,43547041704,current
314077,43547041709,current
314077,43547041710,current
314077,43547041711,current
314077,43547041715,current
314077,43547041750,current
314077,50090298900,current
314077,50090298901,current
314077,50090298903,current
314077,50090298904,current
314077,50090298905,current
314077,50090472500,current
314077,50090472501,current
314077,50090472503,current
314077,50090472504,current
314077,50090472505,current
314077,50090488700,current
314077,50090499100,current
314077,51655040802,current
314077,51655041126,current
314077,51655041152,current
314077,51655099426,current
314077,51655099452,current
314077,52959072930,current
314077,52959072960,current
314077,52959072990,current
314077,54458087310,current
314077,55154212800,current
314077,55154232900,current
314077,55700048030,current
314077,55700048090,current
314077,55700051430,current
314077,55700051460,current
314077,55700051490,current
314077,58864000630,current
314077,60505018701,current
314077,60505268601,current
314077,60505268608,current
314077,60505268609,current
314077,60687033301,current
314077,60687033311,current
314077,60760035930,current
314077,60760035990,current
314077,60760043830,current
314077,60760043890,current
314077,61919024630,current
314077,61919030730,current
314077,61919030790,current
314077,62135064331,current
314077,62135064390,current
314077,63187025730,current
314077,63187025760,current
314077,63187025790,current
314077,63187044200,current
314077,63187044230,current
314077,63187044260,current
314077,63187044290,current
314077,63187077500,current
314077,63187077530,current
314077,63187077560,current
314077,63187077590,current
314077,63629290801,current
314077,63629290802,current
314077,63629290803,current
314077,63629290804,current
314077,65862004000,current
314077,65862004001,current
314077,65862004005,current
314077,65862004030,current
314077,65862004099,current
314077,66267057060,current
314077,66336074130,current
314077,66685070401,current
314077,66685070402,current
314077,66685070403,current
314077,67046042303,current
314077,67296120203,current
314077,67296120209,current
314077,67544013415,current
314077,67544017430,current
314077,68001020800,current
314077,68001020808,current
314077,68001026900,current
314077,68001026908,current
314077,68001033500,current
314077,68001033508,current
314077,68071177501,current
314077,68071317800,current
314077,68071317802,current
314077,68071317803,current
314077,68071317805,current
314077,68071317806,current
314077,68071317809,current
314077,68071340902,current
314077,68071340903,current
314077,68071340909,current
314077,68071503601,current
314077,68071509809,current
314077,68071514301,current
314077,68180051502,current
314077,68180051505,current
314077,68180051509,current
314077,68180098101,current
314077,68180098102,current
314077,68180098103,current
314077,68180098105,current
314077,68180098109,current
314077,68180098130,current
314077,68645053254,current
314077,68645055354,current
314077,68645061190,current
314077,68788692001,current
314077,68788692003,current
314077,68788692006,current
314077,68788692009,current
314077,68788835101,current
314077,68788835103,current
314077,68788835106,current
314077,68788835109,current
314077,70518054400,current
314077,70518054401,current
314077,70518054402,current
314077,70518084500,current
314077,70518084501,current
314077,70518084502,current
314077,70518115600,current
314077,70518115601,current
314077,70518115602,current
314077,70518115603,current
314077,70518115604,current
314077,70882010330,current
314077,70934006130,current
314077,70934006190,current
314077,70934017190,current
314077,70934026190,current
314077,71205018000,current
314077,71205018030,current
314077,71205018060,current
314077,71205018090,current
314077,71335001500,current
314077,71335001501,current
314077,71335001502,current
314077,71335001503,current
314077,71335001504,current
314077,71335001505,current
314077,71335001506,current
314077,71335001507,current
314077,71335001508,current
314077,71335001509,current
314077,71610061645,current
314077,71610061660,current
314077,71610061680,current
314077,71610073315,current
314077,71610073330,current
314077,71610073345,current
314077,71610073353,current
314077,71610073360,current
314077,72789009330,current
314077,72789009390,current
314077,72865021101,current
314077,72865021110,current
314077,72865021118,current
314077,72865021145,current
314077,72865021150,current
314077,72865021190,current
314077,76282042001,current
314077,76282042005,current
314077,76282042010,current
314077,76282042018,current
314077,76282042030,current
314077,76282042045,current
314077,76282042050,current
314077,76282042090,current
314077,76282073101,current
314077,76282073105,current
314077,76282073110,current
314077,76282073118,current
314077,76282073130,current
314077,76282073145,current
314077,76282073150,current
314077,76282073190,current
314077,76420034300,current
314077,76420034301,current
314077,76420034330,current
314077,76420034360,current
314077,76420034390,current
314077,82009006510,current
314077,87441004801,current
314231,00615799205,current
314231,00615799230,current
314231,00615799239,current
314231,00781507131,current
314231,00781507192,current
314231,10135050905,current
314231,10135050930,current
314231,10135050990,current
314231,16714068201,current
314231,16714068202,current
314231,16714068203,current
314231,16729000410,current
314231,16729000412,current
314231,16729000415,current
314231,16729000417,current
314231,24658021110,current
314231,24658021130,current
314231,24658021145,current
314231,24658030110,current
314231,24658050110,current
314231,24658050130,current
314231,24658050145,current
314231,24658050190,current
314231,31722051101,current
314231,31722051110,current
314231,31722051130,current
314231,31722051190,current
314231,42291071315,current
314231,42571001005,current
314231,42571001010,current
314231,42571001030,current
314231,42571001060,current
314231,42571001090,current
314231,43063016230,current
314231,43063072730,current
314231,43063072790,current
314231,43353086088,current
314231,50090127700,current
314231,50090127701,current
314231,50090623600,current
314231,50090623601,current
314231,50090692000,current
314231,50090692100,current
314231,50090692101,current
314231,50090692200,current
314231,50090778000,current
314231,50090778001,current
314231,50742013710,current
314231,51079045401,current
314231,51079045420,current
314231,51079068601,current
314231,51079068620,current
314231,51655059852,current
314231,52343002230,current
314231,52343002245,current
314231,52343002290,current
314231,52343002299,current
314231,52959098830,current
314231,53002152703,current
314231,53401001345,current
314231,54458093416,current
314231,55111019805,current
314231,55111019830,current
314231,55111019890,current
314231,55111073510,current
314231,55111073530,current
314231,55111073590,current
314231,55700022330,current
314231,55700051590,current
314231,61919068830,current
314231,61919068890,current
314231,63187019130,current
314231,63187019160,current
314231,63187019190,current
314231,63629119701,current
314231,63629339201,current
314231,63629339202,current
314231,63629339203,current
314231,63629339204,current
314231,63629339205,current
314231,63629339206,current
314231,63629339207,current
314231,63739057110,current
314231,65862005100,current
314231,65862005101,current
314231,65862005126,current
314231,65862005130,current
314231,65862005145,current
314231,65862005190,current
314231,65862005199,current
314231,66267126001,current
314231,67046054203,current
314231,68071071630,current
314231,68071171109,current
314231,68071433109,current
314231,68084016201,current
314231,68084016211,current
314231,68084051101,current
314231,68084051111,current
314231,68180047801,current
314231,68180047802,current
314231,68180047803,current
314231,68382006605,current
314231,68382006610,current
314231,68382006616,current
314231,68788836901,current
314231,68788836903,current
314231,68788836906,current
314231,68788836909,current
314231,69367037409,current
314231,69367037410,current
314231,70377000212,current
314231,70377000213,current
314231,70377000214,current
314231,70377000215,current
314231,70518142600,current
314231,70518142601,current
314231,70518364800,current
314231,70518364801,current
314231,71205079830,current
314231,71205079860,current
314231,71205079890,current
314231,71335190501,current
314231,71335190502,current
314231,71335190503,current
314231,71335190504,current
314231,71335190505,current
314231,71335190506,current
314231,71335190507,current
314231,71335963601,current
314231,71335963602,current
314231,71335963603,current
314231,71335963604,current
314231,71335963605,current
314231,71335963606,current
314231,71335963607,current
314231,71610025030,current
314231,71610025045,current
314231,71610025060,current
314231,71610061545,current
314231,71610096630,current
314231,71610096645,current
314231,71610096653,current
314231,71610096660,current
314231,72189045230,current
314231,72189045290,current
314231,72789032030,current
314231,72865030601,current
314231,72865030610,current
314231,72865030630,current
314231,72865030690,current
314231,82009001310,current
314231,84677001510,current
314231,84677001590,current
317150,00074663315,historical
317150,00074663322,historical
317150,00074663330,historical
317150,00074949202,historical
317150,00074949254,historical
317150,00247219407,historical
317150,11014003201,historical
317150,11014123301,historical
317150,35356013830,historical
317150,54569479200,historical
317150,54569565600,historical
317150,54868378200,historical
317150,54868378201,historical
317150,54868378202,historical
317150,54868378203,historical
349094,00093681519,current
349094,00093681545,current
349094,00093681555,current
349094,00093681573,current
349094,00093681576,current
349094,00115168774,current
349094,00115168776,current
349094,00487960101,current
349094,00487960130,current
349094,00781751514,current
349094,00781751572,current
349094,00781751587,current
349094,16714001805,current
349094,16714001830,current
349094,47335063148,current
349094,47335063149,current
349094,50090146700,current
349094,50090659000,current
349094,50090717300,current
349094,60687088979,current
349094,60687088983,current
349094,62135082284,current
349094,64980063803,current
349094,68788729003,current
349094,68788842903,current
349094,69097031832,current
349094,69097031853,current
349094,69097031886,current
349094,69097031887,current
349094,76282064037,current
349094,76282064038,current
349199,00378581377,current
349199,00781560892,current
349199,10135076990,current
349199,29300023310,current
349199,29300023313,current
349199,29300023319,current
349199,31722015205,current
349199,31722015230,current
349199,31722015231,current
349199,31722015232,current
349199,31722015290,current
349199,31722074605,current
349199,31722074630,current
349199,31722074631,current
349199,31722074632,current
349199,31722074690,current
349199,33342006310,current
349199,33342006344,current
349199,42291085790,current
349199,42385099005,current
349199,42385099010,current
349199,42385099030,current
349199,42385099068,current
349199,42385099090,current
349199,43353022530,current
349199,43547036803,current
349199,43547036809,current
349199,43547036811,current
349199,43547036850,current
349199,46708004510,current
349199,46708004530,current
349199,46708004571,current
349199,46708004590,current
349199,46708004591,current
349199,50090242400,current
349199,50090242401,current
349199,50090251800,current
349199,50090251801,current
349199,50090482400,current
349199,50090482401,current
349199,50090519000,current
349199,50090519001,current
349199,50090634700,current
349199,50090634701,current
349199,50228013410,current
349199,50228013430,current
349199,50268074711,current
349199,50268074715,current
349199,51655065352,current
349199,51660014103,current
349199,51660014105,current
349199,51660014190,current
349199,53746083805,current
349199,53746083810,current
349199,53746083890,current
349199,55111073201,current
349199,55111073205,current
349199,55111073230,current
349199,55111073260,current
349199,55111073278,current
349199,55111073279,current
349199,55111073290,current
349199,59746036103,current
349199,59746036105,current
349199,59746036130,current
349199,59746036190,current
349199,60687062301,current
349199,60687062311,current
349199,62332004510,current
349199,62332004530,current
349199,62332004571,current
349199,62332004590,current
349199,62332004591,current
349199,65162083809,current
349199,65162083811,current
349199,65162083850,current
349199,65862057110,current
349199,65862057190,current
349199,65862057199,current
349199,67877041605,current
349199,67877041610,current
349199,67877041690,current
349199,68180027703,current
349199,68180027709,current
349199,70771188309,current
349199,71335056701,current
349199,71335056702,current
349199,71335056703,current
349199,71335056704,current
349199,71335215201,current
349199,71335215202,current
349199,71335215203,current
349199,71335215204,current
349199,72189004930,current
349199,72189004960,current
349199,72189004990,current
349199,72189055030,current
349199,72578013216,current
349199,72819018209,current
349199,76483002300,current
349199,76483002303,current
349199,76483002304,current
349199,76483002305,current
349199,76483002306,current
349199,82868001030,current
349200,00378581577,current
349200,00781561992,current
349200,10135077190,current
349200,29300023510,current
349200,29300023513,current
349200,29300023519,current
349200,31722015405,current
349200,31722015430,current
349200,31722015431,current
349200,31722015432,current
349200,31722015490,current
349200,31722074805,current
349200,31722074830,current
349200,31722074831,current
349200,31722074832,current
349200,31722074890,current
349200,33342006510,current
349200,33342006515,current
349200,42291085990,current
349200,42385099205,current
349200,42385099210,current
349200,42385099230,current
349200,42385099268,current
349200,42385099290,current
349200,43353020379,current
349200,43353023279,current
349200,43353023283,current
349200,43547037003,current
349200,43547037009,current
349200,43547037011,current
349200,43547037050,current
349200,46708004730,current
349200,46708004771,current
349200,46708004790,current
349200,46708004791,current
349200,50090287700,current
349200,50090287701,current
349200,50090413000,current
349200,50090413001,current
349200,50090519200,current
349200,50090519201,current
349200,50090634600,current
349200,50090634601,current
349200,50090731200,current
349200,50090731201,current
349200,50228013205,current
349200,50228013230,current
349200,50268074911,current
349200,50268074913,current
349200,51660014303,current
349200,51660014305,current
349200,51660014390,current
349200,53746084005,current
349200,53746084010,current
349200,53746084090,current
349200,55111073401,current
349200,55111073405,current
349200,55111073430,current
349200,55111073460,current
349200,55111073490,current
349200,59746036330,current
349200,59746036332,current
349200,59746036367,current
349200,59746036390,current
349200,62332004730,current
349200,62332004771,current
349200,62332004790,current
349200,62332004791,current
349200,63187065530,current
349200,63187065560,current
349200,63187065590,current
349200,65162084009,current
349200,65162084011,current
349200,65162084050,current
349200,65862057305,current
349200,65862057390,current
349200,67046157403,current
349200,67877041805,current
349200,67877041810,current
349200,67877041890,current
349200,68180027902,current
349200,68180027909,current
349200,70771188509,current
349200,71205030130,current
349200,71205030160,current
349200,71205030190,current
349200,71335047501,current
349200,71335047502,current
349200,71335047503,current
349200,71335215501,current
349200,71335215502,current
349200,71335215503,current
349200,72578013416,current
349200,72819018409,current
349200,76483002500,current
349200,76483002503,current
349200,76483002504,current
349200,76483002505,current
349200,76483002506,current
349201,00378581477,current
349201,00781561892,current
349201,10135077090,current
349201,29300023410,current
349201,29300023413,current
349201,29300023419,current
349201,31722015305,current
349201,31722015330,current
349201,31722015331,current
349201,31722015332,current
349201,31722015390,current
349201,31722074705,current
349201,31722074730,current
349201,31722074731,current
349201,31722074732,current
349201,31722074790,current
349201,33342006410,current
349201,33342006415,current
349201,42291085890,current
349201,42385099105,current
349201,42385099110,current
349201,42385099130,current
349201,42385099168,current
349201,42385099190,current
349201,43353023130,current
349201,43547036903,current
349201,43547036909,current
349201,43547036911,current
349201,43547036950,current
349201,46708004610,current
349201,46708004630,current
349201,46708004671,current
349201,46708004690,current
349201,46708004691,current
349201,50090255000,current
349201,50090255001,current
349201,50090310800,current
349201,50090310801,current
349201,50090483700,current
349201,50090483701,current
349201,50090519100,current
349201,50090519101,current
349201,50090634800,current
349201,50090634801,current
349201,50228013310,current
349201,50228013330,current
349201,50268074811,current
349201,50268074815,current
349201,51655024452,current
349201,51655045652,current
349201,51655069552,current
349201,51655075152,current
349201,51655083452,current
349201,51660014203,current
349201,51660014205,current
349201,51660014290,current
349201,53746083905,current
349201,53746083910,current
349201,53746083990,current
349201,55111073301,current
349201,55111073305,current
349201,55111073330,current
349201,55111073360,current
349201,55111073378,current
349201,55111073379,current
349201,55111073390,current
349201,59746036203,current
349201,59746036205,current
349201,59746036230,current
349201,59746036290,current
349201,60687063401,current
349201,60687063411,current
349201,62332004610,current
349201,62332004630,current
349201,62332004671,current
349201,62332004690,current
349201,62332004691,current
349201,65162083909,current
349201,65162083911,current
349201,65162083950,current
349201,65862057210,current
349201,65862057290,current
349201,65862057299,current
349201,67877041705,current
349201,67877041710,current
349201,67877041790,current
349201,68180027803,current
349201,68180027809,current
349201,70771188409,current
349201,71335215401,current
349201,71335215402,current
349201,71335215403,current
349201,71335215404,current
349201,71335215405,current
349201,71335215406,current
349201,71335215407,current
349201,71335224801,current
349201,71335224802,current
349201,71335224803,current
349201,71335224804,current
349201,71335224805,current
349201,71335224806,current
349201,71335224807,current
349201,72189005030,current
349201,72578013316,current
349201,72789028160,current
349201,72819018309,current
349201,76483002400,current
349201,76483002403,current
349201,76483002404,current
349201,76483002405,current
349201,76483002406,current
349201,82804015430,current
349201,82804015490,current
349201,82868001130,current
349251,00904682104,current
349251,16714082001,current
349251,31722053501,current
349251,31722053505,current
349251,31722053510,current
349251,31722053530,current
349251,31722053560,current
349251,33342009607,current
349251,42291080030,current
349251,42385090103,current
349251,50090720200,current
349251,50268075811,current
349251,50268075812,current
349251,62135046630,current
349251,63629972901,current
349251,64380071404,current
349251,65862042130,current
349251,67184052101,current
349251,67184052102,current
349251,69076010503,current
349251,69097053302,current
349251,69097053315,current
349251,71335236401,current
349251,71335236402,current
349251,71335315501,current
349251,71335315502,current
349251,71921010533,current
349251,72789036107,current
349353,00378632305,current
349353,00378632377,current
349353,00781595064,current
349353,33342007610,current
349353,33342007615,current
349353,42291096790,current
349353,43547031303,current
349353,43547031309,current
349353,43547031350,current
349353,46708045510,current
349353,46708045530,current
349353,46708045571,current
349353,46708045590,current
349353,50090176300,current
349353,50090487200,current
349353,50090598500,current
349353,50090621000,current
349353,50090744400,current
349353,53746084790,current
349353,60505380809,current
349353,61919097230,current
349353,62332008110,current
349353,62332008130,current
349353,62332008171,current
349353,62332008190,current
349353,65162084703,current
349353,65162084709,current
349353,65162084711,current
349353,65162084750,current
349353,65862054910,current
349353,65862054990,current
349353,65862054999,current
349353,68180010502,current
349353,68180010503,current
349353,68180010509,current
349353,68180010511,current
349353,70771148700,current
349353,70771148704,current
349353,70771148709,current
349353,71335263301,current
349353,71335263302,current
349353,82868005430,current
349477,00378223393,current
349477,31722050425,current
349477,31722050430,current
349477,33342001307,current
349477,42543088904,current
349477,51407038230,current
349477,64380088904,current
349477,65862004910,current
349477,65862004930,current
349477,65862077430,current
349477,69097030102,current
349477,72865017225,current
349477,72865017230,current
349483,00378580793,current
349483,00781560731,current
349483,10135076830,current
349483,29300023210,current
349483,29300023213,current
349483,29300023219,current
349483,31722015105,current
349483,31722015130,current
349483,31722015131,current
349483,31722015132,current
349483,31722015190,current
349483,31722074505,current
349483,31722074530,current
349483,31722074531,current
349483,31722074532,current
349483,31722074590,current
349483,33342006207,current
349483,33342006244,current
349483,42291085630,current
349483,42385098905,current
349483,42385098910,current
349483,42385098930,current
349483,42385098968,current
349483,43547036703,current
349483,43547036709,current
349483,43547036711,current
349483,43547036750,current
349483,46708004410,current
349483,46708004430,current
349483,46708004471,current
349483,46708004490,current
349483,46708004491,current
349483,50228013510,current
349483,50228013530,current
349483,50268074611,current
349483,50268074615,current
349483,51660014003,current
349483,51660014005,current
349483,51660014030,current
349483,53746083705,current
349483,53746083730,current
349483,53746083760,current
349483,55111073101,current
349483,55111073105,current
349483,55111073130,current
349483,55111073160,current
349483,55111073178,current
349483,55111073179,current
349483,55111073190,current
349483,59746036003,current
349483,59746036005,current
349483,59746036030,current
349483,59746036090,current
349483,60687061211,current
349483,60687061221,current
349483,62332004410,current
349483,62332004430,current
349483,62332004471,current
349483,62332004490,current
349483,62332004491,current
349483,65162083703,current
349483,65162083706,current
349483,65162083750,current
349483,65862057010,current
349483,65862057030,current
349483,65862057099,current
349483,67877041505,current
349483,67877041510,current
349483,67877041530,current
349483,68180027601,current
349483,68180027606,current
349483,68180027611,current
349483,70771188203,current
349483,71335133701,current
349483,71335133702,current
349483,71335215101,current
349483,71335215102,current
349483,71335230801,current
349483,71335230802,current
349483,72578013106,current
349483,72789055390,current
349483,72819018103,current
349483,76483002600,current
349483,76483002603,current
349483,76483002604,current
349483,76483002605,current
349483,76483002606,current
349491,00378517093,current
349491,31722075406,current
349491,31722075430,current
349491,31722075431,current
349491,31722075432,current
349491,33342000207,current
349491,50742062430,current
349491,50742062460,current
349491,60429035430,current
349491,60505325203,current
349491,60505325208,current
349491,64380071104,current
349491,65862002610,current
349491,65862002630,current
349491,65862055330,current
349491,68180060306,current
351109,00093681619,current
351109,00093681645,current
351109,00093681655,current
351109,00093681673,current
351109,00093681676,current
351109,00115168974,current
351109,00115168976,current
351109,00487970101,current
351109,00487970130,current
351109,00781751614,current
351109,00781751672,current
351109,00781751687,current
351109,16714001905,current
351109,16714001930,current
351109,47335063248,current
351109,47335063249,current
351109,50090658600,current
351109,50090712600,current
351109,55154484905,current
351109,59651058505,current
351109,59651058530,current
351109,60687052479,current
351109,60687052483,current
351109,62135082384,current
351109,64980063903,current
351109,68180098405,current
351109,68180098430,current
351109,68788731403,current
351109,68788850303,current
351109,69097031932,current
351109,69097031953,current
351109,69097031986,current
351109,69097031987,current
351109,76204001801,current
351109,76204001811,current
351109,76282064137,current
351109,76282064138,current
351136,00378699298,current
351136,00378705852,current
351136,00378705898,current
351136,00487990401,current
351136,00487990425,current
351136,00591346853,current
351136,50742039305,current
351136,50742039325,current
351136,59651018405,current
351136,59651018425,current
351136,59651018430,current
351136,62135082784,current
351136,64980064402,current
351136,76204001101,current
351136,76204001105,current
351136,76204001111,current
351136,76204001155,current
351136,81894010625,current
351136,81894010630,current
351137,00378705752,current
351137,00378705798,current
351137,00487030101,current
351137,00591346753,current
351137,50742039205,current
351137,50742039225,current
351137,59651018305,current
351137,59651018325,current
351137,59651018330,current
351137,62135082684,current
351137,64980064303,current
351137,76204001001,current
351137,76204001005,current
351137,76204001011,current
351137,76204001055,current
351137,81894010525,current
351137,81894010530,current
351266,00054018813,current
351266,00121101830,current
351266,00228315403,current
351266,00406192303,current
351266,00406800503,current
351266,00904700906,current
351266,16729054910,current
351266,31722085030,current
351266,42858060103,current
351266,50268014411,current
351266,50268014415,current
351266,50383029493,current
351266,51407094830,current
351266,58118054908,current
351266,58118118808,current
351266,58118800508,current
351266,60429058630,current
351266,60687062611,current
351266,60687062665,current
351266,62175045232,current
351266,62756096964,current
351266,62756096983,current
351266,63629726901,current
351266,63629948201,current
351266,65162041603,current
351266,65162041609,current
351266,67877060730,current
351266,67877060784,current
351266,67877060790,current
351266,70518386200,current
351266,71335129601,current
351266,71335129602,current
351266,71335151401,current
351266,71335151402,current
351266,71335165301,current
351266,71335172001,current
351266,71335172002,current
351266,72162134603,current
351266,87441000301,current
351875,10019000801,current
351875,10019000804,current
351875,10019000810,current
351875,10019000824,current
351875,10019055301,current
351875,10019055302,current
351875,10019055303,current
351875,10019055304,current
351875,10019055388,current
351875,10019055390,current
389221,00052027201,historical
389221,00052027210,historical
389221,00052027211,historical
389221,00052027280,historical
389221,00052027281,historical
389221,12860027209,historical
403875,65862030105,current
403875,65862030130,current
403875,69097064202,current
403875,69097064215,current
476556,00093760756,current
476556,00093770456,current
476556,00378193093,current
476556,00904717207,current
476556,16714053401,current
476556,31722056030,current
476556,33342010607,current
476556,42291043930,current
476556,42291098030,current
476556,42385095330,current
476556,42385095390,current
476556,42543071904,current
476556,50090649401,current
476556,50090771901,current
476556,51407011230,current
476556,60219209503,current
476556,60505420203,current
476556,60687071925,current
476556,60687071995,current
476556,64380071904,current
476556,65862035430,current
476556,67296219803,current
476556,67296219805,current
476556,68071369503,current
476556,68071383103,current
476556,68071398603,current
476556,68180028701,current
476556,68180028706,current
476556,69097020902,current
476556,69097074102,current
476556,69238209503,current
476556,70710136702,current
476556,70710136703,current
476556,70710136704,current
476556,70710136709,current
476556,70771170902,current
476556,70771170903,current
476556,70771170904,current
476556,70771170909,current
476556,71205077603,current
476556,71205077607,current
476556,71205077630,current
476556,71205077660,current
476556,71205077690,current
476556,71335265001,current
476556,71335265002,current
476556,71335265003,current
476556,71335265004,current
476556,72189015602,current
476556,72189022702,current
476556,72189031203,current
476556,72189040303,current
476556,76282067730,current
476556,82009010930,current
476556,82804008603,current
476556,82804008607,current
477045,00485009402,current
483438,00228285909,current
483438,00904700161,current
483438,13668036101,current
483438,13668036105,current
483438,13668036130,current
483438,13668036160,current
483438,14445012400,current
483438,14445012410,current
483438,14445012490,current
483438,25000018207,current
483438,27808023701,current
483438,31722061305,current
483438,31722061331,current
483438,31722061360,current
483438,31722061390,current
483438,33342016810,current
483438,43547050909,current
483438,43547050911,current
483438,43598029405,current
483438,43598029466,current
483438,43598029478,current
483438,43598029479,current
483438,43598029490,current
483438,46708012210,current
483438,46708012230,current
483438,46708012290,current
483438,46708012291,current
483438,47335068908,current
483438,47335068918,current
483438,47335068983,current
483438,47335068988,current
483438,50090650300,current
483438,50228035310,current
483438,50228035330,current
483438,50228035390,current
483438,50228064805,current
483438,50228064890,current
483438,50268050001,current
483438,50268050011,current
483438,51407051290,current
483438,51407057790,current
483438,55154430800,current
483438,55700077330,current
483438,55700077360,current
483438,55700077390,current
483438,58118146508,current
483438,59762134801,current
483438,60219131309,current
483438,60505379609,current
483438,60687050601,current
483438,60687050611,current
483438,60760059160,current
483438,60760068130,current
483438,60760075360,current
483438,62135044690,current
483438,62332012210,current
483438,62332012230,current
483438,62332012290,current
483438,62332012291,current
483438,63629819701,current
483438,63629819702,current
483438,63629819703,current
483438,64980041301,current
483438,64980041309,current
483438,64980041310,current
483438,65862076101,current
483438,65862076105,current
483438,65862076110,current
483438,65862076178,current
483438,65862076190,current
483438,67046162803,current
483438,67877046505,current
483438,67877046530,current
483438,67877046533,current
483438,67877046538,current
483438,67877046590,current
483438,68788752301,current
483438,68788752303,current
483438,68788752306,current
483438,68788752309,current
483438,68788836001,current
483438,68788836003,current
483438,68788836006,current
483438,68788836009,current
483438,69097068102,current
483438,69097068105,current
483438,69097068112,current
483438,69097068119,current
483438,69097068121,current
483438,69097095705,current
483438,69097095712,current
483438,69238131305,current
483438,69238131309,current
483438,69367032709,current
483438,69367042705,current
483438,69367042709,current
483438,70518274500,current
483438,70518274501,current
483438,70518274502,current
483438,70518364300,current
483438,70518364301,current
483438,70518364302,current
483438,71205032330,current
483438,71205032360,current
483438,71205032390,current
483438,71205033830,current
483438,71205033860,current
483438,71205033890,current
483438,71205063930,current
483438,71205063960,current
483438,71205063990,current
483438,71205087200,current
483438,71205087211,current
483438,71205087230,current
483438,71205087255,current
483438,71205087260,current
483438,71205087267,current
483438,71205087272,current
483438,71205087278,current
483438,71205087290,current
483438,71209003504,current
483438,71335147501,current
483438,71335147502,current
483438,71335147503,current
483438,71335174001,current
483438,71335174002,current
483438,71335174003,current
483438,71335178901,current
483438,71335178902,current
483438,71335178903,current
483438,71335234301,current
483438,71335234302,current
483438,71335234303,current
483438,71610031630,current
483438,71610031646,current
483438,71610031653,current
483438,71610031654,current
483438,71610031660,current
483438,71610031670,current
483438,71610031675,current
483438,71610031680,current
483438,71610031692,current
483438,71610032930,current
483438,71610032946,current
483438,71610032953,current
483438,71610032970,current
483438,71610035730,current
483438,71610035753,current
483438,71610035770,current
483438,71610080830,current
483438,71610080853,current
483438,71610080854,current
483438,71610080860,current
483438,71610080870,current
483438,71610080875,current
483438,71610080880,current
483438,71610087130,current
483438,71610087146,current
483438,71610087153,current
483438,71610087192,current
483438,71610089430,current
483438,71610089446,current
483438,71610089453,current
483438,71610089460,current
483438,71610089492,current
483438,71610093630,current
483438,71610093646,current
483438,71610093653,current
483438,71610093692,current
483438,71610099430,current
483438,71610099446,current
483438,71610099453,current
483438,71610099470,current
483438,71610099492,current
483438,72162154409,current
483438,72162202509,current
483438,72189002330,current
483438,72189002360,current
483438,72189002390,current
483438,72189003330,current
483438,72189003360,current
483438,72189003390,current
483438,72205001406,current
483438,72205001411,current
483438,72205001490,current
483438,72205001499,current
483438,72603035501,current
483438,72606000701,current
483438,72658081101,current
483438,72658081102,current
483438,72658081104,current
483438,72658081105,current
483438,72658081106,current
483438,73190005650,current
483438,73190005690,current
483438,75834029990,current
483438,76282057105,current
483438,76282057190,current
483438,76420009830,current
483438,76420009860,current
483438,76420009890,current
483438,76420012030,current
483438,76420012060,current
483438,76420012090,current
483438,76420024830,current
483438,76420024860,current
483438,76420024890,current
483438,76420058330,current
483438,76420058360,current
483438,76420058390,current
483438,80425012303,current
483438,80425017003,current
483438,80425027701,current
483438,80425027702,current
483438,80425027703,current
483438,82619012501,current
483438,82619012502,current
483438,82804024790,current
483438,82804027460,current
483438,82804027490,current
483438,82804094600,current
483438,82804094611,current
483438,82804094630,current
483438,82804094655,current
483438,82804094660,current
483438,82804094667,current
483438,82804094672,current
483438,82804094678,current
483438,82804094690,current
483438,82968000902,current
483438,82968000904,current
542347,00409329201,current
542347,00409329202,current
542347,00409329249,current
542347,00409329251,current
542347,11695677701,current
542347,11695677702,current
542347,12164001210,current
542347,12164001225,current
542347,42677032601,current
542347,42677032701,current
542347,46066011503,current
542347,46066011504,current
542347,66794001310,current
542347,66794001325,current
542347,66794001710,current
542347,66794001725,current
542347,66794002010,current
542347,66794002025,current
542347,68504001001,current
542347,83301007101,current
542347,83301007102,current
542347,83301007201,current
542347,83301007202,current
562251,00781187431,current
562251,16714029501,current
562251,16714047601,current
562251,42571016001,current
562251,42571016011,current
562251,42571016030,current
562251,42571016032,current
562251,43598021830,current
562251,60505253903,current
562251,60687078111,current
562251,60687078194,current
562251,65862050105,current
562251,65862050130,current
562251,70882011120,current
562251,71335289601,current
562251,72162243503,current
562251,76420050330,current
562251,85766008030,current
562366,00781617222,current
562366,00781617286,current
562366,66794002120,current
562366,66794002125,current
562366,66794002135,current
562508,00093227534,current
562508,00143924920,current
562508,00378083194,current
562508,00378083201,current
562508,00781185201,current
562508,00781185213,current
562508,00781185220,current
562508,12634080771,current
562508,16714001401,current
562508,16714001402,current
562508,16714029701,current
562508,16714029702,current
562508,16714047801,current
562508,16714047802,current
562508,33358003120,current
562508,42571016201,current
562508,42571016242,current
562508,42571016243,current
562508,42571016244,current
562508,43063007703,current
562508,43063007704,current
562508,43063007706,current
562508,43063037702,current
562508,45865022720,current
562508,45865041830,current
562508,45865041851,current
562508,45865041860,current
562508,45865041890,current
562508,50090082105,current
562508,50090082200,current
562508,50090082201,current
562508,50090082202,current
562508,50090082203,current
562508,50090180900,current
562508,50090180901,current
562508,50090180902,current
562508,50090180903,current
562508,50090317900,current
562508,50090317901,current
562508,50090317902,current
562508,50090317903,current
562508,50090317905,current
562508,50090341400,current
562508,50090441300,current
562508,50090441301,current
562508,50090492200,current
562508,50090632400,current
562508,50090632401,current
562508,50090632402,current
562508,50090632403,current
562508,50090652900,current
562508,50090652901,current
562508,50090652902,current
562508,50090652903,current
562508,50090700300,current
562508,50090741500,current
562508,50436100101,current
562508,50436312901,current
562508,51655016002,current
562508,52959070701,current
562508,52959070710,current
562508,52959070714,current
562508,52959070715,current
562508,52959070720,current
562508,52959070721,current
562508,52959070730,current
562508,52959070760,current
562508,55045296607,current
562508,55289076710,current
562508,55289076714,current
562508,55289076720,current
562508,55289076721,current
562508,55289076728,current
562508,55289076730,current
562508,55700065314,current
562508,55700065320,current
562508,55887062914,current
562508,60505254102,current
562508,60687080301,current
562508,60687080311,current
562508,61919002014,current
562508,61919002020,current
562508,61919020210,current
562508,61919020220,current
562508,61919043014,current
562508,61919043020,current
562508,61919052120,current
562508,61919063720,current
562508,61919066514,current
562508,61919066520,current
562508,62135046320,current
562508,63187001414,current
562508,63187001420,current
562508,63187032720,current
562508,63187042310,current
562508,63187042314,current
562508,63187042320,current
562508,63187042328,current
562508,63187048814,current
562508,63187048820,current
562508,63187048828,current
562508,63187048830,current
562508,63187048840,current
562508,63304050901,current
562508,63304050920,current
562508,63629454101,current
562508,63629584701,current
562508,65862050301,current
562508,65862050320,current
562508,66267071203,current
562508,66267071210,current
562508,66267071221,current
562508,66267071230,current
562508,66267071260,current
562508,66267085903,current
562508,66267085904,current
562508,66267085906,current
562508,66267100201,current
562508,66685100100,current
562508,66685100101,current
562508,67046095503,current
562508,68071154602,current
562508,68071275102,current
562508,68071298202,current
562508,68071340201,current
562508,68071340203,current
562508,68071340204,current
562508,68071340208,current
562508,68071382203,current
562508,68071384202,current
562508,68071386002,current
562508,68071386404,current
562508,68071386603,current
562508,68071403202,current
562508,68071422402,current
562508,68071454903,current
562508,68071454906,current
562508,68071458603,current
562508,68071458604,current
562508,68071458606,current
562508,68071496702,current
562508,68071502604,current
562508,68071505703,current
562508,68071505704,current
562508,68071506502,current
562508,68071506503,current
562508,68071506504,current
562508,68071529503,current
562508,68071529504,current
562508,68788415802,current
562508,68788753102,current
562508,68788795802,current
562508,68788830702,current
562508,68788883602,current
562508,69452033711,current
562508,70518222500,current
562508,70518222501,current
562508,70518222502,current
562508,70518222503,current
562508,70518222504,current
562508,70518222505,current
562508,70518222506,current
562508,70518222507,current
562508,70518222508,current
562508,70518226300,current
562508,70518226301,current
562508,70518226302,current
562508,70518226303,current
562508,70518226304,current
562508,70518226305,current
562508,70518226306,current
562508,70518226307,current
562508,70518226308,current
562508,70518226309,current
562508,70518360400,current
562508,70518360401,current
562508,70518360402,current
562508,70518360403,current
562508,70518360404,current
562508,70518362400,current
562508,70518362401,current
562508,70518362402,current
562508,70518362403,current
562508,70518362404,current
562508,70518362405,current
562508,70518367600,current
562508,70518367601,current
562508,70518367602,current
562508,70518396700,current
562508,70518396701,current
562508,70518396702,current
562508,70518396703,current
562508,70518414800,current
562508,70518414801,current
562508,70518414802,current
562508,70518414803,current
562508,70518414804,current
562508,70518442400,current
562508,70934003910,current
562508,70934003914,current
562508,70934003991,current
562508,70934003994,current
562508,70934008620,current
562508,70934011091,current
562508,70934011094,current
562508,70934016214,current
562508,70934016291,current
562508,71205033114,current
562508,71205033115,current
562508,71205033120,current
562508,71205033130,current
562508,71205033160,current
562508,71205033190,current
562508,71205065110,current
562508,71205065120,current
562508,71205065130,current
562508,71205065160,current
562508,71205065190,current
562508,71205071210,current
562508,71205071214,current
562508,71205071220,current
562508,71205071221,current
562508,71205071228,current
562508,71205071230,current
562508,71205071260,current
562508,71205071290,current
562508,71205071920,current
562508,71335278701,current
562508,71335291701,current
562508,71335313801,current
562508,72162221102,current
562508,72162243401,current
562508,72508022114,current
562508,72789007601,current
562508,72789008304,current
562508,72789014703,current
562508,72789014704,current
562508,72789014710,current
562508,72789014714,current
562508,72789014720,current
562508,72789014728,current
562508,72789014730,current
562508,72789025320,current
562508,72789042114,current
562508,72789045614,current
562508,72789045914,current
562508,73043000620,current
562508,76420000520,current
562508,76420050120,current
562508,76420052920,current
562508,76420060701,current
562508,76420060720,current
562508,80425018001,current
562508,80425018002,current
562508,80425018003,current
562508,80425027901,current
562508,80425027902,current
562508,80425027903,current
562508,81964022101,current
562508,81964022114,current
562508,81964057583,current
562508,82804006020,current
562508,82804017714,current
562508,82804017720,current
562508,82804020120,current
562508,82868000210,current
562508,82868000214,current
562508,82868006714,current
562508,85766001901,current
562508,85766001920,current
562508,85766007801,current
562508,85766007820,current
562508,85766017114,current
583214,00480329001,current
583214,00517430001,current
583214,00781353191,current
583214,60505623004,current
583214,67457093750,current
583214,68001065137,current
583214,69097039878,current
583214,71288018350,current
583214,72603040801,current
583214,75007004101,current
596926,00228289006,current
596926,00615849439,current
596926,00904704304,current
596926,00904704361,current
596926,13668010960,current
596926,13811066201,current
596926,13811066230,current
596926,13811066260,current
596926,23155065406,current
596926,25000060806,current
596926,27241009705,current
596926,27241009706,current
596926,27241009710,current
596926,27241009790,current
596926,31722016801,current
596926,31722016805,current
596926,31722016810,current
596926,31722016830,current
596926,31722016831,current
596926,31722016832,current
596926,31722016860,current
596926,31722016890,current
596926,31722058160,current
596926,33342016009,current
596926,33342016010,current
596926,33342016012,current
596926,33342016044,current
596926,42292001901,current
596926,42292001920,current
596926,43353010616,current
596926,43353010633,current
596926,43353010674,current
596926,43353010683,current
596926,43547037903,current
596926,43547037906,current
596926,43547037909,current
596926,43547037911,current
596926,46708027830,current
596926,46708027860,current
596926,46708027890,current
596926,46708027891,current
596926,47335038108,current
596926,47335038118,current
596926,47335038161,current
596926,47335038183,current
596926,47335038186,current
596926,47335038188,current
596926,49252000710,current
596926,49252000711,current
596926,49252000712,current
596926,49252000718,current
596926,49252000757,current
596926,49483071301,current
596926,49483071306,current
596926,49483071309,current
596926,49483071350,current
596926,50090470800,current
596926,50090640600,current
596926,50090640601,current
596926,50090688900,current
596926,50090688901,current
596926,50090781200,current
596926,50090781201,current
596926,50268026911,current
596926,50268026915,current
596926,50436450202,current
596926,50771020101,current
596926,51407080710,current
596926,51407080760,current
596926,51407081760,current
596926,51991074605,current
596926,51991074606,current
596926,51991074690,current
596926,55111060860,current
596926,57237001760,current
596926,57237001799,current
596926,59651027910,current
596926,59651027960,current
596926,59651027971,current
596926,59651027978,current
596926,59651027999,current
596926,60429016460,current
596926,60505299506,current
596926,60687072311,current
596926,60687072321,current
596926,60760075930,current
596926,61919042230,current
596926,61919042260,current
596926,61919063620,current
596926,61919063660,current
596926,62332027830,current
596926,62332027860,current
596926,62332027890,current
596926,62332027891,current
596926,63187072030,current
596926,63187072060,current
596926,63187072090,current
596926,63629199001,current
596926,65841079906,current
596926,65841079914,current
596926,65841079916,current
596926,66993007560,current
596926,66993066260,current
596926,67877026301,current
596926,67877026310,current
596926,67877026330,current
596926,67877026360,current
596926,67877026390,current
596926,68001041306,current
596926,68001059406,current
596926,68071271109,current
596926,68071397906,current
596926,68180029403,current
596926,68180029406,current
596926,68180029407,current
596926,68180029409,current
596926,68382038514,current
596926,68788412803,current
596926,68788412806,current
596926,68788412809,current
596926,68788638003,current
596926,68788789703,current
596926,68788789706,current
596926,68788789709,current
596926,70247001206,current
596926,70518113900,current
596926,70518113901,current
596926,70518113902,current
596926,70518113903,current
596926,70518113904,current
596926,70518444000,current
596926,70518444001,current
596926,70518444002,current
596926,70518444003,current
596926,70518444004,current
596926,70954086030,current
596926,71205000530,current
596926,71205000560,current
596926,71205000590,current
596926,71205052530,current
596926,71205052560,current
596926,71205052590,current
596926,71335016501,current
596926,71335016502,current
596926,71335016503,current
596926,71335016504,current
596926,71335196401,current
596926,71335196402,current
596926,71335196403,current
596926,71335196404,current
596926,71335262401,current
596926,71335262402,current
596926,71335262403,current
596926,71335262404,current
596926,71335306201,current
596926,71335306202,current
596926,71335306203,current
596926,71335306204,current
596926,71610040183,current
596926,71610073916,current
596926,71610073933,current
596926,71610073974,current
596926,71610095774,current
596926,72162159705,current
596926,72162159709,current
596926,72189063430,current
596926,76420063300,current
596926,76420063301,current
596926,76420063305,current
596926,76420063320,current
596926,76420063330,current
596926,76420063360,current
596926,76420063390,current
596926,80425031101,current
596926,80425031102,current
596926,80425031103,current
596926,82009002905,current
596926,82009017010,current
596926,85534001600,current
596926,85534001601,current
596926,85534001602,current
596926,85534001603,current
596926,85534005000,current
596926,85534005001,current
596926,85534005002,current
596926,85534005003,current
596926,87448220106,current
597195,00703423901,current
597195,00703423981,current
597195,00703424401,current
597195,00703424481,current
597195,00703424601,current
597195,00703424681,current
597195,00703424801,current
597195,00703424881,current
597195,10518010110,current
597195,10518010111,current
597195,10518010112,current
597195,16729029512,current
597195,16729029531,current
597195,16729029533,current
597195,16729029534,current
597195,16729029538,current
597195,25021020245,current
597195,25021020251,current
597195,47335015040,current
597195,47335015140,current
597195,47335028440,current
597195,47335030040,current
597195,50742044505,current
597195,50742044615,current
597195,50742044745,current
597195,50742044860,current
597195,54288016401,current
597195,54288016501,current
597195,54288016601,current
597195,54288016701,current
597195,55150033301,current
597195,55150033401,current
597195,55150033500,current
597195,55150033501,current
597195,55150038600,current
597195,55150038601,current
597195,60505628201,current
597195,60505628203,current
597195,60505628206,current
597195,60505628207,current
597195,61703015005,current
597195,61703026205,current
597195,61703033918,current
597195,61703033922,current
597195,61703033950,current
597195,61703033956,current
597195,61703036018,current
597195,61703060005,current
597195,63323016721,current
597195,63323017205,current
597195,63323017215,current
597195,63323017245,current
597195,63323017260,current
597195,66758004704,current
597195,68083019001,current
597195,68083019101,current
597195,68083019201,current
597195,68083019301,current
597195,82511000305,current
597195,82511000415,current
597195,82511000545,current
597195,82511000660,current
597730,31722055612,current
597730,31722055631,current
597730,31722055632,current
597730,31722055660,current
597730,33342016409,current
597730,42385093412,current
608139,00093354856,current
608139,16714076101,current
608139,31722072030,current
608139,35573042130,current
608139,42291007030,current
608139,50090614400,current
608139,50090746300,current
608139,51407010630,current
608139,55111056405,current
608139,55111056430,current
608139,55111056478,current
608139,55111056479,current
608139,60505283600,current
608139,60505283601,current
608139,60505283603,current
608139,60505283608,current
608139,64380047801,current
608139,64380047802,current
608139,64980037903,current
608139,65862024405,current
608139,65862024430,current
608139,66993004630,current
608139,68462027130,current
608139,68462027151,current
608139,70518433700,current
608139,70518433701,current
608139,72162254703,current
608139,72603044101,current
608139,82619012101,current
608139,82619012102,current
616830,00186198804,current
617296,00093227434,current
617296,00378083094,current
617296,00781183101,current
617296,00781183113,current
617296,00781183120,current
617296,16714029601,current
617296,16714047701,current
617296,16714049401,current
617296,33358003020,current
617296,42571016101,current
617296,42571016111,current
617296,42571016132,current
617296,42571016142,current
617296,45865023020,current
617296,50090082000,current
617296,50090082001,current
617296,50090082002,current
617296,50090082003,current
617296,50090254700,current
617296,50090254701,current
617296,50090254702,current
617296,50090254703,current
617296,50090460400,current
617296,50090460401,current
617296,50090460402,current
617296,50090460403,current
617296,50090699700,current
617296,50436605101,current
617296,50436605103,current
617296,51655015803,current
617296,52959070204,current
617296,52959070209,current
617296,52959070212,current
617296,52959070214,current
617296,52959070215,current
617296,52959070220,current
617296,52959070221,current
617296,52959070230,current
617296,52959070240,current
617296,55045295302,current
617296,55289084506,current
617296,55289084520,current
617296,55289084521,current
617296,55289084528,current
617296,55289084530,current
617296,60505254002,current
617296,60687079201,current
617296,60687079211,current
617296,61919001920,current
617296,62135046220,current
617296,63187003206,current
617296,63187003220,current
617296,63187003221,current
617296,63187080320,current
617296,63304071320,current
617296,63629423901,current
617296,65862050205,current
617296,65862050220,current
617296,66267085703,current
617296,66267085704,current
617296,66267085706,current
617296,66267085710,current
617296,66267100101,current
617296,66685100200,current
617296,66685100202,current
617296,67046036603,current
617296,67296004601,current
617296,68071006303,current
617296,68071006306,current
617296,68071006314,current
617296,68071006321,current
617296,68071006330,current
617296,68071154502,current
617296,68071289602,current
617296,68071293303,current
617296,68071394703,current
617296,68071427502,current
617296,68071428403,current
617296,68071428404,current
617296,68071430001,current
617296,68071430003,current
617296,68071430004,current
617296,68071430006,current
617296,68387058015,current
617296,68788799802,current
617296,68788830802,current
617296,68788831702,current
617296,69452033611,current
617296,70518262500,current
617296,70518262501,current
617296,70518262502,current
617296,70518262503,current
617296,70518262504,current
617296,70518262505,current
617296,70518262506,current
617296,70518262507,current
617296,70882011220,current
617296,70934005314,current
617296,70934005394,current
617296,70934005714,current
617296,70934005794,current
617296,70934012630,current
617296,71205001406,current
617296,71205001420,current
617296,71205001421,current
617296,71335273501,current
617296,71335282401,current
617296,71335299901,current
617296,72162221002,current
617296,72162243301,current
617296,72162243302,current
617296,72189028114,current
617296,72189028120,current
617296,72189063814,current
617296,72789041814,current
617296,72789053321,current
617296,72789053330,current
617296,73043000720,current
617296,76420050720,current
617296,76420060820,current
617296,85766002220,current
617296,85766007920,current
617310,00093505910,current
617310,00093505998,current
617310,00378395105,current
617310,00378395107,current
617310,00378395109,current
617310,00378395177,current
617310,00480358610,current
617310,00480358698,current
617310,00615800705,current
617310,00615800707,current
617310,00615800714,current
617310,00615800728,current
617310,00615800730,current
617310,00615800739,current
617310,00781538292,current
617310,00904629106,current
617310,00904629161,current
617310,10135065005,current
617310,16571013709,current
617310,16571013710,current
617310,16571013750,current
617310,16714017401,current
617310,16714017402,current
617310,16714017403,current
617310,16729004501,current
617310,16729004510,current
617310,16729004515,current
617310,16729004516,current
617310,16729004517,current
617310,24658050810,current
617310,24658050890,current
617310,31722042505,current
617310,31722042510,current
617310,31722042590,current
617310,33342031610,current
617310,33342031611,current
617310,33342031612,current
617310,33342031615,current
617310,33342031644,current
617310,35356089418,current
617310,35356089430,current
617310,35356089490,current
617310,42385094101,current
617310,42385094105,current
617310,42385094110,current
617310,42385094111,current
617310,42385094130,current
617310,42385094168,current
617310,42385094190,current
617310,42571017310,current
617310,42571017311,current
617310,42571017330,current
617310,42571017332,current
617310,42571017390,current
617310,42708000430,current
617310,42708001330,current
617310,42708014130,current
617310,43063049630,current
617310,43063049660,current
617310,43353018160,current
617310,43353089209,current
617310,43598009905,current
617310,43598009910,current
617310,43598009978,current
617310,43598009987,current
617310,43598009990,current
617310,43598083105,current
617310,43598083178,current
617310,43598083179,current
617310,43598083190,current
617310,48433000801,current
617310,48433000820,current
617310,50090125700,current
617310,50090125701,current
617310,50090125800,current
617310,50090488000,current
617310,50090488001,current
617310,50090497200,current
617310,50090518100,current
617310,50090518101,current
617310,50090518102,current
617310,50090518200,current
617310,50090563400,current
617310,50090563401,current
617310,50090648100,current
617310,50090648101,current
617310,50090648102,current
617310,50090648200,current
617310,50090660400,current
617310,50090660401,current
617310,50090660402,current
617310,50090738600,current
617310,50090738601,current
617310,50090738602,current
617310,50090738700,current
617310,50090752800,current
617310,50090752801,current
617310,50090752802,current
617310,50090752900,current
617310,50090772200,current
617310,50090772201,current
617310,50090772202,current
617310,50090772300,current
617310,50228045205,current
617310,50228045206,current
617310,50228045290,current
617310,50268009411,current
617310,50268009415,current
617310,50436998803,current
617310,51079020901,current
617310,51079020920,current
617310,51407007905,current
617310,51407007990,current
617310,51655046452,current
617310,51655092026,current
617310,51655092030,current
617310,51655092083,current
617310,55111012205,current
617310,55111012210,current
617310,55111012230,current
617310,55111012260,current
617310,55111012290,current
617310,55154663400,current
617310,55154763000,current
617310,55700054830,current
617310,59651060705,current
617310,59651060730,current
617310,59651060790,current
617310,59651060799,current
617310,59762015601,current
617310,59762015602,current
617310,60290004001,current
617310,60290004002,current
617310,60290004003,current
617310,60290004004,current
617310,60505257900,current
617310,60505257903,current
617310,60505257905,current
617310,60505257907,current
617310,60505257908,current
617310,60505257909,current
617310,60760088390,current
617310,61919025830,current
617310,61919025890,current
617310,61919063230,current
617310,61919091630,current
617310,62175089143,current
617310,62175089146,current
617310,63187010830,current
617310,63187010860,current
617310,63187010890,current
617310,63304082805,current
617310,63304082890,current
617310,63629803201,current
617310,63629803202,current
617310,63629847001,current
617310,63629847101,current
617310,63739002010,current
617310,67046140303,current
617310,67046145303,current
617310,67046150503,current
617310,67046152603,current
617310,67046164303,current
617310,67877051205,current
617310,67877051210,current
617310,67877051233,current
617310,67877051238,current
617310,67877051244,current
617310,67877051290,current
617310,68071091530,current
617310,68071282409,current
617310,68071296703,current
617310,68071296706,current
617310,68071296709,current
617310,68071347006,current
617310,68071358009,current
617310,68071365909,current
617310,68071371403,current
617310,68071371406,current
617310,68071371409,current
617310,68071389103,current
617310,68071484009,current
617310,68071516803,current
617310,68071529209,current
617310,68084009801,current
617310,68084009811,current
617310,68180063602,current
617310,68180063606,current
617310,68180063609,current
617310,68382025010,current
617310,68382025016,current
617310,68645045954,current
617310,68645045970,current
617310,68645048154,current
617310,68645048170,current
617310,68645048254,current
617310,68645059154,current
617310,68788409603,current
617310,68788409606,current
617310,68788409609,current
617310,68788841601,current
617310,68788841603,current
617310,68788841606,current
617310,68788841609,current
617310,68788861301,current
617310,68788861303,current
617310,68788861306,current
617310,68788861309,current
617310,68788862501,current
617310,68788862503,current
617310,68788862506,current
617310,68788862509,current
617310,68788868301,current
617310,68788868303,current
617310,68788868306,current
617310,68788868309,current
617310,68788869301,current
617310,68788869303,current
617310,68788869306,current
617310,68788869309,current
617310,69097089805,current
617310,69097089812,current
617310,69097094505,current
617310,69097094512,current
617310,70377002811,current
617310,70377002813,current
617310,70377007811,current
617310,70377007812,current
617310,70377007813,current
617310,70518018600,current
617310,70518018601,current
617310,70518018602,current
617310,70518303700,current
617310,70518303701,current
617310,70518303702,current
617310,70518333900,current
617310,70518333901,current
617310,70518378300,current
617310,70518378301,current
617310,70518378302,current
617310,70518378303,current
617310,70518442300,current
617310,70518442301,current
617310,70518442302,current
617310,70518458700,current
617310,70710177500,current
617310,70710177505,current
617310,70710177509,current
617310,70756024812,current
617310,70756024830,current
617310,70756024851,current
617310,70756024890,current
617310,70771187600,current
617310,70771187605,current
617310,70771187609,current
617310,70882012030,current
617310,70934006930,current
617310,70934006990,current
617310,70934020190,current
617310,70934061430,current
617310,70934061490,current
617310,71205024730,current
617310,71205024760,current
617310,71205024790,current
617310,71205079130,current
617310,71205079190,current
617310,71209009104,current
617310,71335000401,current
617310,71335000402,current
617310,71335000403,current
617310,71335000404,current
617310,71335000405,current
617310,71335101001,current
617310,71335101002,current
617310,71335101003,current
617310,71335101004,current
617310,71335101005,current
617310,71335101006,current
617310,71335101007,current
617310,71335101008,current
617310,71335101009,current
617310,71335105101,current
617310,71335105102,current
617310,71335105103,current
617310,71335105104,current
617310,71335105105,current
617310,71335105106,current
617310,71335105107,current
617310,71335105108,current
617310,71335105109,current
617310,71335150701,current
617310,71335150702,current
617310,71335150703,current
617310,71335150704,current
617310,71335150705,current
617310,71335150706,current
617310,71335150707,current
617310,71335150708,current
617310,71335150709,current
617310,71335192901,current
617310,71335192902,current
617310,71335192903,current
617310,71335192904,current
617310,71335192905,current
617310,71335192906,current
617310,71335192907,current
617310,71335192908,current
617310,71335192909,current
617310,71335221301,current
617310,71335221302,current
617310,71335221303,current
617310,71335221304,current
617310,71335221305,current
617310,71335221306,current
617310,71335221307,current
617310,71335221308,current
617310,71335221309,current
617310,71335239301,current
617310,71335239302,current
617310,71335239303,current
617310,71335239304,current
617310,71335239305,current
617310,71335239306,current
617310,71335239307,current
617310,71335239308,current
617310,71335239309,current
617310,71335240401,current
617310,71335240402,current
617310,71335240403,current
617310,71335240404,current
617310,71335240405,current
617310,71335240406,current
617310,71335240407,current
617310,71335240408,current
617310,71335240409,current
617310,71335279901,current
617310,71335279902,current
617310,71335279903,current
617310,71335279904,current
617310,71335279905,current
617310,71335279906,current
617310,71335279907,current
617310,71335279908,current
617310,71335279909,current
617310,71399052005,current
617310,71610002245,current
617310,71610002260,current
617310,71610018015,current
617310,71610018030,current
617310,71610018045,current
617310,71610018060,current
617310,71610074415,current
617310,71610074430,current
617310,71610074445,current
617310,71610074453,current
617310,71610074460,current
617310,71610074470,current
617310,72162155505,current
617310,72162155509,current
617310,72162171202,current
617310,72162171203,current
617310,72162171204,current
617310,72162171206,current
617310,72162171207,current
617310,72162171209,current
617310,72189029190,current
617310,72189058730,current
617310,72189058790,current
617310,72205002305,current
617310,72205002330,current
617310,72205002390,current
617310,72205002399,current
617310,72603028301,current
617310,72603028302,current
617310,72603028303,current
617310,72603040401,current
617310,72603040402,current
617310,72789008430,current
617310,75834025601,current
617310,75834025605,current
617310,75834025650,current
617310,75834025690,current
617310,76420094500,current
617310,76420094505,current
617310,76420094512,current
617310,76420094520,current
617310,76420094530,current
617310,76420094538,current
617310,76420094544,current
617310,76420094560,current
617310,76420094590,current
617310,76519107809,current
617310,77771045205,current
617310,77771045290,current
617310,82009000210,current
617310,82009017710,current
617310,82137001701,current
617310,82804005430,current
617310,82804005460,current
617310,82804005490,current
617310,82804016130,current
617310,82804016190,current
617311,00093505810,current
617311,00093505898,current
617311,00378212177,current
617311,00378395205,current
617311,00378395207,current
617311,00378395209,current
617311,00378395277,current
617311,00480358710,current
617311,00480358798,current
617311,00615800805,current
617311,00615800807,current
617311,00615800814,current
617311,00615800828,current
617311,00615800830,current
617311,00615800839,current
617311,00781538492,current
617311,00904629206,current
617311,00904629261,current
617311,10135065110,current
617311,16571013809,current
617311,16571013810,current
617311,16571013850,current
617311,16714017501,current
617311,16714017502,current
617311,16714017503,current
617311,16729004601,current
617311,16729004610,current
617311,16729004615,current
617311,16729004616,current
617311,16729004617,current
617311,24658050910,current
617311,24658050990,current
617311,31722042605,current
617311,31722042610,current
617311,31722042690,current
617311,33342031710,current
617311,33342031711,current
617311,33342031712,current
617311,33342031715,current
617311,33342031744,current
617311,42385094201,current
617311,42385094205,current
617311,42385094210,current
617311,42385094211,current
617311,42385094230,current
617311,42385094268,current
617311,42385094290,current
617311,42571017410,current
617311,42571017411,current
617311,42571017430,current
617311,42571017432,current
617311,42571017490,current
617311,42708000530,current
617311,42708010830,current
617311,42708014430,current
617311,43063045330,current
617311,43353028015,current
617311,43353028715,current
617311,43353028730,current
617311,43353028745,current
617311,43353028760,current
617311,43353082160,current
617311,43353095915,current
617311,43353095930,current
617311,43353095945,current
617311,43598010105,current
617311,43598010110,current
617311,43598010178,current
617311,43598010187,current
617311,43598010190,current
617311,43598083205,current
617311,43598083278,current
617311,43598083279,current
617311,43598083290,current
617311,48433000901,current
617311,48433000920,current
617311,50090126000,current
617311,50090126001,current
617311,50090491300,current
617311,50090520700,current
617311,50090520701,current
617311,50090520702,current
617311,50090520800,current
617311,50090563200,current
617311,50090563201,current
617311,50090591500,current
617311,50090591501,current
617311,50090591502,current
617311,50090591600,current
617311,50090592100,current
617311,50090592101,current
617311,50090633300,current
617311,50090633301,current
617311,50090633302,current
617311,50090633400,current
617311,50090644000,current
617311,50090644001,current
617311,50090644002,current
617311,50090644100,current
617311,50090680000,current
617311,50090680001,current
617311,50090680002,current
617311,50090680100,current
617311,50090689000,current
617311,50090689001,current
617311,50090689100,current
617311,50090738400,current
617311,50090738401,current
617311,50090738402,current
617311,50090738500,current
617311,50090772600,current
617311,50090772601,current
617311,50090772602,current
617311,50090772700,current
617311,50090780600,current
617311,50090780601,current
617311,50090780602,current
617311,50090780700,current
617311,50090780701,current
617311,50228045310,current
617311,50228045311,current
617311,50228045390,current
617311,50268009511,current
617311,50268009515,current
617311,50436998901,current
617311,51079021001,current
617311,51079021020,current
617311,51407008010,current
617311,51407008090,current
617311,51655046552,current
617311,51655064030,current
617311,54458088116,current
617311,55111012305,current
617311,55111012310,current
617311,55111012330,current
617311,55111012360,current
617311,55111012390,current
617311,55154416600,current
617311,55154664600,current
617311,55154762800,current
617311,58517000130,current
617311,59651060805,current
617311,59651060830,current
617311,59651060890,current
617311,59651060899,current
617311,59762015701,current
617311,59762015702,current
617311,60290004101,current
617311,60290004102,current
617311,60290004103,current
617311,60290004104,current
617311,60429032505,current
617311,60505258000,current
617311,60505258003,current
617311,60505258005,current
617311,60505258007,current
617311,60505258008,current
617311,60505258009,current
617311,60760055830,current
617311,60760070930,current
617311,60760072630,current
617311,60760073430,current
617311,60760082930,current
617311,60760088230,current
617311,60760097930,current
617311,61919030330,current
617311,61919030390,current
617311,62175089241,current
617311,62175089246,current
617311,63187010930,current
617311,63187010960,current
617311,63187010990,current
617311,63304082905,current
617311,63304082990,current
617311,63629486501,current
617311,63739003610,current
617311,67046152903,current
617311,67877051305,current
617311,67877051310,current
617311,67877051323,current
617311,67877051333,current
617311,67877051338,current
617311,67877051390,current
617311,68071091630,current
617311,68071230203,current
617311,68071299103,current
617311,68071299109,current
617311,68071299409,current
617311,68071326709,current
617311,68071359509,current
617311,68071362809,current
617311,68071366703,current
617311,68071388209,current
617311,68071394803,current
617311,68071483709,current
617311,68071509103,current
617311,68071519403,current
617311,68084009901,current
617311,68084009911,current
617311,68180063702,current
617311,68180063706,current
617311,68180063709,current
617311,68382025110,current
617311,68382025116,current
617311,68645046054,current
617311,68645048354,current
617311,68645056854,current
617311,68645059254,current
617311,68788809401,current
617311,68788809403,current
617311,68788809406,current
617311,68788809409,current
617311,68788829801,current
617311,68788829803,current
617311,68788829806,current
617311,68788829809,current
617311,68788857409,current
617311,68788888701,current
617311,68788888703,current
617311,68788888706,current
617311,68788888709,current
617311,69097089905,current
617311,69097089915,current
617311,69097094605,current
617311,69097094615,current
617311,70377002911,current
617311,70377002913,current
617311,70377007911,current
617311,70377007912,current
617311,70377007913,current
617311,70518132200,current
617311,70518132201,current
617311,70518132202,current
617311,70518132203,current
617311,70518132204,current
617311,70518132205,current
617311,70518327300,current
617311,70518327301,current
617311,70518327302,current
617311,70518327303,current
617311,70518327304,current
617311,70518327305,current
617311,70518327306,current
617311,70518432100,current
617311,70518447400,current
617311,70518447401,current
617311,70518447402,current
617311,70518459200,current
617311,70710177200,current
617311,70710177205,current
617311,70710177209,current
617311,70756024912,current
617311,70756024930,current
617311,70756024951,current
617311,70756024990,current
617311,70771187700,current
617311,70771187705,current
617311,70771187709,current
617311,70882010930,current
617311,70934009130,current
617311,70934009190,current
617311,70934061530,current
617311,70934061590,current
617311,71205026430,current
617311,71205026460,current
617311,71205026490,current
617311,71205073130,current
617311,71205073160,current
617311,71205073190,current
617311,71205076530,current
617311,71205076560,current
617311,71205076590,current
617311,71209009204,current
617311,71209009210,current
617311,71335010201,current
617311,71335010202,current
617311,71335010203,current
617311,71335010204,current
617311,71335076701,current
617311,71335076703,current
617311,71335101101,current
617311,71335101102,current
617311,71335101103,current
617311,71335101104,current
617311,71335101105,current
617311,71335101106,current
617311,71335101107,current
617311,71335101108,current
617311,71335112601,current
617311,71335112602,current
617311,71335112603,current
617311,71335112604,current
617311,71335112605,current
617311,71335112606,current
617311,71335112607,current
617311,71335132202,current
617311,71335249301,current
617311,71335249302,current
617311,71335249303,current
617311,71335249304,current
617311,71335249305,current
617311,71335249306,current
617311,71335249307,current
617311,71335259101,current
617311,71335259102,current
617311,71335259103,current
617311,71335259104,current
617311,71335259105,current
617311,71335259106,current
617311,71335259107,current
617311,71335269701,current
617311,71335269702,current
617311,71335269703,current
617311,71335269704,current
617311,71335269705,current
617311,71335269706,current
617311,71335269707,current
617311,71335269708,current
617311,71335971101,current
617311,71335971102,current
617311,71335971103,current
617311,71335971104,current
617311,71335971105,current
617311,71335971106,current
617311,71335971107,current
617311,71335971108,current
617311,71335972301,current
617311,71335972302,current
617311,71335972303,current
617311,71335972304,current
617311,71335972305,current
617311,71335972306,current
617311,71335972307,current
617311,71399054001,current
617311,71399064001,current
617311,71610016315,current
617311,71610016330,current
617311,71610016345,current
617311,71610016815,current
617311,71610016830,current
617311,71610016845,current
617311,71610016860,current
617311,71610074515,current
617311,71610074530,current
617311,71610074545,current
617311,71610074553,current
617311,71610074560,current
617311,72162223809,current
617311,72189055730,current
617311,72189055790,current
617311,72205002405,current
617311,72205002430,current
617311,72205002490,current
617311,72205002499,current
617311,72603028401,current
617311,72603028402,current
617311,72603028403,current
617311,72603040501,current
617311,72603040502,current
617311,72789008930,current
617311,75834025701,current
617311,75834025725,current
617311,75834025750,current
617311,75834025790,current
617311,76420094600,current
617311,76420094605,current
617311,76420094612,current
617311,76420094620,current
617311,76420094623,current
617311,76420094630,current
617311,76420094638,current
617311,76420094660,current
617311,76420094690,current
617311,76519106303,current
617311,77771045310,current
617311,77771045390,current
617311,82009000310,current
617311,82009017810,current
617311,82137001801,current
617311,82804002630,current
617311,82804002660,current
617311,82804002690,current
617311,82804005630,current
617311,82804005660,current
617311,82804005690,current
617311,82868002930,current
617311,82868004830,current
617311,87441001301,current
617312,00093505610,current
617312,00093505698,current
617312,00378395005,current
617312,00378395007,current
617312,00378395009,current
617312,00378395077,current
617312,00480358510,current
617312,00480358598,current
617312,00615800605,current
617312,00615800607,current
617312,00615800630,current
617312,00615800639,current
617312,00781538192,current
617312,00904629006,current
617312,00904629061,current
617312,10135064910,current
617312,16571013609,current
617312,16571013610,current
617312,16571013650,current
617312,16714017301,current
617312,16714017302,current
617312,16714017303,current
617312,16729004401,current
617312,16729004410,current
617312,16729004415,current
617312,16729004416,current
617312,16729004417,current
617312,24658050710,current
617312,24658050790,current
617312,31722042405,current
617312,31722042410,current
617312,31722042490,current
617312,33342031510,current
617312,33342031511,current
617312,33342031512,current
617312,33342031515,current
617312,33342031544,current
617312,35356086018,current
617312,35356086030,current
617312,35356086090,current
617312,42385094001,current
617312,42385094005,current
617312,42385094010,current
617312,42385094011,current
617312,42385094030,current
617312,42385094068,current
617312,42385094090,current
617312,42571017210,current
617312,42571017211,current
617312,42571017230,current
617312,42571017232,current
617312,42571017290,current
617312,42708000330,current
617312,42708001430,current
617312,43063037330,current
617312,43063047430,current
617312,43353011545,current
617312,43598009805,current
617312,43598009810,current
617312,43598009878,current
617312,43598009887,current
617312,43598009890,current
617312,43598083005,current
617312,43598083078,current
617312,43598083079,current
617312,43598083090,current
617312,48433000701,current
617312,48433000720,current
617312,50090125400,current
617312,50090125401,current
617312,50090125500,current
617312,50090125501,current
617312,50090496400,current
617312,50090496401,current
617312,50090506900,current
617312,50090516200,current
617312,50090518400,current
617312,50090518401,current
617312,50090518402,current
617312,50090518500,current
617312,50090549701,current
617312,50090563600,current
617312,50090563601,current
617312,50090647900,current
617312,50090647901,current
617312,50090647902,current
617312,50090648000,current
617312,50090757400,current
617312,50090757401,current
617312,50090757402,current
617312,50090757500,current
617312,50090772000,current
617312,50090772001,current
617312,50090772002,current
617312,50090772100,current
617312,50228045110,current
617312,50228045190,current
617312,50268009311,current
617312,50268009315,current
617312,51079020801,current
617312,51079020820,current
617312,51407007810,current
617312,51407007890,current
617312,51655061030,current
617312,51655061352,current
617312,51655061383,current
617312,51655061452,current
617312,51655094652,current
617312,55111012105,current
617312,55111012110,current
617312,55111012130,current
617312,55111012160,current
617312,55111012190,current
617312,55154588400,current
617312,55154663500,current
617312,55700065930,current
617312,59651060605,current
617312,59651060630,current
617312,59651060690,current
617312,59651060699,current
617312,59762015501,current
617312,59762015502,current
617312,60290003901,current
617312,60290003902,current
617312,60290003903,current
617312,60290003904,current
617312,60429032310,current
617312,60505257800,current
617312,60505257803,current
617312,60505257805,current
617312,60505257807,current
617312,60505257808,current
617312,60505257809,current
617312,60760059330,current
617312,60760066630,current
617312,61919095630,current
617312,61919095690,current
617312,62175089043,current
617312,62175089046,current
617312,63304082705,current
617312,63304082790,current
617312,63629846901,current
617312,63739001810,current
617312,67046144203,current
617312,67046145803,current
617312,67046149103,current
617312,67046167703,current
617312,67296213009,current
617312,67877051105,current
617312,67877051110,current
617312,67877051133,current
617312,67877051138,current
617312,67877051155,current
617312,67877051190,current
617312,68071091430,current
617312,68071238903,current
617312,68071238906,current
617312,68071354609,current
617312,68071370109,current
617312,68071381303,current
617312,68071386803,current
617312,68071391209,current
617312,68071500803,current
617312,68071519803,current
617312,68084009701,current
617312,68084009711,current
617312,68180063502,current
617312,68180063506,current
617312,68180063509,current
617312,68382024910,current
617312,68382024916,current
617312,68645045854,current
617312,68645045870,current
617312,68645048054,current
617312,68645048070,current
617312,68788400801,current
617312,68788400803,current
617312,68788400806,current
617312,68788400809,current
617312,68788790001,current
617312,68788790003,current
617312,68788790006,current
617312,68788790009,current
617312,68788838901,current
617312,68788838903,current
617312,68788838906,current
617312,68788838909,current
617312,68788839501,current
617312,68788839503,current
617312,68788839506,current
617312,68788839509,current
617312,68788840901,current
617312,68788840903,current
617312,68788840906,current
617312,68788840909,current
617312,68788865603,current
617312,68788865606,current
617312,68788865609,current
617312,68788867203,current
617312,68788867206,current
617312,68788867209,current
617312,68788868401,current
617312,68788868403,current
617312,68788868406,current
617312,68788868409,current
617312,68788884203,current
617312,68788884206,current
617312,68788884209,current
617312,69097089705,current
617312,69097089715,current
617312,69097094405,current
617312,69097094415,current
617312,70377002711,current
617312,70377002713,current
617312,70377007711,current
617312,70377007712,current
617312,70377007713,current
617312,70518022400,current
617312,70518022401,current
617312,70518022402,current
617312,70518329800,current
617312,70518329801,current
617312,70518413800,current
617312,70518413801,current
617312,70518442200,current
617312,70518442201,current
617312,70518442202,current
617312,70518442203,current
617312,70518455000,current
617312,70710177700,current
617312,70710177705,current
617312,70710177709,current
617312,70756024712,current
617312,70756024730,current
617312,70756024751,current
617312,70756024790,current
617312,70771187500,current
617312,70771187505,current
617312,70771187509,current
617312,70882011930,current
617312,70934007030,current
617312,70934025090,current
617312,70934031290,current
617312,70934048230,current
617312,70934048290,current
617312,71205024630,current
617312,71205024660,current
617312,71205024690,current
617312,71205080230,current
617312,71205080290,current
617312,71209009004,current
617312,71335016901,current
617312,71335016902,current
617312,71335016903,current
617312,71335016904,current
617312,71335138801,current
617312,71335138802,current
617312,71335138803,current
617312,71335138804,current
617312,71335138805,current
617312,71335138806,current
617312,71335171001,current
617312,71335171002,current
617312,71335171003,current
617312,71335171004,current
617312,71335171005,current
617312,71335171006,current
617312,71335224101,current
617312,71335224102,current
617312,71335224103,current
617312,71335224104,current
617312,71335224105,current
617312,71335224106,current
617312,71335238801,current
617312,71335238802,current
617312,71335238803,current
617312,71335238804,current
617312,71335238805,current
617312,71335238806,current
617312,71335297701,current
617312,71335297702,current
617312,71335297703,current
617312,71335297704,current
617312,71335297705,current
617312,71335297706,current
617312,71335314401,current
617312,71335314402,current
617312,71335314403,current
617312,71335314404,current
617312,71335314405,current
617312,71335314406,current
617312,71399051001,current
617312,71610016960,current
617312,72162155409,current
617312,72189022630,current
617312,72189022690,current
617312,72189053130,current
617312,72189053190,current
617312,72189068130,current
617312,72205002205,current
617312,72205002230,current
617312,72205002290,current
617312,72205002299,current
617312,72603028201,current
617312,72603028202,current
617312,72603028203,current
617312,72603040301,current
617312,72603040302,current
617312,72789015330,current
617312,75834025501,current
617312,75834025505,current
617312,75834025550,current
617312,75834025590,current
617312,76420094300,current
617312,76420094305,current
617312,76420094312,current
617312,76420094320,current
617312,76420094330,current
617312,76420094338,current
617312,76420094355,current
617312,76420094360,current
617312,76420094390,current
617312,76519107503,current
617312,77771045110,current
617312,77771045190,current
617312,82009000110,current
617312,82009000190,current
617312,82009017610,current
617312,82137001601,current
617312,82804014430,current
617312,82804014490,current
630208,00378827031,current
630208,00378827052,current
630208,00378827055,current
630208,00378827062,current
630208,00378827064,current
630208,00378827091,current
630208,00378827093,current
630208,00487950100,current
630208,00487950101,current
630208,00487950102,current
630208,00487950103,current
630208,00487950125,current
630208,00487950160,current
630208,00781715529,current
630208,00781715564,current
630208,00781715586,current
630208,47335070348,current
630208,47335070349,current
630208,47335070352,current
630208,47335070354,current
630208,50090051600,current
630208,50090051601,current
630208,50090340000,current
630208,50090656000,current
630208,50090656001,current
630208,51662149901,current
630208,55045204307,current
630208,55154213205,current
630208,55154435905,current
630208,55154441005,current
630208,55887039125,current
630208,55887039130,current
630208,60687039579,current
630208,60687039583,current
630208,62135082884,current
630208,62947640504,current
630208,62947640509,current
630208,63187020425,current
630208,64980064102,current
630208,64980064103,current
630208,64980064106,current
630208,65862085801,current
630208,65862085803,current
630208,65862085805,current
630208,65862085825,current
630208,65862085830,current
630208,65862085860,current
630208,68071378002,current
630208,68071454306,current
630208,68071475402,current
630208,68788770202,current
630208,68788839902,current
630208,68788849202,current
630208,70518344200,current
630208,70518356000,current
630208,70518356001,current
630208,70518449000,current
630208,71205064125,current
630208,71205064130,current
630208,71872705401,current
630208,75619109903,current
630208,76204020001,current
630208,76204020025,current
630208,76204020030,current
630208,76204020060,current
630208,76420008703,current
630208,76420008725,current
630208,81894010402,current
630208,81894010425,current
630208,81894010430,current
630208,81894010460,current
630208,85766012701,current
630208,85766012725,current
630208,85766012730,current
630208,85766012760,current
630208,87063003101,current
630208,87063003125,current
630208,87063003130,current
630208,87063003160,current
636045,00378632505,current
636045,00378632577,current
636045,00781595292,current
636045,33342007810,current
636045,33342007815,current
636045,42291096990,current
636045,43547031503,current
636045,43547031509,current
636045,43547031550,current
636045,46708045710,current
636045,46708045730,current
636045,46708045771,current
636045,46708045790,current
636045,50090264000,current
636045,50090488300,current
636045,50090534500,current
636045,50090744300,current
636045,51655024352,current
636045,51655065552,current
636045,51655095152,current
636045,53746084990,current
636045,60505381009,current
636045,62332008310,current
636045,62332008330,current
636045,62332008371,current
636045,62332008390,current
636045,63187069430,current
636045,63187069460,current
636045,63187069490,current
636045,65162084903,current
636045,65162084909,current
636045,65162084911,current
636045,65162084950,current
636045,65862055105,current
636045,65862055190,current
636045,68180010202,current
636045,68180010209,current
636045,68180010211,current
636045,70771148900,current
636045,70771148904,current
636045,70771148909,current
636045,71205001530,current
636045,71205001560,current
636045,71205001590,current
636045,71335054701,current
636045,71335054702,current
636045,71335085301,current
636045,71335085302,current
636045,71335220001,current
636045,71335220002,current
643066,00093523456,current
643066,31722073630,current
643066,33342013807,current
643066,42385091530,current
643066,42385091590,current
643066,65862049730,current
643066,69097021002,current
643066,72162256503,current
643066,76282067830,current
665078,00113101900,current
665078,00113101939,current
665078,00113101949,current
665078,00363998530,current
665078,00363998560,current
665078,11673011130,current
665078,11673011530,current
665078,11673031030,current
665078,11673099630,current
665078,11673099730,current
665078,11822080101,current
665078,11822724000,current
665078,11822832907,current
665078,11822999903,current
665078,21130064620,current
665078,21130096320,current
665078,21130099920,current
665078,30142056530,current
665078,30142098430,current
665078,30142099630,current
665078,36800036339,current
665078,36800036349,current
665078,37808050639,current
665078,37808050652,current
665078,41163036401,current
665078,41250062939,current
665078,41520071601,current
665078,41520071639,current
665078,46122055060,current
665078,49035095330,current
665078,51316013352,current
665078,51316082120,current
665078,51316082130,current
665078,51660011231,current
665078,51660072630,current
665078,51660072661,current
665078,51660075331,current
665078,51660075431,current
665078,55910080752,current
665078,56062090020,current
665078,56062092120,current
665078,56062099020,current
665078,62011037101,current
665078,68016005310,current
665078,68016005330,current
665078,68391030149,current
665078,69842089430,current
665078,69842089506,current
665078,69842089520,current
665078,69842089530,current
665078,69842095320,current
665078,69842095430,current
665078,70677104301,current
665078,72288090101,current
665078,72288090149,current
665078,72559003143,current
665078,79903000830,current
665078,79903033030,current
672149,00480323751,current
672149,42291003515,current
672149,68180080136,current
686924,00093005101,current
686924,00093005105,current
686924,00378363101,current
686924,00378363105,current
686924,00615838705,current
686924,00615838730,current
686924,00615838739,current
686924,00781522101,current
686924,00904630061,current
686924,00904730561,current
686924,10135063301,current
686924,10135063305,current
686924,13107014201,current
686924,13107014205,current
686924,42708007260,current
686924,42708018160,current
686924,43063012660,current
686924,43063012693,current
686924,43547025410,current
686924,43547025450,current
686924,50090106200,current
686924,50090106201,current
686924,50090106202,current
686924,50090106203,current
686924,50090185600,current
686924,50090185601,current
686924,50090185603,current
686924,50090206600,current
686924,50090206601,current
686924,50090206602,current
686924,50090206603,current
686924,50090694900,current
686924,50090789000,current
686924,51079077101,current
686924,51079077120,current
686924,51407003901,current
686924,51407003905,current
686924,51655003425,current
686924,51655003452,current
686924,51655003483,current
686924,51655071325,current
686924,51655071352,current
686924,55111025201,current
686924,55111025205,current
686924,55111025210,current
686924,55111025230,current
686924,55111025278,current
686924,55111025279,current
686924,55154264100,current
686924,55700032260,current
686924,57664024213,current
686924,57664024218,current
686924,57664024288,current
686924,58657075001,current
686924,58657075050,current
686924,60505260601,current
686924,60505260608,current
686924,61919021930,current
686924,61919021990,current
686924,63187057060,current
686924,63187057090,current
686924,63187094130,current
686924,63187094160,current
686924,63187094190,current
686924,63629406001,current
686924,63629406002,current
686924,63629406003,current
686924,63629406004,current
686924,63629406005,current
686924,63629406006,current
686924,65841061601,current
686924,65841061605,current
686924,65841061617,current
686924,65862014201,current
686924,65862014205,current
686924,65862014299,current
686924,67046161603,current
686924,68001015300,current
686924,68001015303,current
686924,68071313803,current
686924,68071313806,current
686924,68071313808,current
686924,68071313809,current
686924,68071397006,current
686924,68084026101,current
686924,68084026111,current
686924,68084084301,current
686924,68084084311,current
686924,68382009201,current
686924,68382009205,current
686924,68382009217,current
686924,68462016201,current
686924,68462016205,current
686924,68462016210,current
686924,68462016218,current
686924,68462016260,current
686924,68788825201,current
686924,68788825203,current
686924,68788825206,current
686924,68788825208,current
686924,68788825209,current
686924,70518137700,current
686924,70518137701,current
686924,70518137702,current
686924,70518137703,current
686924,70518137704,current
686924,70518137705,current
686924,70518137706,current
686924,70518137707,current
686924,70518364000,current
686924,70518364001,current
686924,71335112801,current
686924,71335112802,current
686924,71335112803,current
686924,71335112804,current
686924,71335112805,current
686924,71335112806,current
686924,71335140701,current
686924,71335140702,current
686924,71335140703,current
686924,71335140704,current
686924,71335140705,current
686924,71335140706,current
686924,71610006253,current
686924,71610006260,current
686924,71610006280,current
686924,71610013253,current
686924,71610013260,current
686924,71610013280,current
686924,72189065390,current
686924,72789041190,current
686924,72888003400,current
686924,72888003401,current
686924,72888003405,current
686924,72888003430,current
686924,72888049901,current
686924,72888049902,current
686924,72888049903,current
686924,76385011001,current
686924,76385011050,current
686924,82009012505,current
686924,82804019160,current
705129,28595012012,current
705129,28595012049,current
705129,45802021001,current
705129,45802021002,current
705129,51662139301,current
705129,51662142301,current
705129,51662151901,current
705129,51662151902,current
705129,51662167201,current
705129,51662167202,current
705129,66993024141,current
705129,66993024150,current
705129,70003030020,current
705129,70003030065,current
727711,55513017701,historical
727711,55513017707,historical
727711,55513017728,historical
727711,66658023401,historical
727711,66658023407,historical
727711,66658023428,historical
727762,00143902201,current
727762,00143902202,current
727762,00310772010,current
727762,00591501902,current
727762,00591501911,current
727762,00781307901,current
727762,00781307912,current
727762,00781349212,current
727762,00781353201,current
727762,00781353212,current
727762,00781905501,current
727762,00781905512,current
727762,16714007001,current
727762,16714007002,current
727762,16729043630,current
727762,16729043631,current
727762,25021046274,current
727762,25021047166,current
727762,25021047174,current
727762,43598026202,current
727762,43598026211,current
727762,43598026223,current
727762,55150039401,current
727762,55150039402,current
727762,62332065005,current
727762,62332065010,current
727762,63323071501,current
727762,63323071505,current
727762,67457031105,current
727762,68001048485,current
727762,68001048486,current
727762,68001052285,current
727762,68001052286,current
727762,68001062685,current
727762,68001062686,current
727762,68462031732,current
727762,68462031740,current
727762,68642031732,current
727762,70121146301,current
727762,70121146302,current
727762,70121146303,current
727762,70121146309,current
727762,70700028498,current
727762,70710168802,current
727762,70710168808,current
727762,70771162602,current
727762,70771162608,current
727762,70860021141,current
727762,70860021174,current
727762,71288055585,current
727762,71288055586,current
727762,71731612101,current
727762,72603010502,current
727762,83634020341,current
727762,83634020374,current
744842,31722058460,current
745752,50090449100,current
745791,00591292754,current
745791,63187087615,current
745791,63629882201,current
746763,52959056901,current
746763,66758095985,current
746815,78206011402,current
748856,50419040501,current
748856,50419040503,current
748879,51862009701,current
748879,51862009706,current
748879,53002156503,current
748879,53002156506,current
748962,51862088401,current
748962,51862088403,current
748962,75907007428,current
748962,75907007432,current
749196,00904646707,current
749196,00904646710,current
749196,16729021910,current
749196,16729021945,current
749196,16729021946,current
749196,31722075905,current
749196,31722075930,current
749196,42543071401,current
749196,42543071405,current
749196,42543071430,current
749196,42543071490,current
749196,43598012205,current
749196,43598012206,current
749196,43598012230,current
749196,43598012259,current
749196,50228012105,current
749196,50228012130,current
749196,50228012190,current
749196,50268018411,current
749196,50268018412,current
749196,51079055801,current
749196,51079055803,current
749196,52605008305,current
749196,52605008313,current
749196,55111067101,current
749196,55111067105,current
749196,55111067106,current
749196,55111067130,current
749196,55111067131,current
749196,55111067148,current
749196,55111067178,current
749196,55111067179,current
749196,55111067181,current
749196,55111067190,current
749196,60505353205,current
749196,62034001711,current
749196,63739017830,current
749196,68084075218,current
749196,68084075219,current
749196,68084075225,current
749196,68084075295,current
749196,69367019405,current
749196,69367019430,current
749196,77771012105,current
749196,77771012130,current
749196,77771012190,current
749196,82804098600,current
749196,82804098630,current
749196,82804098655,current
749196,82804098660,current
749196,82804098664,current
749196,82804098672,current
749196,82804098678,current
749196,82804098690,current
749762,51285008787,current
749785,50458019120,current
749882,00025026306,historical
749882,00025026506,historical
749882,00025026524,historical
749882,42987010023,historical
749882,42987010123,historical
749882,42987010127,historical
749882,42987010161,historical
749882,52544026528,historical
749882,52544026531,historical
749882,63285020928,historical
751616,00456141030,current
751616,00456141090,current
751616,50090130700,current
751616,50090130701,current
751623,00456140511,current
751623,00456140530,current
751623,00456140563,current
751623,00456140590,current
751623,50090112700,current
751623,50090112701,current
751905,68788723902,current
752899,00024079375,historical
752899,62935075174,historical
752899,62935075474,historical
752899,63646010001,historical
757594,00062892028,historical
757594,00107892028,historical
757594,52544089228,historical
757594,58016482701,historical
763138,67286004001,historical
763138,67286040001,historical
763138,67286040002,historical
789980,00409372501,current
789980,00409372511,current
789980,00781340946,current
789980,00781340995,current
789980,00781940946,current
789980,00781940995,current
789980,25021019799,current
789980,44567010401,current
789980,44567010410,current
789980,55150011599,current
789980,63323040400,current
789980,66794022415,current
789980,67457040410,current
789980,70594008801,current
789980,70860011899,current
789980,72485042301,current
789980,72485042310,current
789980,72603057801,current
789980,83270031501,current
789980,83634010099,current
807283,50419042101,current
807283,50419042301,current
807283,50419042308,current
808917,50090582600,current
808917,50090613000,current
808917,59651065103,current
808917,60219395501,current
808917,60219395503,current
808917,63629947001,current
808917,67877074957,current
808917,68094006401,current
808917,68094006420,current
808917,69097057967,current
808917,70700026894,current
808917,70700026899,current
808917,73289006701,current
808917,73289006702,current
808917,81033002403,current
808917,81033002411,current
808917,82036427401,current
808917,82036427408,current
827075,00456142030,current
827075,00456142063,current
827075,00456142090,current
827075,50090332600,current
831533,51862088601,current
831533,51862088603,current
831533,71205052628,current
831533,75907007528,current
831533,75907007532,current
833135,31722084932,current
833135,31722084960,current
833135,51991003706,current
833135,68462076660,current
834061,00093117201,current
834061,00093117210,current
834061,00143983701,current
834061,00143983710,current
834061,00781120501,current
834061,00781120510,current
834061,16714023401,current
834061,16714023402,current
834061,33358028420,current
834061,33358028430,current
834061,33358028440,current
834061,33358028460,current
834061,43063062240,current
834061,43063070406,current
834061,43063070420,current
834061,43063070428,current
834061,43063070440,current
834061,49999000240,current
834061,50090228600,current
834061,50090228602,current
834061,50090228603,current
834061,50090228604,current
834061,50090228700,current
834061,50090330700,current
834061,50090330701,current
834061,50090337400,current
834061,50090337402,current
834061,50090337403,current
834061,50090337404,current
834061,50090342500,current
834061,50090342501,current
834061,50090350600,current
834061,50090350602,current
834061,50090350603,current
834061,50090350604,current
834061,52959033320,current
834061,52959033324,current
834061,52959033328,current
834061,52959033330,current
834061,52959033340,current
834061,57237004001,current
834061,57237004099,current
834061,58864037940,current
834061,62135009801,current
834061,62135009830,current
834061,63187067620,current
834061,63187067630,current
834061,63187067640,current
834061,63629273802,current
834061,63629505001,current
834061,65862017501,current
834061,65862017599,current
834061,66267015906,current
834061,66267015920,current
834061,66267015930,current
834061,66267015940,current
834061,68071224406,current
834061,68071317602,current
834061,68071317603,current
834061,68071317604,current
834061,68071317606,current
834061,68071317608,current
834061,68071340104,current
834061,68071342706,current
834061,68071356204,current
834061,68071429803,current
834061,68071429804,current
834061,68071429806,current
834061,68071429808,current
834061,68071429809,current
834061,68071469704,current
834061,68071469708,current
834061,68071475306,current
834061,68071475308,current
834061,70518431000,current
834061,70518431001,current
834061,71335270201,current
834061,72789014606,current
834061,72789014620,current
834061,72789014628,current
834061,72789022301,current
834061,72789024520,current
834061,72789024528,current
834061,72789024540,current
834061,72789036628,current
834102,00093117401,current
834102,00093117410,current
834102,00093519501,current
834102,00143983601,current
834102,00143983610,current
834102,00781165501,current
834102,00781165510,current
834102,16714023501,current
834102,16714023502,current
834102,33358028520,current
834102,33358028530,current
834102,33358028540,current
834102,33358028560,current
834102,42708009814,current
834102,43063009604,current
834102,43063009606,current
834102,43063009615,current
834102,43063009620,current
834102,43063009628,current
834102,43063009630,current
834102,43063009640,current
834102,43063055704,current
834102,43063055706,current
834102,43063055715,current
834102,43063055720,current
834102,43063055728,current
834102,43063055730,current
834102,43063055740,current
834102,43063057628,current
834102,43063057640,current
834102,43063061440,current
834102,43063068040,current
834102,43063078006,current
834102,43063078015,current
834102,43063078020,current
834102,43063078028,current
834102,43063078030,current
834102,43063078040,current
834102,43063099528,current
834102,43063099540,current
834102,50090161004,current
834102,50090321001,current
834102,50090321002,current
834102,50090321004,current
834102,50090321006,current
834102,50090465100,current
834102,50090465101,current
834102,50090465201,current
834102,50090465202,current
834102,50090465204,current
834102,50090465205,current
834102,50090465206,current
834102,50090554300,current
834102,50090554301,current
834102,50090554302,current
834102,50090554304,current
834102,50090554305,current
834102,50090554306,current
834102,50090667500,current
834102,50090667501,current
834102,51655001103,current
834102,51655001120,current
834102,51655001151,current
834102,51655001152,current
834102,52959021301,current
834102,52959021310,current
834102,52959021320,current
834102,52959021324,current
834102,52959021328,current
834102,52959021330,current
834102,52959021340,current
834102,55700023028,current
834102,55700057240,current
834102,55887098021,current
834102,55887098028,current
834102,57237004101,current
834102,57237004105,current
834102,57237004199,current
834102,58864061228,current
834102,61919064928,current
834102,61919064930,current
834102,61919064940,current
834102,62135009901,current
834102,62135009940,current
834102,63187075620,current
834102,63187075630,current
834102,63187075640,current
834102,63187092620,current
834102,63187092630,current
834102,63187092640,current
834102,63629422801,current
834102,63629422901,current
834102,63629423601,current
834102,63629762301,current
834102,63629792801,current
834102,63629911001,current
834102,65862017601,current
834102,65862017605,current
834102,65862017699,current
834102,66267016020,current
834102,66267016028,current
834102,66267016030,current
834102,66267016040,current
834102,66336009520,current
834102,66336009528,current
834102,66336009530,current
834102,66336009540,current
834102,67296226102,current
834102,67296226103,current
834102,67296226104,current
834102,68071329904,current
834102,68071329906,current
834102,68071329909,current
834102,68071364003,current
834102,68071364004,current
834102,68071364008,current
834102,68071483803,current
834102,68071483808,current
834102,68071508106,current
834102,68788824202,current
834102,68788824204,current
834102,70518275800,current
834102,70518275801,current
834102,70518275802,current
834102,70518275803,current
834102,70518275804,current
834102,70518275805,current
834102,70518275806,current
834102,70518275807,current
834102,70518275808,current
834102,70518275809,current
834102,70518287701,current
834102,70518344100,current
834102,70518344101,current
834102,70518344102,current
834102,70518344103,current
834102,70518344104,current
834102,70518344105,current
834102,70518465700,current
834102,70934003520,current
834102,70934003530,current
834102,70934003540,current
834102,70934003591,current
834102,70934003593,current
834102,70934003594,current
834102,72789022201,current
834102,72789022230,current
835603,00093005801,current
835603,00093005805,current
835603,00093330101,current
835603,00093330105,current
835603,00185031101,current
835603,00185031110,current
835603,00378415101,current
835603,00378415105,current
835603,00904717961,current
835603,00904749661,current
835603,10135051901,current
835603,10135051905,current
835603,10135051910,current
835603,12634078612,current
835603,12634078624,current
835603,12634078660,current
835603,12634078671,current
835603,12634078680,current
835603,16571071601,current
835603,16571071610,current
835603,16571071650,current
835603,27808030101,current
835603,27808030102,current
835603,27808030103,current
835603,29300035501,current
835603,29300035505,current
835603,29300035510,current
835603,33261010560,current
835603,33342020111,current
835603,33342020115,current
835603,33342020144,current
835603,33358034200,current
835603,33358034201,current
835603,33358034260,current
835603,33358034290,current
835603,35356065901,current
835603,35356065912,current
835603,35356065918,current
835603,35356065920,current
835603,35356065924,current
835603,35356065930,current
835603,35356065940,current
835603,35356065960,current
835603,35356065990,current
835603,43353007215,current
835603,43353007220,current
835603,43353007224,current
835603,43353007228,current
835603,43353007230,current
835603,43353007240,current
835603,43353007245,current
835603,43353007246,current
835603,43353007250,current
835603,43353007253,current
835603,43353007254,current
835603,43353007257,current
835603,43353007260,current
835603,43353007265,current
835603,43353007267,current
835603,43353007272,current
835603,43353007273,current
835603,43353007275,current
835603,43353007280,current
835603,43353007285,current
835603,43353007289,current
835603,43353007290,current
835603,43353007292,current
835603,43353007294,current
835603,43353007298,current
835603,45865035700,current
835603,45865035701,current
835603,45865035702,current
835603,45865035705,current
835603,45865035730,current
835603,45865035751,current
835603,45865035760,current
835603,45865035790,current
835603,50090080600,current
835603,50090080601,current
835603,50090080602,current
835603,50090080603,current
835603,50090080604,current
835603,50090080605,current
835603,50090080609,current
835603,50090080701,current
835603,50090080702,current
835603,50090080703,current
835603,50090300000,current
835603,50090471600,current
835603,50090471601,current
835603,50090471602,current
835603,50090471603,current
835603,50090471604,current
835603,50090471605,current
835603,50090471609,current
835603,50090471701,current
835603,50090471703,current
835603,50090578900,current
835603,50090578901,current
835603,50090578902,current
835603,50090578903,current
835603,50090578904,current
835603,50090578905,current
835603,50090578909,current
835603,50090579001,current
835603,50090579002,current
835603,50090579003,current
835603,50111061601,current
835603,50111061602,current
835603,50436013601,current
835603,50436013602,current
835603,50436013603,current
835603,50436013604,current
835603,50436013605,current
835603,50436013606,current
835603,50436013607,current
835603,50436013608,current
835603,50436037701,current
835603,50436037702,current
835603,50436037703,current
835603,50436037704,current
835603,50436037705,current
835603,50436037706,current
835603,50436037707,current
835603,50436037708,current
835603,50436878700,current
835603,50436878701,current
835603,50436878702,current
835603,50436878703,current
835603,50436878705,current
835603,50436878706,current
835603,50436878707,current
835603,50436878708,current
835603,51079099101,current
835603,51079099120,current
835603,51079099130,current
835603,51079099156,current
835603,51407000701,current
835603,51407000705,current
835603,52817019500,current
835603,52817019510,current
835603,52817019550,current
835603,52959068800,current
835603,52959068802,current
835603,52959068803,current
835603,52959068805,current
835603,52959068808,current
835603,52959068810,current
835603,52959068812,current
835603,52959068814,current
835603,52959068815,current
835603,52959068818,current
835603,52959068820,current
835603,52959068821,current
835603,52959068824,current
835603,52959068825,current
835603,52959068828,current
835603,52959068830,current
835603,52959068835,current
835603,52959068840,current
835603,52959068850,current
835603,52959068856,current
835603,52959068860,current
835603,52959068884,current
835603,52959068890,current
835603,55154254104,current
835603,55154254107,current
835603,55700041201,current
835603,55700041218,current
835603,55700041230,current
835603,55700041260,current
835603,55700041290,current
835603,55700099701,current
835603,55700099715,current
835603,55700099718,current
835603,55700099724,current
835603,55700099730,current
835603,55700099760,current
835603,55700099790,current
835603,55887065810,current
835603,55887065815,current
835603,55887065850,current
835603,55887065892,current
835603,57664037708,current
835603,57664037713,current
835603,57664037718,current
835603,58118234808,current
835603,58864067820,current
835603,59651044101,current
835603,59651044105,current
835603,59651044199,current
835603,60219234801,current
835603,60219234804,current
835603,60219234805,current
835603,60219234807,current
835603,60429058801,current
835603,60429058805,current
835603,60687079501,current
835603,60687079511,current
835603,60760037709,current
835603,60760037720,current
835603,60760037730,current
835603,60760037750,current
835603,60760037760,current
835603,60760037790,current
835603,60760037792,current
835603,60760037799,current
835603,60760058809,current
835603,60760058820,current
835603,60760058830,current
835603,60760058850,current
835603,60760058860,current
835603,60760058890,current
835603,60760058892,current
835603,60760058898,current
835603,60760072709,current
835603,60760072720,current
835603,60760072730,current
835603,60760072750,current
835603,60760072760,current
835603,60760072790,current
835603,60760072792,current
835603,60760072798,current
835603,60760077209,current
835603,60760077220,current
835603,60760077230,current
835603,60760077250,current
835603,60760077260,current
835603,60760077290,current
835603,61919007320,current
835603,61919007330,current
835603,61919007350,current
835603,61919007360,current
835603,61919007372,current
835603,61919007382,current
835603,61919007384,current
835603,61919007390,current
835603,61919022912,current
835603,61919022920,current
835603,61919022930,current
835603,61919022950,current
835603,61919022960,current
835603,61919022972,current
835603,61919022982,current
835603,61919022984,current
835603,61919022990,current
835603,61919059720,current
835603,61919059730,current
835603,61919059740,current
835603,61919059760,current
835603,61919059772,current
835603,61919059782,current
835603,61919059784,current
835603,61919059790,current
835603,63187006315,current
835603,63187006320,current
835603,63187006330,current
835603,63187006340,current
835603,63187006360,current
835603,63187006364,current
835603,63187006372,current
835603,63187006378,current
835603,63187006390,current
835603,63629286800,current
835603,63629286801,current
835603,63629286802,current
835603,63629286803,current
835603,63629286804,current
835603,63629286805,current
835603,63629286806,current
835603,63629286807,current
835603,63629286809,current
835603,63629489901,current
835603,63629489902,current
835603,63629489903,current
835603,63629489904,current
835603,63629489905,current
835603,63629489906,current
835603,63629489907,current
835603,63629489908,current
835603,63629489909,current
835603,64380079101,current
835603,64380079102,current
835603,64380079103,current
835603,64980061401,current
835603,64980061410,current
835603,64980061450,current
835603,65084041718,current
835603,65084041736,current
835603,65162062701,current
835603,65162062710,current
835603,65162062711,current
835603,65162062750,current
835603,66267056315,current
835603,66267056320,current
835603,66267056328,current
835603,66267056330,current
835603,66267056340,current
835603,66267056345,current
835603,66267056350,current
835603,66267056384,current
835603,66267056391,current
835603,66267056392,current
835603,66267056399,current
835603,66267084306,current
835603,66336091530,current
835603,66627056391,current
835603,67046120903,current
835603,67296004501,current
835603,67296102101,current
835603,67296102102,current
835603,67296102103,current
835603,67296102104,current
835603,67296102105,current
835603,67296102106,current
835603,67296102107,current
835603,67296183401,current
835603,67296183402,current
835603,67296183403,current
835603,67296183404,current
835603,67296183406,current
835603,67296183407,current
835603,67544020753,current
835603,68071135100,current
835603,68071364403,current
835603,68071364404,current
835603,68071364405,current
835603,68071364406,current
835603,68071364409,current
835603,68071365502,current
835603,68071365504,current
835603,68071365506,current
835603,68071411901,current
835603,68071411903,current
835603,68071411904,current
835603,68071411905,current
835603,68071411906,current
835603,68071411907,current
835603,68071411908,current
835603,68071411909,current
835603,68071514202,current
835603,68071514206,current
835603,68071520403,current
835603,68071520404,current
835603,68071520405,current
835603,68071520408,current
835603,68071520409,current
835603,68084080801,current
835603,68084080811,current
835603,68382031901,current
835603,68382031905,current
835603,68382031910,current
835603,68788403501,current
835603,68788403502,current
835603,68788403503,current
835603,68788403504,current
835603,68788403505,current
835603,68788403506,current
835603,68788403507,current
835603,68788403508,current
835603,68788403509,current
835603,68788404001,current
835603,68788404002,current
835603,68788404003,current
835603,68788404004,current
835603,68788404005,current
835603,68788404006,current
835603,68788404007,current
835603,68788404008,current
835603,68788404009,current
835603,68788411401,current
835603,68788411402,current
835603,68788411403,current
835603,68788411404,current
835603,68788411405,current
835603,68788411406,current
835603,68788411408,current
835603,68788411409,current
835603,68788812101,current
835603,68788812102,current
835603,68788812103,current
835603,68788812104,current
835603,68788812105,current
835603,68788812106,current
835603,68788812107,current
835603,68788812108,current
835603,68788812109,current
835603,68788871701,current
835603,68788871702,current
835603,68788871703,current
835603,68788871704,current
835603,68788871705,current
835603,68788871706,current
835603,68788871707,current
835603,68788871708,current
835603,68788871709,current
835603,69150002010,current
835603,69238234801,current
835603,69238234804,current
835603,69238234805,current
835603,69238234807,current
835603,69512062710,current
835603,69543013610,current
835603,69543013611,current
835603,69543013650,current
835603,70518382400,current
835603,70518382401,current
835603,70518382402,current
835603,70518382403,current
835603,70518382404,current
835603,70518382405,current
835603,70518382406,current
835603,70518382407,current
835603,70518382408,current
835603,70518382409,current
835603,70518424800,current
835603,70934046190,current
835603,71093011904,current
835603,71093011905,current
835603,71093011906,current
835603,71205006620,current
835603,71205006630,current
835603,71205006660,current
835603,71205006672,current
835603,71205030315,current
835603,71205030320,current
835603,71205030330,current
835603,71205030340,current
835603,71205030360,current
835603,71205030372,current
835603,71205030378,current
835603,71205030390,current
835603,71205038915,current
835603,71205038920,current
835603,71205038930,current
835603,71205038960,current
835603,71205038972,current
835603,71205074015,current
835603,71205074020,current
835603,71205074030,current
835603,71205074040,current
835603,71205074060,current
835603,71205074072,current
835603,71205074078,current
835603,71205074090,current
835603,71335052101,current
835603,71335052103,current
835603,71335052104,current
835603,71335052105,current
835603,71335052106,current
835603,71335052109,current
835603,71335131901,current
835603,71335149803,current
835603,71335149804,current
835603,71335149805,current
835603,71335149807,current
835603,71335251800,current
835603,71335251801,current
835603,71335251802,current
835603,71335251803,current
835603,71335251804,current
835603,71335251805,current
835603,71335251806,current
835603,71335251807,current
835603,71335251808,current
835603,71335251809,current
835603,71335261201,current
835603,71335261202,current
835603,71335261203,current
835603,71335261204,current
835603,71335272101,current
835603,71335272102,current
835603,71335272103,current
835603,71335272104,current
835603,71335314700,current
835603,71335314701,current
835603,71335314702,current
835603,71335314703,current
835603,71335314704,current
835603,71335314705,current
835603,71335314706,current
835603,71335314707,current
835603,71335314708,current
835603,71335314709,current
835603,71335965800,current
835603,71335965801,current
835603,71335965802,current
835603,71335965803,current
835603,71335965804,current
835603,71335965805,current
835603,71335965806,current
835603,71335965807,current
835603,71335965808,current
835603,71335965809,current
835603,71610000615,current
835603,71610000620,current
835603,71610000624,current
835603,71610000628,current
835603,71610000630,current
835603,71610000640,current
835603,71610000645,current
835603,71610000646,current
835603,71610000648,current
835603,71610000650,current
835603,71610000653,current
835603,71610000654,current
835603,71610000657,current
835603,71610000660,current
835603,71610000665,current
835603,71610000667,current
835603,71610000670,current
835603,71610000672,current
835603,71610000673,current
835603,71610000675,current
835603,71610000680,current
835603,71610000685,current
835603,71610000689,current
835603,71610000690,current
835603,71610000692,current
835603,71610000694,current
835603,71610000698,current
835603,71610039815,current
835603,71610039820,current
835603,71610039824,current
835603,71610039828,current
835603,71610039830,current
835603,71610039840,current
835603,71610039845,current
835603,71610039846,current
835603,71610039850,current
835603,71610039853,current
835603,71610039854,current
835603,71610039857,current
835603,71610039860,current
835603,71610039865,current
835603,71610039867,current
835603,71610039870,current
835603,71610039872,current
835603,71610039873,current
835603,71610039875,current
835603,71610039880,current
835603,71610039885,current
835603,71610039890,current
835603,71610086515,current
835603,71610086520,current
835603,71610086524,current
835603,71610086528,current
835603,71610086530,current
835603,71610086540,current
835603,71610086545,current
835603,71610086546,current
835603,71610086550,current
835603,71610086553,current
835603,71610086554,current
835603,71610086557,current
835603,71610086560,current
835603,71610086565,current
835603,71610086567,current
835603,71610086570,current
835603,71610086572,current
835603,71610086573,current
835603,71610086575,current
835603,71610086580,current
835603,71610086585,current
835603,71610086590,current
835603,71610086592,current
835603,72189031112,current
835603,72189031120,current
835603,72189031130,current
835603,72189031140,current
835603,72189031160,current
835603,72189031172,current
835603,72189031182,current
835603,72189031184,current
835603,72189031190,current
835603,72888008000,current
835603,72888008001,current
835603,72888008005,current
835603,76420012760,current
835603,76420020501,current
835603,76420020510,current
835603,76420020512,current
835603,76420020530,current
835603,76420020560,current
835603,76420020590,current
835603,76420073300,current
835603,76420073301,current
835603,76420073302,current
835603,76420073305,current
835603,76420073310,current
835603,76420073312,current
835603,76420073330,current
835603,76420073360,current
835603,76420073390,current
835603,80425005701,current
835603,80425005702,current
835603,80425005703,current
835603,80425005704,current
835603,80425005705,current
835603,80425005801,current
835603,80425005802,current
835603,80425015901,current
835603,80425015902,current
835603,80425015903,current
835603,80425015904,current
835603,80425015905,current
835603,80425015906,current
835603,80425015907,current
835603,80425027401,current
835603,80425027402,current
835603,80425027403,current
835603,80425027404,current
835603,80425027405,current
835603,80425027406,current
835603,80425027407,current
835603,80425027601,current
835603,80425027602,current
835603,80425027603,current
835603,80425027604,current
835603,80425027605,current
835603,80425027606,current
835603,80425027607,current
835603,80425027608,current
835603,80425050101,current
835603,80425050102,current
835603,80425050103,current
835603,80425050104,current
835603,80425050105,current
835603,80425050106,current
835603,80425050107,current
835603,80425050108,current
835603,80425054801,current
835603,80425054802,current
835603,80425054803,current
835603,80425054804,current
835603,80425054805,current
835603,80425054806,current
835603,80425054807,current
835603,80425054808,current
835603,80425058801,current
835603,80425058802,current
835603,80425058803,current
835603,80425058804,current
835603,80425058805,current
835603,80425058806,current
835603,80425058807,current
835603,80425058808,current
835603,82804011415,current
835603,82804011420,current
835603,82804011430,current
835603,82804011440,current
835603,82804011460,current
835603,82804011464,current
835603,82804011472,current
835603,82804011478,current
835603,82804011490,current
835603,82804014215,current
835603,82804014220,current
835603,82804014230,current
835603,82804014260,current
835603,82804014272,current
835603,82804014278,current
835603,82804014290,current
835603,82868005230,current
835603,87063011701,current
835603,87063011705,current
835603,87063011710,current
835603,87063011720,current
835603,87063011730,current
835603,87063011750,current
835603,87063011760,current
835603,87063011790,current
849574,00113036862,current
849574,00113036871,current
849574,00113036878,current
849574,00113090162,current
849574,00113090171,current
849574,00113090175,current
849574,00113090176,current
849574,00113090178,current
849574,00113141271,current
849574,00113436800,current
849574,00113436862,current
849574,00113436871,current
849574,00113436875,current
849574,00113436876,current
849574,00113436878,current
849574,00113436879,current
849574,00113436882,current
849574,00113949062,current
849574,00113949071,current
849574,00113949078,current
849574,00363014075,current
849574,00363014078,current
849574,00363014082,current
849574,00363016801,current
849574,00363036837,current
849574,00363036852,current
849574,00363036861,current
849574,00363036862,current
849574,00363036871,current
849574,00363036875,current
849574,00363036876,current
849574,00363036878,current
849574,00363036879,current
849574,00363036882,current
849574,00363049071,current
849574,00363049076,current
849574,00363049078,current
849574,00363049082,current
849574,00363093882,current
849574,00363609901,current
849574,00363609905,current
849574,00363609920,current
849574,00363960801,current
849574,00363960805,current
849574,00363960809,current
849574,00363960820,current
849574,00363960827,current
849574,00363960842,current
849574,00363960861,current
849574,00363960890,current
849574,00363960901,current
849574,00363960909,current
849574,00363960920,current
849574,00363960942,current
849574,00536109301,current
849574,00536109306,current
849574,00536109311,current
849574,00536109401,current
849574,00536109406,current
849574,00536109411,current
849574,11383022111,current
849574,11383022150,current
849574,11673036871,current
849574,11673036876,current
849574,11673036878,current
849574,11673036882,current
849574,11673036887,current
849574,11673076405,current
849574,11673076409,current
849574,11673090975,current
849574,11673090978,current
849574,11822417002,current
849574,11822417005,current
849574,11822417102,current
849574,11822417105,current
849574,11822604002,current
849574,11822604005,current
849574,11822604006,current
849574,11822604007,current
849574,11822604008,current
849574,11822604009,current
849574,15127046624,current
849574,15127046650,current
849574,21130006105,current
849574,21130006109,current
849574,21130006205,current
849574,21130006209,current
849574,21130006220,current
849574,21130018062,current
849574,21130018071,current
849574,21130018075,current
849574,21130018078,current
849574,21130018079,current
849574,21130059379,current
849574,21130060805,current
849574,21130060820,current
849574,21130060842,current
849574,21130067452,current
849574,21130069005,current
849574,21130085652,current
849574,24385036871,current
849574,24385036878,current
849574,24385036881,current
849574,24385049071,current
849574,24385049078,current
849574,25000014102,current
849574,25000014114,current
849574,25000014126,current
849574,25000014130,current
849574,25000014143,current
849574,25000014198,current
849574,25000014402,current
849574,25000014414,current
849574,25000014420,current
849574,25000014430,current
849574,25000014443,current
849574,25000014498,current
849574,27854010301,current
849574,27854010304,current
849574,27854016000,current
849574,27854016001,current
849574,27854016024,current
849574,27854016510,current
849574,27854017001,current
849574,27854050501,current
849574,27854050502,current
849574,27854055501,current
849574,27854055502,current
849574,27854070001,current
849574,27854070010,current
849574,27854070099,current
849574,27854070101,current
849574,30142061762,current
849574,30142061771,current
849574,30142061776,current
849574,30142061778,current
849574,30142061790,current
849574,30142095410,current
849574,30142095420,current
849574,30142095450,current
849574,30142098082,current
849574,33358025730,current
849574,36800014082,current
849574,36800036862,current
849574,36800036871,current
849574,36800036875,current
849574,36800036876,current
849574,36800036878,current
849574,36800036879,current
849574,36800036882,current
849574,36800049062,current
849574,36800049071,current
849574,36800049075,current
849574,36800049076,current
849574,36800049078,current
849574,36800069675,current
849574,36800069678,current
849574,37205026171,current
849574,37205026178,current
849574,37205026271,current
849574,37205026278,current
849574,37205074471,current
849574,37205074478,current
849574,37808006824,current
849574,37808006850,current
849574,37808049071,current
849574,37808063182,current
849574,37808065262,current
849574,37808065271,current
849574,37808071324,current
849574,37808071350,current
849574,37808071362,current
849574,37808071371,current
849574,37808071375,current
849574,37808071379,current
849574,37808071390,current
849574,37835059401,current
849574,37835059403,current
849574,41163051162,current
849574,41163051171,current
849574,41163051175,current
849574,41163051178,current
849574,41163070771,current
849574,41163070775,current
849574,41163070778,current
849574,41226060905,current
849574,41250031301,current
849574,41250031382,current
849574,41250047762,current
849574,41250047771,current
849574,41250047775,current
849574,41250047776,current
849574,41250047778,current
849574,41250047779,current
849574,41250068071,current
849574,41250068075,current
849574,41250068078,current
849574,41250081862,current
849574,41250081875,current
849574,41250081878,current
849574,41520034982,current
849574,41520050748,current
849574,41520050771,current
849574,41520050772,current
849574,41520050775,current
849574,41520050778,current
849574,41520050782,current
849574,41520050787,current
849574,41520053371,current
849574,42507024501,current
849574,42507024514,current
849574,42507084401,current
849574,42507084414,current
849574,42937081005,current
849574,42937081010,current
849574,42961012201,current
849574,42961012202,current
849574,43063090920,current
849574,43063090930,current
849574,43292056368,current
849574,43598005829,current
849574,43598005952,current
849574,43598006052,current
849574,43598007201,current
849574,43598007401,current
849574,45802049071,current
849574,45802049075,current
849574,45802049078,current
849574,46122030923,current
849574,46122030971,current
849574,46122030976,current
849574,46122030978,current
849574,46122056258,current
849574,46122056271,current
849574,46122056278,current
849574,46122056471,current
849574,46122056478,current
849574,46122056481,current
849574,47682003750,current
849574,47682023733,current
849574,47682023746,current
849574,47682023750,current
849574,47682073746,current
849574,47682073750,current
849574,48201000724,current
849574,49035036862,current
849574,49035036878,current
849574,49035036887,current
849574,49035049078,current
849574,49035076778,current
849574,49348030609,current
849574,49348030610,current
849574,49348030611,current
849574,49483060800,current
849574,49483060801,current
849574,49483060805,current
849574,49483060831,current
849574,49483060900,current
849574,49483060901,current
849574,49483060905,current
849574,50090068500,current
849574,50090068501,current
849574,50090068502,current
849574,50090068505,current
849574,50090238800,current
849574,50090335600,current
849574,50090335601,current
849574,50090336900,current
849574,50090470400,current
849574,50090470405,current
849574,50844026108,current
849574,50844041711,current
849574,50844041714,current
849574,50844041716,current
849574,50844041719,current
849574,50844041722,current
849574,50844041743,current
849574,50844041756,current
849574,50844041798,current
849574,50844041799,current
849574,50844047111,current
849574,50844047114,current
849574,50844047116,current
849574,50844047119,current
849574,50844047122,current
849574,50844047143,current
849574,50844047156,current
849574,50844047198,current
849574,50844047199,current
849574,50844060406,current
849574,50844060409,current
849574,50844060414,current
849574,50844060415,current
849574,50844060416,current
849574,50844060419,current
849574,50844060456,current
849574,50844060498,current
849574,50844060499,current
849574,50844071414,current
849574,50844071416,current
849574,50844071419,current
849574,50844071456,current
849574,50844071498,current
849574,50844071499,current
849574,51316060890,current
849574,51316076120,current
849574,51316076270,current
849574,51316081708,current
849574,51316081715,current
849574,51316081752,current
849574,51655062424,current
849574,51824007201,current
849574,51824010901,current
849574,52959046914,current
849574,52959046915,current
849574,52959046920,current
849574,52959046921,current
849574,52959046924,current
849574,52959046928,current
849574,52959046930,current
849574,52959046940,current
849574,52959046960,current
849574,53185039450,current
849574,53185060412,current
849574,53185060415,current
849574,53746019105,current
849574,53746019108,current
849574,53746019124,current
849574,53746019205,current
849574,53746019208,current
849574,53746019224,current
849574,53943014402,current
849574,53943014403,current
849574,53943014502,current
849574,53943014503,current
849574,55111027201,current
849574,55111027202,current
849574,55111027205,current
849574,55111027224,current
849574,55111027250,current
849574,55111027301,current
849574,55111027302,current
849574,55111027305,current
849574,55111027324,current
849574,55111027340,current
849574,55111027350,current
849574,55289057920,current
849574,55289057930,current
849574,55301036871,current
849574,55301036878,current
849574,55319040615,current
849574,55319040652,current
849574,55319071708,current
849574,55700033530,current
849574,55758004802,current
849574,55758004824,current
849574,55758004850,current
849574,55910048162,current
849574,55910048171,current
849574,55910049062,current
849574,55910049071,current
849574,55910049078,current
849574,55910050071,current
849574,55910050072,current
849574,55910050076,current
849574,55910050078,current
849574,55910050082,current
849574,55910072962,current
849574,55910072971,current
849574,55910072975,current
849574,55910072978,current
849574,56062036862,current
849574,56062036871,current
849574,56062036875,current
849574,56062036878,current
849574,56062049071,current
849574,56062049075,current
849574,56062049078,current
849574,57344014501,current
849574,57896095101,current
849574,57896095105,current
849574,57896095401,current
849574,57896095405,current
849574,57896095450,current
849574,58602073507,current
849574,58602073519,current
849574,58602073521,current
849574,58602073529,current
849574,58602073538,current
849574,58602073540,current
849574,58602073578,current
849574,58602073607,current
849574,58602073619,current
849574,58602073621,current
849574,58602073629,current
849574,58602073638,current
849574,58602073640,current
849574,58602073678,current
849574,58602073707,current
849574,58602073712,current
849574,58602073719,current
849574,58602073721,current
849574,58602073725,current
849574,58602073729,current
849574,58602073734,current
849574,58602073738,current
849574,58602073740,current
849574,58602073744,current
849574,58602073778,current
849574,58602073807,current
849574,58602073812,current
849574,58602073814,current
849574,58602073819,current
849574,58602073821,current
849574,58602073825,current
849574,58602073829,current
849574,58602073834,current
849574,58602073838,current
849574,58602073840,current
849574,58602073844,current
849574,58602073907,current
849574,58602073912,current
849574,58602073919,current
849574,58602073921,current
849574,58602073925,current
849574,58602073929,current
849574,58602073934,current
849574,58602073938,current
849574,58602073940,current
849574,58602073944,current
849574,58602073978,current
849574,58602081907,current
849574,58602081914,current
849574,58602081919,current
849574,58602081921,current
849574,58602081929,current
849574,58602081938,current
849574,58602081940,current
849574,58602084521,current
849574,59428060408,current
849574,59726016915,current
849574,59726016940,current
849574,59779006178,current
849574,59779014078,current
849574,59779036871,current
849574,59779036882,current
849574,59779091475,current
849574,59779091478,current
849574,61504014502,current
849574,62011001701,current
849574,62011001702,current
849574,62207032741,current
849574,62207032742,current
849574,62207032743,current
849574,62207032747,current
849574,62207032749,current
849574,62207032841,current
849574,62207032842,current
849574,62207032843,current
849574,62207032847,current
849574,62207032849,current
849574,62207072824,current
849574,62207072842,current
849574,62207072843,current
849574,62207072847,current
849574,62207072849,current
849574,62207072924,current
849574,62207072942,current
849574,62207072943,current
849574,62207072947,current
849574,62207072949,current
849574,62207076142,current
849574,62207076143,current
849574,62207076147,current
849574,62207076149,current
849574,62207076242,current
849574,62207076243,current
849574,62207076247,current
849574,62207076249,current
849574,63187059610,current
849574,63187059624,current
849574,63187059628,current
849574,63187059630,current
849574,63187059660,current
849574,63187059690,current
849574,63187079420,current
849574,63187079430,current
849574,63187079460,current
849574,63187098624,current
849574,63187098628,current
849574,63187098630,current
849574,63629179302,current
849574,63629179303,current
849574,63629179304,current
849574,63629179305,current
849574,63629179306,current
849574,63629179307,current
849574,63629179308,current
849574,63629777301,current
849574,63629777302,current
849574,63629777303,current
849574,63629777304,current
849574,63629777305,current
849574,63629777306,current
849574,63629777307,current
849574,63629777309,current
849574,63868010824,current
849574,63868046501,current
849574,63868046550,current
849574,63868046601,current
849574,63868046625,current
849574,63868046650,current
849574,63941014401,current
849574,63941014402,current
849574,63941014403,current
849574,63941024501,current
849574,63941024502,current
849574,63941024503,current
849574,63941044401,current
849574,63941044402,current
849574,63941044403,current
849574,63941044501,current
849574,63941044502,current
849574,63941044503,current
849574,63981036879,current
849574,63981036891,current
849574,65162019721,current
849574,65162019750,current
849574,66267034320,current
849574,66267034328,current
849574,66267034330,current
849574,66715542804,current
849574,66715974004,current
849574,67091013850,current
849574,67091014010,current
849574,67091014050,current
849574,67751012501,current
849574,68016046214,current
849574,68016046220,current
849574,68016046414,current
849574,68016046420,current
849574,68016066005,current
849574,68016066010,current
849574,68016066105,current
849574,68016066110,current
849574,68071503901,current
849574,68196025520,current
849574,68196025540,current
849574,68387057040,current
849574,68391036879,current
849574,68391036887,current
849574,68788757202,current
849574,68788757203,current
849574,68788757204,current
849574,68788757206,current
849574,68788844302,current
849574,68788844303,current
849574,68788844304,current
849574,68788844306,current
849574,68788844702,current
849574,68788844703,current
849574,68788844704,current
849574,68788844706,current
849574,68998014403,current
849574,68998014503,current
849574,69168036207,current
849574,69168039424,current
849574,69168039507,current
849574,69168039517,current
849574,69168039550,current
849574,69197039424,current
849574,69230031301,current
849574,69230031305,current
849574,69230031350,current
849574,69230032901,current
849574,69230032902,current
849574,69230032905,current
849574,69230032910,current
849574,69230032924,current
849574,69230032950,current
849574,69517010901,current
849574,69517010902,current
849574,69517010904,current
849574,69517010924,current
849574,69517010925,current
849574,69517010950,current
849574,69729012312,current
849574,69729012324,current
849574,69729012350,current
849574,69842001062,current
849574,69842081162,current
849574,69842081168,current
849574,69842081171,current
849574,69842081175,current
849574,69842081178,current
849574,69842081190,current
849574,69848001001,current
849574,69848001005,current
849574,69848001010,current
849574,70000017101,current
849574,70000017102,current
849574,70000017103,current
849574,70000017104,current
849574,70000017105,current
849574,70000017106,current
849574,70000020101,current
849574,70000020102,current
849574,70000020103,current
849574,70000020104,current
849574,70000020105,current
849574,70000020106,current
849574,70677113701,current
849574,70677113702,current
849574,70934024724,current
849574,70934042524,current
849574,71141018232,current
849574,71205059524,current
849574,71205059530,current
849574,71205059560,current
849574,71205059590,current
849574,71335106101,current
849574,71335106102,current
849574,71335106103,current
849574,71335106104,current
849574,71335106105,current
849574,71335106106,current
849574,71335106107,current
849574,71335106108,current
849574,71335128201,current
849574,71335128202,current
849574,71335128203,current
849574,71335128204,current
849574,71335128205,current
849574,71335128206,current
849574,71335128207,current
849574,71335128208,current
849574,71335128209,current
849574,71335258401,current
849574,71335258402,current
849574,71335258403,current
849574,71335258404,current
849574,71335258405,current
849574,71335258406,current
849574,71335258407,current
849574,71335258408,current
849574,71335258409,current
849574,71335300901,current
849574,71335300902,current
849574,71335300903,current
849574,71335300904,current
849574,71335300905,current
849574,71335300906,current
849574,71335300907,current
849574,71335300908,current
849574,71335300909,current
849574,72036014401,current
849574,72036014402,current
849574,72036014403,current
849574,72036014501,current
849574,72036014502,current
849574,72036014503,current
849574,72036014508,current
849574,72189027240,current
849574,72288033162,current
849574,72288033175,current
849574,72288033178,current
849574,72288036620,current
849574,72288036630,current
849574,72288036690,current
849574,72288036875,current
849574,72288036878,current
849574,72288036882,current
849574,72288036887,current
849574,72288048975,current
849574,72789054314,current
849574,72789054328,current
849574,79903000510,current
849574,79903000512,current
849574,79903000520,current
849574,79903000525,current
849574,79903000527,current
849574,79903000530,current
849574,79903000575,current
849574,79903000590,current
849574,79903000599,current
849574,79903023150,current
849574,79903023290,current
849574,79903038950,current
849574,79903060909,current
849574,79903060920,current
849574,80267000171,current
849574,81522004505,current
849574,82501157601,current
849574,83324010801,current
849574,83324010824,current
849574,83324010850,current
849574,83324010901,current
849574,83324010950,current
849574,85766012101,current
849574,85766012110,current
849574,85766012150,current
849574,85786010424,current
849574,85828039492,current
854228,00548560100,current
854228,00548563100,current
854228,00703853021,current
854228,00781313301,current
854228,00781313363,current
854228,00781323801,current
854228,00781323863,current
854228,00955100301,current
854228,00955100310,current
854228,11797075702,current
854228,11797075706,current
854228,16714000601,current
854228,16714000610,current
854228,25021041070,current
854228,28955010110,current
854228,55154354005,current
854228,60505079100,current
854228,60505079104,current
854228,63323053301,current
854228,63323053313,current
854228,63323053383,current
854228,63323053393,current
854228,63323055921,current
854228,63323055963,current
854228,63323055965,current
854228,63323055993,current
854228,63323056894,current
854228,68001045742,current
854228,68001045743,current
854228,68001063342,current
854228,68001063343,current
854228,68083063410,current
854228,70710175702,current
854228,70710175706,current
854228,71288041081,current
854228,71288043280,current
854228,71288043281,current
854228,71288043291,current
854228,71288043292,current
854228,71839010910,current
854228,72603016501,current
854228,72603016510,current
854228,81952012313,current
854228,81952012323,current
854235,00548560200,current
854235,00548563200,current
854235,00703854021,current
854235,00781322402,current
854235,00781322464,current
854235,00781324602,current
854235,00781324664,current
854235,00955100401,current
854235,00955100410,current
854235,11797075802,current
854235,11797075806,current
854235,16714001601,current
854235,16714001610,current
854235,25021041076,current
854235,28955010210,current
854235,55154354105,current
854235,55154958605,current
854235,60505079200,current
854235,60505079204,current
854235,63323053501,current
854235,63323053508,current
854235,63323053587,current
854235,63323053598,current
854235,63323056421,current
854235,63323056463,current
854235,63323056465,current
854235,63323056497,current
854235,63323056887,current
854235,68001045842,current
854235,68001045843,current
854235,68001063442,current
854235,68001063443,current
854235,68083063510,current
854235,70710175802,current
854235,70710175806,current
854235,71288041083,current
854235,71288043382,current
854235,71288043383,current
854235,71288043391,current
854235,71288043392,current
854235,71839011010,current
854235,72572028001,current
854235,72572028010,current
854235,72603017501,current
854235,72603017510,current
854235,81952012414,current
854235,81952012424,current
854252,00548560700,current
854252,00548563700,current
854252,00703851021,current
854252,00781329905,current
854252,00781329969,current
854252,00781365505,current
854252,00781365569,current
854252,00955101501,current
854252,00955101510,current
854252,11797076302,current
854252,11797076306,current
854252,16714006601,current
854252,16714006610,current
854252,25021041171,current
854252,28955010710,current
854252,60505079800,current
854252,60505079804,current
854252,63323053701,current
854252,63323053704,current
854252,63323053784,current
854252,63323053794,current
854252,63323056995,current
854252,63323058921,current
854252,63323058994,current
854252,68001046342,current
854252,68001046343,current
854252,68001063942,current
854252,68001063943,current
854252,68083064010,current
854252,70710176302,current
854252,70710176306,current
854252,71288041182,current
854252,71288041183,current
854252,71288043893,current
854252,71288043894,current
854252,71288043895,current
854252,71288043896,current
854252,71839011610,current
854252,72603022501,current
854252,72603022510,current
854252,81952013501,current
854252,81952013506,current
854255,00548560800,current
854255,00955101601,current
854255,63323053903,current
854255,63323053913,current
854255,63323056593,current
854255,68001046441,current
854255,68001064141,current
854255,71288042603,current
854255,71288042691,current
854901,00093527156,current
854901,00185077401,current
854901,00185077430,current
854901,00378052401,current
854901,00378052493,current
854901,16714053001,current
854901,16714053002,current
854901,29300012701,current
854901,29300012705,current
854901,29300012713,current
854901,42571047101,current
854901,42571047105,current
854901,42571047130,current
854901,43547061703,current
854901,43547061710,current
854901,43547061750,current
854901,46708060430,current
854901,46708060431,current
854901,46708060471,current
854901,51407064601,current
854901,51407064630,current
854901,52817027110,current
854901,52817027130,current
854901,62332060430,current
854901,62332060431,current
854901,62332060471,current
854901,63629690701,current
854901,63629690702,current
854901,63629690703,current
854901,63629690704,current
854901,64980071001,current
854901,64980071003,current
854901,65862008701,current
854901,65862008730,current
854901,69339023701,current
854901,69339023703,current
854901,70095001901,current
854901,70095001902,current
854901,70771172701,current
854901,70771172703,current
854901,70954045610,current
854901,70954045620,current
854901,71335224401,current
854901,71335224402,current
854901,71335224403,current
854901,71335224404,current
854901,71335975501,current
854901,71335975502,current
854901,71335975503,current
854901,71335975504,current
854901,72578011201,current
854901,72578011206,current
854901,72789039582,current
854901,72888009300,current
854901,72888009301,current
854901,72888009305,current
854901,72888009330,current
854901,82638010801,current
854901,82638010802,current
854905,00185077101,current
854905,00185077130,current
854905,00378052301,current
854905,00378052393,current
854905,16714052901,current
854905,16714052902,current
854905,29300012601,current
854905,29300012605,current
854905,29300012613,current
854905,42571047001,current
854905,42571047005,current
854905,42571047030,current
854905,43547061603,current
854905,43547061610,current
854905,43547061650,current
854905,46708060330,current
854905,46708060331,current
854905,46708060371,current
854905,50268012711,current
854905,50268012715,current
854905,51407064501,current
854905,51407064530,current
854905,52817027010,current
854905,52817027030,current
854905,60687067911,current
854905,60687067921,current
854905,61919078790,current
854905,62332060330,current
854905,62332060331,current
854905,62332060371,current
854905,63187087130,current
854905,63187087160,current
854905,63187087190,current
854905,63629517301,current
854905,63629517302,current
854905,63629517303,current
854905,63629517304,current
854905,63629517305,current
854905,64980070901,current
854905,64980070903,current
854905,65862008601,current
854905,65862008630,current
854905,68788867101,current
854905,69339023601,current
854905,69339023603,current
854905,70095002001,current
854905,70095002002,current
854905,70771172601,current
854905,70771172603,current
854905,70954045510,current
854905,70954045520,current
854905,71335167801,current
854905,71335167802,current
854905,71335167803,current
854905,71335167804,current
854905,71335167805,current
854905,71335217801,current
854905,71335217802,current
854905,71335217803,current
854905,71335217804,current
854905,71335217805,current
854905,72162217701,current
854905,72578011101,current
854905,72578011106,current
854905,72789039282,current
854905,72888009200,current
854905,72888009201,current
854905,72888009205,current
854905,72888009230,current
854905,82638010701,current
854905,82638010702,current
854908,00093324356,current
854908,00185070701,current
854908,00185070705,current
854908,00185070730,current
854908,00378050501,current
854908,00378050505,current
854908,10135074205,current
854908,10135074230,current
854908,29300018901,current
854908,29300018905,current
854908,29300018910,current
854908,29300018913,current
854908,42799092201,current
854908,42799092202,current
854908,42799092230,current
854908,43063013430,current
854908,43063013490,current
854908,50090079900,current
854908,50090590500,current
854908,50090603000,current
854908,52959024130,current
854908,55887062501,current
854908,59651068001,current
854908,59651068005,current
854908,59651068030,current
854908,68462088001,current
854908,68462088005,current
854908,68462088030,current
854908,70771176201,current
854908,70771176203,current
854908,70771176205,current
854908,70954041410,current
854908,70954041430,current
854908,70954041440,current
854908,72578011501,current
854908,72578011505,current
854908,72578011506,current
854916,00093324101,current
854916,00185070101,current
854916,00185070105,current
854916,00185070130,current
854916,00378050101,current
854916,00378050105,current
854916,00378050110,current
854916,10135074001,current
854916,10135074005,current
854916,29300018701,current
854916,29300018705,current
854916,29300018710,current
854916,29300018713,current
854916,42799092001,current
854916,42799092002,current
854916,42799092030,current
854916,43063013590,current
854916,50090079600,current
854916,50090647800,current
854916,59651067801,current
854916,59651067805,current
854916,59651067830,current
854916,68462087801,current
854916,68462087805,current
854916,68462087830,current
854916,70771176001,current
854916,70771176003,current
854916,70771176005,current
854916,70954041210,current
854916,70954041230,current
854916,70954041240,current
854916,71335116101,current
854916,71335116102,current
854916,71335116103,current
854916,71335193101,current
854916,71335193102,current
854916,71335193103,current
854916,71335261601,current
854916,71335261602,current
854916,71335261603,current
854916,72578011301,current
854916,72578011305,current
854916,72578011306,current
854919,00093324201,current
854919,00185070401,current
854919,00185070405,current
854919,00185070430,current
854919,00378050301,current
854919,00378050305,current
854919,00378050310,current
854919,10135074101,current
854919,10135074105,current
854919,29300018801,current
854919,29300018805,current
854919,29300018810,current
854919,29300018813,current
854919,42799092101,current
854919,42799092102,current
854919,42799092130,current
854919,50090078900,current
854919,50090078901,current
854919,50090078902,current
854919,50090584900,current
854919,50090584902,current
854919,50090641300,current
854919,50090641302,current
854919,50090735700,current
854919,50090735702,current
854919,52959033710,current
854919,52959033730,current
854919,55289063030,current
854919,55289063090,current
854919,55887079290,current
854919,58864078430,current
854919,59651067901,current
854919,59651067905,current
854919,59651067930,current
854919,68462087901,current
854919,68462087905,current
854919,68462087930,current
854919,70771176101,current
854919,70771176103,current
854919,70771176105,current
854919,70954041310,current
854919,70954041330,current
854919,70954041340,current
854919,71335059501,current
854919,71335059502,current
854919,71335059503,current
854919,71335059504,current
854919,71335176901,current
854919,71335176902,current
854919,71335176903,current
854919,71335176904,current
854919,71335258901,current
854919,71335258902,current
854919,71335258903,current
854919,71335258904,current
854919,72578011401,current
854919,72578011405,current
854919,72578011406,current
855332,00093172101,current
855332,00093172110,current
855332,00378880501,current
855332,00378880510,current
855332,31722033201,current
855332,31722033210,current
855332,43063017614,current
855332,43063017630,current
855332,43353002311,current
855332,43353002315,current
855332,43353002320,current
855332,43353002321,current
855332,43353002325,current
855332,43353002328,current
855332,43353002330,current
855332,43353002335,current
855332,43353002338,current
855332,43353002340,current
855332,43353002344,current
855332,43353002345,current
855332,43353002346,current
855332,43353002347,current
855332,43353002350,current
855332,43353002353,current
855332,43353002355,current
855332,43353002357,current
855332,43353002359,current
855332,43353002360,current
855332,43353002361,current
855332,43353002365,current
855332,43353002368,current
855332,43353002370,current
855332,43353002378,current
855332,50090293600,current
855332,50090293601,current
855332,50090293602,current
855332,50090505800,current
855332,50090543900,current
855332,50090543901,current
855332,50090543902,current
855332,50090544000,current
855332,51407034601,current
855332,51407034610,current
855332,51407078901,current
855332,51407078910,current
855332,51655028326,current
855332,51655062926,current
855332,51655062952,current
855332,51672403200,current
855332,51672403201,current
855332,51672403203,current
855332,51672403207,current
855332,52959092600,current
855332,52959092630,current
855332,55154469700,current
855332,57237012401,current
855332,57237012499,current
855332,58864069814,current
855332,58864069830,current
855332,59772037770,current
855332,61919034130,current
855332,62584099401,current
855332,62584099411,current
855332,62584099477,current
855332,63187067400,current
855332,63187067410,current
855332,63187067430,current
855332,63187067460,current
855332,63187067490,current
855332,63629254801,current
855332,63629254802,current
855332,63629884301,current
855332,65162076610,current
855332,65162076611,current
855332,65162076650,current
855332,68382005601,current
855332,68382005616,current
855332,70518025300,current
855332,70518025301,current
855332,70518100605,current
855332,70518238200,current
855332,70518238201,current
855332,70518238202,current
855332,70518238203,current
855332,70518238204,current
855332,70518238205,current
855332,70518436800,current
855332,70518436801,current
855332,70518436802,current
855332,70518436803,current
855332,71205095500,current
855332,71205095511,current
855332,71205095530,current
855332,71205095555,current
855332,71205095560,current
855332,71205095564,current
855332,71205095572,current
855332,71205095590,current
855332,71335024301,current
855332,71335024302,current
855332,71335024303,current
855332,71335024304,current
855332,71335024305,current
855332,71335024306,current
855332,71335256301,current
855332,71335256302,current
855332,71335256303,current
855332,71335256304,current
855332,71335256305,current
855332,71335256306,current
855332,71610017330,current
855332,71610017335,current
855332,71610017340,current
855332,71610017345,current
855332,71610044811,current
855332,71610044815,current
855332,71610044820,current
855332,71610044821,current
855332,71610044825,current
855332,71610044828,current
855332,71610044830,current
855332,71610044835,current
855332,71610044838,current
855332,71610044840,current
855332,71610044844,current
855332,71610044845,current
855332,71610044846,current
855332,71610044847,current
855332,71610044850,current
855332,71610044853,current
855332,71610044855,current
855332,71610044859,current
855332,71610044860,current
855332,71610044861,current
855332,71610044868,current
855332,71610044878,current
855332,71610049860,current
855332,71610057515,current
855332,71610057520,current
855332,71610057525,current
855332,71610057530,current
855332,71610057535,current
855332,71610057538,current
855332,71610057540,current
855332,71610057545,current
855332,71610057550,current
855332,71610057553,current
855332,71610057555,current
855332,71610057560,current
855332,76282033201,current
855332,76282033210,current
855812,00378518693,current
855812,00440060530,current
855812,16729027310,current
855812,29300030213,current
855812,43817024001,current
855812,50090411800,current
855812,51407044530,current
855812,60505464303,current
855812,60505485603,current
855812,60687074111,current
855812,60687074121,current
855812,60687088311,current
855812,60687088321,current
855812,63629482901,current
855812,63629482902,current
855812,65162000203,current
855812,65862083003,current
855812,65862083010,current
855812,65862083030,current
855812,66993057630,current
855812,67877060530,current
855812,68180079606,current
855812,68180079609,current
856448,00115165901,current
856448,00115165903,current
856448,00378018201,current
856448,00378018210,current
856448,00591555401,current
856448,00591555410,current
856448,00603548221,current
856448,00603548232,current
856448,00615841739,current
856448,00904655061,current
856448,00904746761,current
856448,23155011001,current
856448,23155011010,current
856448,33358019230,current
856448,50090014601,current
856448,50090014605,current
856448,50090275600,current
856448,50090709700,current
856448,50090709701,current
856448,50090709705,current
856448,50090759301,current
856448,50090759305,current
856448,50268066211,current
856448,50268066215,current
856448,51079027701,current
856448,51079027720,current
856448,51407023501,current
856448,51407023510,current
856448,51655031852,current
856448,51655086426,current
856448,51655086452,current
856448,52959082730,current
856448,52959082758,current
856448,55154214400,current
856448,55887007401,current
856448,55887007430,current
856448,55887007460,current
856448,55887007490,current
856448,58864064556,current
856448,60687058701,current
856448,60687058711,current
856448,60687092601,current
856448,60687092611,current
856448,62584084280,current
856448,62584084285,current
856448,63187083903,current
856448,63629142301,current
856448,63629142302,current
856448,63629227401,current
856448,63629227501,current
856448,66267026190,current
856448,67046021103,current
856448,68071271003,current
856448,68071271009,current
856448,68788413101,current
856448,68788786003,current
856448,68788786009,current
856448,68788860403,current
856448,68788860406,current
856448,68788860409,current
856448,69238207701,current
856448,69238207707,current
856448,69292053001,current
856448,69292053010,current
856448,70518310200,current
856448,70518310201,current
856448,70518310202,current
856448,70518310203,current
856448,70518310204,current
856448,70518328100,current
856448,70518328101,current
856448,70518328102,current
856448,70518447100,current
856448,70518447101,current
856448,70756009411,current
856448,70756009412,current
856448,71205044630,current
856448,71205044660,current
856448,71205044690,current
856448,71205049960,current
856448,71335055401,current
856448,71335055402,current
856448,71335055403,current
856448,71335055404,current
856448,71335055405,current
856448,71335055406,current
856448,71335114001,current
856448,71335114002,current
856448,71335199401,current
856448,71335199402,current
856448,71335199403,current
856448,71335199404,current
856448,71335199405,current
856448,71335199406,current
856448,71335237201,current
856448,71335237202,current
856448,71335237203,current
856448,71335237204,current
856448,71335237205,current
856448,71335237206,current
856448,71335311701,current
856448,71335311702,current
856448,71335311703,current
856448,71335311704,current
856448,71335311705,current
856448,71335311706,current
856448,72162117500,current
856448,72162117501,current
856448,72189007430,current
856448,72189032230,current
856448,72189032260,current
856448,72189032290,current
856448,72189067260,current
856448,72189067290,current
856448,72789049590,current
856448,76420038300,current
856448,76420038301,current
856448,76420038320,current
856448,76420038330,current
856448,76420038360,current
856448,76420038390,current
856448,80425046301,current
856448,80425046302,current
856448,80425046303,current
856448,80425046401,current
856448,80425046402,current
856448,80425046403,current
856448,80425058301,current
856448,80425058302,current
856448,80425058303,current
856448,82804025830,current
856448,83980000501,current
856448,83980000505,current
856448,83980000510,current
856448,83980000513,current
856457,00115166001,current
856457,00115166003,current
856457,00378018301,current
856457,00378018310,current
856457,00591555501,current
856457,00591555510,current
856457,00603548321,current
856457,00603548332,current
856457,00615842639,current
856457,00904670506,current
856457,00904670561,current
856457,00904746806,current
856457,00904746861,current
856457,23155011101,current
856457,23155011110,current
856457,33358019330,current
856457,43353050860,current
856457,43353096160,current
856457,49999055530,current
856457,49999055560,current
856457,50090014801,current
856457,50090014806,current
856457,50090329606,current
856457,50090395301,current
856457,50090395306,current
856457,50090395500,current
856457,50090710101,current
856457,50090710106,current
856457,50090762000,current
856457,50090762001,current
856457,50090762006,current
856457,50268066311,current
856457,50268066315,current
856457,50436431302,current
856457,51079027801,current
856457,51079027820,current
856457,51407023601,current
856457,51407023610,current
856457,51655030226,current
856457,51655042626,current
856457,51655042652,current
856457,52959021201,current
856457,52959021210,current
856457,52959021220,current
856457,52959021245,current
856457,52959021250,current
856457,52959021260,current
856457,55154264600,current
856457,55289023301,current
856457,55289023312,current
856457,55289023330,current
856457,55289023360,current
856457,55289023390,current
856457,55887055901,current
856457,58864036330,current
856457,60687030601,current
856457,60687030611,current
856457,60687059801,current
856457,60687059811,current
856457,60687093701,current
856457,60687093711,current
856457,60760054560,current
856457,60760073160,current
856457,62584084380,current
856457,62584084385,current
856457,63629227601,current
856457,63629227701,current
856457,63629257001,current
856457,63629257002,current
856457,63629257003,current
856457,63629257004,current
856457,67046165703,current
856457,68788408901,current
856457,68788779103,current
856457,68788779109,current
856457,68788859503,current
856457,68788859509,current
856457,69238207801,current
856457,69238207807,current
856457,69292053201,current
856457,69292053210,current
856457,70518346600,current
856457,70518346601,current
856457,70518346602,current
856457,70518346603,current
856457,70518445400,current
856457,70518445401,current
856457,70756009511,current
856457,70756009512,current
856457,71205059030,current
856457,71205059060,current
856457,71205059090,current
856457,71335008201,current
856457,71335008202,current
856457,71335008203,current
856457,71335008204,current
856457,71335008205,current
856457,71335008206,current
856457,71335008207,current
856457,71335008208,current
856457,71335008209,current
856457,71335066102,current
856457,71335171201,current
856457,71335171202,current
856457,71335171203,current
856457,71335171204,current
856457,71335171205,current
856457,71335171206,current
856457,71335171207,current
856457,71335171208,current
856457,71335229901,current
856457,71335237101,current
856457,71335237102,current
856457,71335237103,current
856457,71335237104,current
856457,71335237105,current
856457,71335237106,current
856457,71335237107,current
856457,71335237108,current
856457,71335237109,current
856457,71335309701,current
856457,71335309702,current
856457,71335309703,current
856457,71335309704,current
856457,71335309705,current
856457,71335309706,current
856457,71335309707,current
856457,71335309708,current
856457,71335309709,current
856457,71610033945,current
856457,71610033960,current
856457,71610098753,current
856457,71610098760,current
856457,71610098770,current
856457,71610098780,current
856457,72162117600,current
856457,72162117601,current
856457,72162117603,current
856457,72162117608,current
856457,72789028030,current
856457,72789042330,current
856457,72789042360,current
856457,72789042390,current
856457,76420038400,current
856457,76420038401,current
856457,76420038420,current
856457,76420038430,current
856457,76420038460,current
856457,76420038490,current
856457,82804028460,current
856457,82868000330,current
856457,82868000390,current
856457,83980000601,current
856457,83980000605,current
856457,83980000610,current
856457,83980000613,current
856481,00228278111,current
856481,00378626001,current
856481,00378626005,current
856481,00527411937,current
856481,00527411941,current
856481,42291052501,current
856481,42291052510,current
856481,43478090388,current
856481,51991082001,current
856481,51991082005,current
856481,55700012130,current
856481,62559053301,current
856481,63629207001,current
856481,72162160501,current
856519,00115166101,current
856519,00115166103,current
856519,00378018401,current
856519,00378018410,current
856519,00591555601,current
856519,00591555610,current
856519,00603548421,current
856519,00603548432,current
856519,00615841339,current
856519,23155011201,current
856519,23155011210,current
856519,43063064730,current
856519,43063064790,current
856519,43353008460,current
856519,43353070660,current
856519,49999028660,current
856519,50090014901,current
856519,50090014906,current
856519,50090710401,current
856519,50090710406,current
856519,50090761801,current
856519,50090761806,current
856519,50268066411,current
856519,50268066415,current
856519,50436431402,current
856519,51079027901,current
856519,51079027920,current
856519,51407023701,current
856519,51407023710,current
856519,51655022825,current
856519,51655022826,current
856519,51655022852,current
856519,51655076726,current
856519,51655076752,current
856519,52959089560,current
856519,60687060901,current
856519,60687060911,current
856519,61919080830,current
856519,63629227801,current
856519,63629227901,current
856519,68071357601,current
856519,68788862001,current
856519,68788862003,current
856519,68788862006,current
856519,68788862009,current
856519,69238207901,current
856519,69238207907,current
856519,69292053401,current
856519,69292053410,current
856519,70518337700,current
856519,70518337701,current
856519,70518337702,current
856519,70518429200,current
856519,70756029611,current
856519,70756029651,current
856519,71205079430,current
856519,71205079460,current
856519,71205079490,current
856519,71335047201,current
856519,71335047202,current
856519,71335047203,current
856519,71335047204,current
856519,71335047205,current
856519,71335047206,current
856519,71335047207,current
856519,71335047208,current
856519,71335047209,current
856519,71335236901,current
856519,71335236902,current
856519,71335236903,current
856519,71335236904,current
856519,71335236905,current
856519,71335236906,current
856519,71335236907,current
856519,71335236908,current
856519,71335236909,current
856519,71335313701,current
856519,71335313702,current
856519,71335313703,current
856519,71335313704,current
856519,71335313705,current
856519,71335313706,current
856519,71335313707,current
856519,71335313708,current
856519,71335313709,current
856519,72162117700,current
856519,72162117701,current
856519,72789037290,current
856519,76420038500,current
856519,76420038501,current
856519,76420038520,current
856519,76420038530,current
856519,76420038560,current
856519,76420038590,current
856519,82804007330,current
856519,83980000701,current
856519,83980000705,current
856519,83980000710,current
856519,83980000713,current
856535,00228277811,current
856535,00378616001,current
856535,00378616005,current
856535,00527411637,current
856535,00527411641,current
856535,42291052201,current
856535,42291052210,current
856535,43478090088,current
856535,50436431501,current
856535,51991081701,current
856535,51991081705,current
856535,60687021501,current
856535,60687021511,current
856535,60760086730,current
856535,61919048830,current
856535,61919079430,current
856535,62559053001,current
856535,63629184201,current
856535,63629196801,current
856535,63629207101,current
856535,68084020901,current
856535,68084020911,current
856535,68084050301,current
856535,68084050311,current
856535,71205076030,current
856535,71205076060,current
856535,71205076090,current
856535,71335023401,current
856535,71335023402,current
856535,71335023403,current
856535,71335023404,current
856535,71335023405,current
856535,71335023406,current
856535,71335023407,current
856535,71335073101,current
856535,71335176501,current
856535,71335176502,current
856535,71335176503,current
856535,71335176504,current
856535,71335176505,current
856535,71335176506,current
856535,71335176507,current
856535,72162160201,current
856535,82804007230,current
856535,82804007260,current
856535,82804007290,current
856980,00406037801,current
856980,00406037805,current
856980,00406037823,current
856980,00406037862,current
856980,00527164801,current
856980,00527164805,current
856980,10702019401,current
856980,10702019403,current
856980,10702019410,current
856980,10702019450,current
856980,13107021301,current
856980,13107021305,current
856980,13107021330,current
856980,13107021399,current
856980,27808011601,current
856980,27808011602,current
856980,42858023801,current
856980,43386035301,current
856980,43386035303,current
856980,43386035305,current
856980,63629118301,current
856980,63629118401,current
856980,63629231001,current
856980,65162069610,current
856980,65162069650,current
856980,71930004412,current
856980,71930004452,current
856980,72162128901,current
856980,72162199801,current
856980,72162199805,current
856987,00406037601,current
856987,00406037605,current
856987,00406037623,current
856987,00406037662,current
856987,00527164601,current
856987,00527164605,current
856987,10702019201,current
856987,10702019203,current
856987,10702019210,current
856987,10702019250,current
856987,13107021101,current
856987,13107021105,current
856987,13107021130,current
856987,13107021199,current
856987,27808011401,current
856987,27808011402,current
856987,42858004001,current
856987,43386035101,current
856987,43386035103,current
856987,43386035105,current
856987,46672003610,current
856987,46672003650,current
856987,63629117701,current
856987,63629117901,current
856987,63629230801,current
856987,65162067510,current
856987,68084079625,current
856987,68084079695,current
856987,71930004212,current
856987,71930004252,current
856987,72162128701,current
856987,72162199601,current
856987,72162199605,current
857005,00245041101,current
857005,00245041111,current
857005,00245041150,current
857005,00245041189,current
857005,00254203501,current
857005,00406012401,current
857005,00406012405,current
857005,00406012410,current
857005,00406012412,current
857005,00406012420,current
857005,00406012423,current
857005,00406012430,current
857005,00406012460,current
857005,00406012462,current
857005,00406012490,current
857005,00406036623,current
857005,00527165001,current
857005,00527165005,current
857005,00904682661,current
857005,10702019001,current
857005,10702019003,current
857005,10702019010,current
857005,10702019050,current
857005,12634026000,current
857005,12634026040,current
857005,12634026050,current
857005,12634026055,current
857005,12634026066,current
857005,12634026071,current
857005,12634026079,current
857005,12634026080,current
857005,12634026085,current
857005,12634026091,current
857005,12634026094,current
857005,13107002001,current
857005,13107002005,current
857005,13107002030,current
857005,13107002099,current
857005,27808003601,current
857005,27808003602,current
857005,27808003603,current
857005,31722094201,current
857005,31722094205,current
857005,35356079701,current
857005,35356079715,current
857005,35356079730,current
857005,35356079790,current
857005,42291033301,current
857005,42806011201,current
857005,42858020201,current
857005,42858020210,current
857005,42858020250,current
857005,43386035701,current
857005,43386035703,current
857005,43386035705,current
857005,43386035710,current
857005,43547037310,current
857005,45865041900,current
857005,45865041901,current
857005,45865041902,current
857005,45865041905,current
857005,45865041949,current
857005,45865041951,current
857005,45865041952,current
857005,45865041959,current
857005,45865041960,current
857005,45865041984,current
857005,50268040011,current
857005,50268040015,current
857005,50436016001,current
857005,50436260501,current
857005,50436260502,current
857005,50436260504,current
857005,51079077801,current
857005,51079077820,current
857005,51079077821,current
857005,51655005527,current
857005,51655080427,current
857005,52959073500,current
857005,52959073502,current
857005,52959073503,current
857005,52959073512,current
857005,52959073530,current
857005,52959073540,current
857005,52959073550,current
857005,52959073560,current
857005,52959073580,current
857005,52959073584,current
857005,52959073590,current
857005,55700060301,current
857005,55700060315,current
857005,55700060324,current
857005,55700060330,current
857005,55700060356,current
857005,55700060360,current
857005,55700060390,current
857005,57664017013,current
857005,57664017088,current
857005,60429059101,current
857005,60429059105,current
857005,60687040701,current
857005,60687040711,current
857005,60760021960,current
857005,60760069230,current
857005,60760069260,current
857005,60760069290,current
857005,61919011415,current
857005,61919011430,current
857005,61919011460,current
857005,61919011471,current
857005,61919011472,current
857005,61919011490,current
857005,61919020826,current
857005,61919020830,current
857005,61919020872,current
857005,61919020890,current
857005,63187013760,current
857005,63187065812,current
857005,63187065815,current
857005,63187065820,current
857005,63187065830,current
857005,63187065860,current
857005,63187065890,current
857005,63629194001,current
857005,63629229501,current
857005,63629229601,current
857005,63629229701,current
857005,63629246901,current
857005,63629543600,current
857005,63629543601,current
857005,63629543602,current
857005,63629543603,current
857005,63629543604,current
857005,63629543605,current
857005,63629543606,current
857005,63629543607,current
857005,63629543608,current
857005,63629543609,current
857005,64380044101,current
857005,64380044102,current
857005,64380044103,current
857005,64850063201,current
857005,64850063205,current
857005,65162011503,current
857005,65162011510,current
857005,65162011511,current
857005,65162011550,current
857005,68071030130,current
857005,68071030140,current
857005,68071030160,current
857005,68071030184,current
857005,68071030190,current
857005,68071030191,current
857005,68071249402,current
857005,68071249406,current
857005,68071264502,current
857005,68071264503,current
857005,68084086309,current
857005,68084086311,current
857005,68387023712,current
857005,70010067301,current
857005,70010067305,current
857005,71335010800,current
857005,71335010801,current
857005,71335010802,current
857005,71335010803,current
857005,71335010804,current
857005,71335010805,current
857005,71335010806,current
857005,71335010807,current
857005,71335010808,current
857005,71335010809,current
857005,71335046600,current
857005,71335046601,current
857005,71335046602,current
857005,71335046603,current
857005,71335046604,current
857005,71335046605,current
857005,71335046606,current
857005,71335046607,current
857005,71335046608,current
857005,71335046609,current
857005,71335141900,current
857005,71335141901,current
857005,71335141902,current
857005,71335141903,current
857005,71335141904,current
857005,71335141905,current
857005,71335141906,current
857005,71335141907,current
857005,71335141908,current
857005,71335141909,current
857005,71335155701,current
857005,71335155702,current
857005,71335155703,current
857005,71335197001,current
857005,71335197002,current
857005,71335197003,current
857005,71335197004,current
857005,71335197005,current
857005,71335197006,current
857005,71335197007,current
857005,71335210401,current
857005,71335210402,current
857005,71335210403,current
857005,71335210404,current
857005,71335210405,current
857005,71335210406,current
857005,71335210407,current
857005,71335211201,current
857005,71335211202,current
857005,71335211203,current
857005,71335211500,current
857005,71335211501,current
857005,71335211502,current
857005,71335211503,current
857005,71335211504,current
857005,71335211505,current
857005,71335211506,current
857005,71335211507,current
857005,71335211508,current
857005,71335211509,current
857005,71335223801,current
857005,71335223802,current
857005,71335223803,current
857005,71335973600,current
857005,71335973601,current
857005,71335973602,current
857005,71335973603,current
857005,71335973604,current
857005,71335973605,current
857005,71335973606,current
857005,71335973607,current
857005,71335973608,current
857005,71335973609,current
857005,71335973701,current
857005,71335973702,current
857005,71335973703,current
857005,71335973704,current
857005,71335973705,current
857005,71335973706,current
857005,71335973707,current
857005,71930002012,current
857005,71930002013,current
857005,71930002052,current
857005,72162128000,current
857005,72162128001,current
857005,72162128005,current
857005,72162128006,current
857005,72162134201,current
857005,72162199005,current
857005,72189019130,current
857005,72189035230,current
857005,72189035260,current
857005,72189035272,current
857005,72189035290,current
857005,72189040630,current
857005,72189040660,current
857005,72189040690,current
857005,72865011101,current
857005,72865011105,current
857005,72865020301,current
857005,72865020305,current
857005,76420025730,current
857005,76420025760,current
857005,76420025790,current
857005,76420087600,current
857005,76420087601,current
857005,76420087603,current
857005,76420087605,current
857005,76420087607,current
857005,76420087610,current
857005,76420087614,current
857005,76420087620,current
857005,76420087630,current
857005,76420087660,current
857005,76420087690,current
857005,87063005001,current
857005,87063005005,current
857005,87063005007,current
857005,87063005010,current
857005,87063005014,current
857005,87063005020,current
857005,87063005030,current
857005,87063005060,current
857005,87063005090,current
858810,00172419810,current
858810,00185021401,current
858810,00185021410,current
858810,00185021450,current
858810,00378105401,current
858810,00378105405,current
858810,00904561161,current
858810,00904731261,current
858810,16714044501,current
858810,16714044502,current
858810,23155077301,current
858810,23155077305,current
858810,23155077310,current
858810,35356087130,current
858810,43547054803,current
858810,43547054809,current
858810,43547054810,current
858810,43547054811,current
858810,43547054850,current
858810,45865040330,current
858810,45865040351,current
858810,45865040360,current
858810,45865040390,current
858810,49158050350,current
858810,50090069200,current
858810,50090069201,current
858810,50090069203,current
858810,50090456000,current
858810,50090456001,current
858810,50090456002,current
858810,50090456003,current
858810,50090643700,current
858810,50090643701,current
858810,50090643703,current
858810,50090688100,current
858810,50090688101,current
858810,50090688103,current
858810,50090767700,current
858810,50090767701,current
858810,50090767703,current
858810,50228023101,current
858810,50228023110,current
858810,51079095301,current
858810,51079095320,current
858810,51655005826,current
858810,51655005852,current
858810,51655027952,current
858810,51655034126,current
858810,51672404001,current
858810,51672404003,current
858810,52959094230,current
858810,55289098490,current
858810,58864076230,current
858810,60429018610,current
858810,60429018630,current
858810,60429018690,current
858810,60505005209,current
858810,60760022630,current
858810,60760039230,current
858810,60760057530,current
858810,61919069030,current
858810,61919069090,current
858810,62135059290,current
858810,63187039730,current
858810,63187097730,current
858810,63187097760,current
858810,63187097790,current
858810,63629152501,current
858810,63629152502,current
858810,63629152503,current
858810,64679092601,current
858810,64679092602,current
858810,64679092603,current
858810,64679092604,current
858810,64679092607,current
858810,64679092609,current
858810,64679092610,current
858810,64980068801,current
858810,64980068810,current
858810,66267038030,current
858810,66267038060,current
858810,66267038090,current
858810,66267038091,current
858810,66685030400,current
858810,66685030402,current
858810,68071267003,current
858810,68071267006,current
858810,68071267009,current
858810,68071340801,current
858810,68071382003,current
858810,68071382009,current
858810,68645045790,current
858810,68645060790,current
858810,68682071301,current
858810,68682071310,current
858810,68788414700,current
858810,68788414703,current
858810,68788414706,current
858810,68788414709,current
858810,68788730901,current
858810,68788832001,current
858810,68788832003,current
858810,68788832006,current
858810,68788832009,current
858810,69292054601,current
858810,69292054610,current
858810,70518401100,current
858810,70518401101,current
858810,70518401102,current
858810,70518415300,current
858810,70518415301,current
858810,71335964901,current
858810,71335964902,current
858810,71335964903,current
858810,71335964904,current
858810,71335969801,current
858810,71335969802,current
858810,71335969803,current
858810,71335969804,current
858810,72789031890,current
858813,00093002701,current
858813,00172419610,current
858813,00185012750,current
858813,00378105201,current
858813,00378105210,current
858813,00904731061,current
858813,16714044301,current
858813,16714044302,current
858813,23155070501,current
858813,23155070510,current
858813,43547054603,current
858813,43547054609,current
858813,43547054610,current
858813,43547054611,current
858813,43547054650,current
858813,45865040430,current
858813,45865040451,current
858813,45865040460,current
858813,45865040490,current
858813,49158050150,current
858813,50090316601,current
858813,50090337800,current
858813,50090337801,current
858813,50090337803,current
858813,50090529200,current
858813,50090529201,current
858813,50090649000,current
858813,50090649001,current
858813,50090649003,current
858813,50090722200,current
858813,50090722201,current
858813,50090722203,current
858813,50090730200,current
858813,50090730201,current
858813,50090730203,current
858813,50228022901,current
858813,50228022910,current
858813,51079095101,current
858813,51079095120,current
858813,51655011026,current
858813,51655011052,current
858813,51672403801,current
858813,51672403803,current
858813,55289069410,current
858813,55289069430,current
858813,55289069490,current
858813,55887059601,current
858813,58864075430,current
858813,60429018410,current
858813,60429018430,current
858813,60429018490,current
858813,60505005009,current
858813,60760058730,current
858813,60760068830,current
858813,60760077730,current
858813,61919037230,current
858813,61919037290,current
858813,62135059090,current
858813,63304083501,current
858813,63629152201,current
858813,63629152202,current
858813,63629152203,current
858813,63629152204,current
858813,64679092401,current
858813,64679092402,current
858813,64679092403,current
858813,64679092404,current
858813,64679092407,current
858813,64679092409,current
858813,64679092410,current
858813,64980068601,current
858813,64980068610,current
858813,66267041330,current
858813,66267041360,current
858813,66267041390,current
858813,66267041392,current
858813,66685030200,current
858813,66685030202,current
858813,67046150403,current
858813,68645045590,current
858813,68645060590,current
858813,68682071101,current
858813,68682071110,current
858813,68788416401,current
858813,68788416403,current
858813,68788416406,current
858813,68788416409,current
858813,68788843701,current
858813,68788843703,current
858813,68788843706,current
858813,68788843709,current
858813,69292054201,current
858813,69292054210,current
858813,70518357200,current
858813,70518357201,current
858813,70518357202,current
858813,71205007490,current
858813,71335191001,current
858813,71335191002,current
858813,71335191003,current
858813,71335191004,current
858813,71335191005,current
858813,71335238201,current
858813,71335238202,current
858813,71335238203,current
858813,71335238204,current
858813,71335238205,current
859088,00173068220,current
859088,50090115900,current
859088,50436605000,current
859088,52959098318,current
859088,63187002618,current
859088,68071167002,current
859088,70518108100,current
859419,00378223293,current
859419,00615853539,current
859419,00781540331,current
859419,00904678161,current
859419,11788013305,current
859419,11788013310,current
859419,11788013390,current
859419,13668018205,current
859419,13668018230,current
859419,13668018290,current
859419,13668072305,current
859419,13668072310,current
859419,13668072330,current
859419,16714099101,current
859419,16729028710,current
859419,16729028715,current
859419,16729028717,current
859419,24658026405,current
859419,24658026430,current
859419,24658026445,current
859419,24658026490,current
859419,27808015801,current
859419,27808015802,current
859419,27808015803,current
859419,31722088505,current
859419,31722088510,current
859419,31722088530,current
859419,31722088531,current
859419,33342026407,current
859419,33342026410,current
859419,33342026412,current
859419,33342026444,current
859419,42292003201,current
859419,42292003220,current
859419,42677030401,current
859419,42677030402,current
859419,43353024515,current
859419,43353024582,current
859419,43353035215,current
859419,43353035218,current
859419,43353035219,current
859419,43353035245,current
859419,43353035260,current
859419,43547059403,current
859419,43547059450,current
859419,47335058583,current
859419,50090272500,current
859419,50090272501,current
859419,50090272502,current
859419,50090343700,current
859419,50090343701,current
859419,50090351500,current
859419,50090351501,current
859419,50090597000,current
859419,50090597001,current
859419,50090597002,current
859419,50090607700,current
859419,50090607701,current
859419,50090661100,current
859419,50090661101,current
859419,50090661102,current
859419,50090661200,current
859419,50090673400,current
859419,50090673401,current
859419,50090673402,current
859419,50090673500,current
859419,50090741300,current
859419,50090741301,current
859419,50090741302,current
859419,50090741400,current
859419,50090748200,current
859419,50090748201,current
859419,50090748202,current
859419,50090748300,current
859419,50228011905,current
859419,50228011910,current
859419,50228011930,current
859419,50228011990,current
859419,50268071111,current
859419,50268071115,current
859419,51407015630,current
859419,51407085110,current
859419,51407085190,current
859419,52343015430,current
859419,57237017105,current
859419,57237017130,current
859419,57237017190,current
859419,57237017199,current
859419,60290004601,current
859419,60290004602,current
859419,60290004603,current
859419,60290004604,current
859419,60290004605,current
859419,60505450503,current
859419,61919071290,current
859419,62135069330,current
859419,63187087230,current
859419,65862029605,current
859419,65862029610,current
859419,65862029630,current
859419,65862029690,current
859419,65862029699,current
859419,67877044205,current
859419,67877044230,current
859419,67877044238,current
859419,67877044290,current
859419,68180073302,current
859419,68180073306,current
859419,68180073309,current
859419,68462026401,current
859419,68462026405,current
859419,68462026410,current
859419,68462026430,current
859419,68462026450,current
859419,68462026490,current
859419,68788864902,current
859419,68788864903,current
859419,68788864906,current
859419,68788864909,current
859419,69367036201,current
859419,69367036205,current
859419,69367036209,current
859419,69367036230,current
859419,69434000801,current
859419,69434000803,current
859419,70377000911,current
859419,70377000912,current
859419,70377000913,current
859419,70377000915,current
859419,70518365100,current
859419,70518365101,current
859419,70518365102,current
859419,70518365103,current
859419,70518422000,current
859419,70518431400,current
859419,70518431401,current
859419,70518431402,current
859419,70756005612,current
859419,70756005630,current
859419,70756005690,current
859419,71205007830,current
859419,71205007860,current
859419,71205007890,current
859419,71205017630,current
859419,71205017660,current
859419,71205017690,current
859419,71205047530,current
859419,71205047560,current
859419,71205047590,current
859419,71209004601,current
859419,71335110301,current
859419,71335110302,current
859419,71335110303,current
859419,71335110304,current
859419,71335193901,current
859419,71335193902,current
859419,71335193903,current
859419,71335193904,current
859419,71335205501,current
859419,71335205502,current
859419,71335205503,current
859419,71335205504,current
859419,71335205505,current
859419,71335249801,current
859419,71335249802,current
859419,71335249803,current
859419,71335249804,current
859419,71335249805,current
859419,71610007815,current
859419,71610007830,current
859419,71610007845,current
859419,71610013315,current
859419,71610013330,current
859419,71610013345,current
859419,71610021630,current
859419,71610023215,current
859419,71610023216,current
859419,71610023218,current
859419,71610023242,current
859419,71610023245,current
859419,71610023260,current
859419,71610079315,current
859419,71610079345,current
859419,71610079360,current
859419,71610079815,current
859419,71610079816,current
859419,71610079830,current
859419,71610079845,current
859419,71610079853,current
859419,71610079860,current
859419,72189010630,current
859419,72189010690,current
859419,72205000505,current
859419,72205000506,current
859419,72205000511,current
859419,72205000530,current
859419,72205000590,current
859419,72205000599,current
859419,72303083001,current
859419,72603036701,current
859419,72603036702,current
859419,72603036703,current
859419,72603036704,current
859419,76519115303,current
859419,82009002010,current
859419,82009002030,current
859419,82009019105,current
859419,82804017690,current
859424,00378220177,current
859424,00615853239,current
859424,00781540092,current
859424,00904677861,current
859424,11788013005,current
859424,11788013010,current
859424,11788013090,current
859424,13668017905,current
859424,13668017930,current
859424,13668017990,current
859424,13668072005,current
859424,13668072010,current
859424,13668072090,current
859424,16714098801,current
859424,16729028410,current
859424,16729028415,current
859424,16729028417,current
859424,24658026105,current
859424,24658026190,current
859424,27808015501,current
859424,27808015502,current
859424,27808015503,current
859424,31722088205,current
859424,31722088210,current
859424,31722088231,current
859424,31722088290,current
859424,33342026107,current
859424,33342026110,current
859424,33342026112,current
859424,33342026144,current
859424,42292002901,current
859424,42292002920,current
859424,42677030101,current
859424,42677030102,current
859424,43547059109,current
859424,43547059150,current
859424,47335058281,current
859424,50090244700,current
859424,50090244701,current
859424,50090317600,current
859424,50090317601,current
859424,50090471000,current
859424,50090471001,current
859424,50090471002,current
859424,50090511000,current
859424,50090511001,current
859424,50090511002,current
859424,50090511600,current
859424,50090511601,current
859424,50090546800,current
859424,50090546801,current
859424,50090630200,current
859424,50090630201,current
859424,50090630202,current
859424,50090698900,current
859424,50090724000,current
859424,50090724001,current
859424,50090724002,current
859424,50090724100,current
859424,50090748900,current
859424,50090749000,current
859424,50090749001,current
859424,50090749002,current
859424,50090749100,current
859424,50090797300,current
859424,50090797301,current
859424,50090797400,current
859424,50090797500,current
859424,50090797501,current
859424,50090797600,current
859424,50228011605,current
859424,50228011610,current
859424,50228011630,current
859424,50228011690,current
859424,51407015390,current
859424,51407084810,current
859424,51407084890,current
859424,51655045852,current
859424,51655075652,current
859424,51655098752,current
859424,52343015190,current
859424,57237016805,current
859424,57237016830,current
859424,57237016890,current
859424,57237016899,current
859424,60290004301,current
859424,60290004302,current
859424,60290004303,current
859424,60290004304,current
859424,60290004305,current
859424,60505450209,current
859424,60687023401,current
859424,60687023411,current
859424,61919079930,current
859424,62135069090,current
859424,63187086030,current
859424,63187086060,current
859424,63187086090,current
859424,63629715801,current
859424,63629715802,current
859424,63629715803,current
859424,63629715804,current
859424,63629715805,current
859424,65862029305,current
859424,65862029306,current
859424,65862029330,current
859424,65862029390,current
859424,65862029399,current
859424,67877043905,current
859424,67877043930,current
859424,67877043938,current
859424,67877043990,current
859424,68071366809,current
859424,68071384409,current
859424,68071522509,current
859424,68180073002,current
859424,68180073009,current
859424,68462026101,current
859424,68462026110,current
859424,68462026111,current
859424,68462026130,current
859424,68462026150,current
859424,68462026190,current
859424,68788407803,current
859424,68788407806,current
859424,68788407809,current
859424,68788416103,current
859424,68788416106,current
859424,68788416109,current
859424,68788756602,current
859424,68788756603,current
859424,68788756606,current
859424,68788756609,current
859424,68788836803,current
859424,68788836806,current
859424,68788836809,current
859424,68788842802,current
859424,68788842803,current
859424,68788842806,current
859424,68788842809,current
859424,68788883902,current
859424,68788883903,current
859424,68788883906,current
859424,68788883909,current
859424,69367035901,current
859424,69367035905,current
859424,69367035909,current
859424,69367035910,current
859424,69367035930,current
859424,69434000502,current
859424,69434000503,current
859424,70377000611,current
859424,70377000612,current
859424,70377000613,current
859424,70377000615,current
859424,70518409800,current
859424,70518409801,current
859424,70518409802,current
859424,70518469700,current
859424,70756005312,current
859424,70756005390,current
859424,71205035530,current
859424,71205035560,current
859424,71205035590,current
859424,71205039990,current
859424,71209004304,current
859424,71335074901,current
859424,71335074902,current
859424,71335074903,current
859424,71335074904,current
859424,71335074905,current
859424,71335101701,current
859424,71335101702,current
859424,71335101703,current
859424,71335101704,current
859424,71335101705,current
859424,71335133001,current
859424,71335133002,current
859424,71335133003,current
859424,71335133004,current
859424,71335188901,current
859424,71335188902,current
859424,71335188903,current
859424,71335188904,current
859424,71335188905,current
859424,71335244001,current
859424,71335244002,current
859424,71335244003,current
859424,71335244004,current
859424,71335244005,current
859424,71610019630,current
859424,72189006530,current
859424,72189006590,current
859424,72205000211,current
859424,72205000290,current
859424,72205000299,current
859424,72205002705,current
859424,72205002706,current
859424,72205002711,current
859424,72205002790,current
859424,72205002799,current
859424,72303082701,current
859424,72603036401,current
859424,72603036402,current
859424,81288075590,current
859424,82009001710,current
859424,82009001790,current
859424,82009018805,current
859424,82804023430,current
859747,00378220377,current
859747,00615853339,current
859747,00781540192,current
859747,00904677961,current
859747,11788013105,current
859747,11788013110,current
859747,11788013190,current
859747,13668018005,current
859747,13668018030,current
859747,13668018090,current
859747,13668072105,current
859747,13668072110,current
859747,13668072190,current
859747,16714098901,current
859747,16729028510,current
859747,16729028515,current
859747,16729028517,current
859747,24658026205,current
859747,24658026245,current
859747,24658026290,current
859747,27808015601,current
859747,27808015602,current
859747,27808015603,current
859747,31722088331,current
859747,31722088390,current
859747,33342026207,current
859747,33342026210,current
859747,33342026212,current
859747,33342026244,current
859747,42292003001,current
859747,42292003020,current
859747,42677030201,current
859747,42677030202,current
859747,42708019030,current
859747,43353024945,current
859747,43353033915,current
859747,43353033919,current
859747,43547059209,current
859747,43547059250,current
859747,47335058381,current
859747,50090245100,current
859747,50090245101,current
859747,50090245102,current
859747,50090317700,current
859747,50090317701,current
859747,50090473800,current
859747,50090473801,current
859747,50090518800,current
859747,50090518801,current
859747,50090518802,current
859747,50090518900,current
859747,50090574500,current
859747,50090574501,current
859747,50090574502,current
859747,50090574600,current
859747,50090577000,current
859747,50090577001,current
859747,50090577002,current
859747,50090577100,current
859747,50090663700,current
859747,50090743000,current
859747,50090743001,current
859747,50090743002,current
859747,50090743100,current
859747,50090748600,current
859747,50090748601,current
859747,50090748602,current
859747,50090748700,current
859747,50090749200,current
859747,50090749201,current
859747,50090749202,current
859747,50090749300,current
859747,50090796700,current
859747,50090796701,current
859747,50090796800,current
859747,50228011705,current
859747,50228011710,current
859747,50228011730,current
859747,50228011790,current
859747,50268070911,current
859747,50268070915,current
859747,51407015490,current
859747,51407084910,current
859747,51407084990,current
859747,51655006252,current
859747,51655006283,current
859747,51655025652,current
859747,52343015290,current
859747,55154015800,current
859747,55700057430,current
859747,57237016905,current
859747,57237016930,current
859747,57237016990,current
859747,57237016999,current
859747,60290004401,current
859747,60290004402,current
859747,60290004403,current
859747,60290004404,current
859747,60290004405,current
859747,60505450309,current
859747,60687024501,current
859747,60687024511,current
859747,60687024565,current
859747,61919078690,current
859747,62135069190,current
859747,63187086430,current
859747,63187086460,current
859747,63187086490,current
859747,63629715701,current
859747,63629715702,current
859747,63629715703,current
859747,63629715704,current
859747,63629715705,current
859747,63629715706,current
859747,65862029405,current
859747,65862029406,current
859747,65862029430,current
859747,65862029490,current
859747,65862029499,current
859747,67046162703,current
859747,67877044005,current
859747,67877044030,current
859747,67877044038,current
859747,67877044090,current
859747,68071240709,current
859747,68071362309,current
859747,68071372209,current
859747,68071517609,current
859747,68180073102,current
859747,68180073109,current
859747,68462026201,current
859747,68462026210,current
859747,68462026211,current
859747,68462026230,current
859747,68462026250,current
859747,68462026290,current
859747,68788405702,current
859747,68788405703,current
859747,68788405706,current
859747,68788405709,current
859747,68788708602,current
859747,68788708603,current
859747,68788708606,current
859747,68788708609,current
859747,68788838402,current
859747,68788838403,current
859747,68788838406,current
859747,68788838409,current
859747,68788877502,current
859747,68788877503,current
859747,68788877504,current
859747,68788877505,current
859747,68788877506,current
859747,68788877509,current
859747,69367036001,current
859747,69367036005,current
859747,69367036009,current
859747,69367036010,current
859747,69367036030,current
859747,69434000602,current
859747,69434000603,current
859747,70377000711,current
859747,70377000712,current
859747,70377000713,current
859747,70377000715,current
859747,70518254200,current
859747,70518368700,current
859747,70518368702,current
859747,70518414300,current
859747,70518414301,current
859747,70518414302,current
859747,70518430300,current
859747,70518430301,current
859747,70518430302,current
859747,70518430303,current
859747,70756005412,current
859747,70756005490,current
859747,70934024590,current
859747,71205000830,current
859747,71205000860,current
859747,71205000890,current
859747,71205005230,current
859747,71205005260,current
859747,71205005290,current
859747,71205082030,current
859747,71205082060,current
859747,71205082090,current
859747,71209004404,current
859747,71335060601,current
859747,71335060602,current
859747,71335060603,current
859747,71335060604,current
859747,71335060605,current
859747,71335060606,current
859747,71335173301,current
859747,71335173302,current
859747,71335173303,current
859747,71335173304,current
859747,71335173305,current
859747,71335189001,current
859747,71335189002,current
859747,71335189003,current
859747,71335189004,current
859747,71335189005,current
859747,71335189006,current
859747,71335203501,current
859747,71335203502,current
859747,71335203503,current
859747,71335203504,current
859747,71335203505,current
859747,71335203506,current
859747,71335253901,current
859747,71335253902,current
859747,71335253903,current
859747,71335253904,current
859747,71335253905,current
859747,71335253906,current
859747,71335964001,current
859747,71335964002,current
859747,71335964003,current
859747,71335964004,current
859747,71335964005,current
859747,71335964006,current
859747,71610021545,current
859747,71610021560,current
859747,71610023315,current
859747,71610023317,current
859747,71610023319,current
859747,71610023345,current
859747,71610023360,current
859747,71610079715,current
859747,71610079745,current
859747,71610080145,current
859747,72205000305,current
859747,72205000306,current
859747,72205000311,current
859747,72205000390,current
859747,72205000399,current
859747,72303082801,current
859747,72603036501,current
859747,72603036502,current
859747,76519116209,current
859747,81288075190,current
859747,82009001810,current
859747,82009001890,current
859747,82009018905,current
859747,82804029130,current
859749,00310075139,current
859749,00310757090,current
859749,43353029015,current
859749,43353029045,current
859749,68071043330,current
859751,00378220477,current
859751,00615853405,current
859751,00615853439,current
859751,00781540292,current
859751,00904678061,current
859751,11788013205,current
859751,11788013210,current
859751,11788013290,current
859751,13668018105,current
859751,13668018130,current
859751,13668018190,current
859751,13668072205,current
859751,13668072210,current
859751,13668072290,current
859751,16714099001,current
859751,16729028610,current
859751,16729028615,current
859751,16729028617,current
859751,24658026305,current
859751,24658026345,current
859751,24658026390,current
859751,27808015701,current
859751,27808015702,current
859751,27808015703,current
859751,31722088431,current
859751,31722088490,current
859751,33342026307,current
859751,33342026310,current
859751,33342026312,current
859751,33342026344,current
859751,42292003101,current
859751,42292003120,current
859751,42677030301,current
859751,42677030302,current
859751,42708019130,current
859751,43353033215,current
859751,43353033217,current
859751,43353033245,current
859751,43547059309,current
859751,43547059350,current
859751,47335058481,current
859751,50090244900,current
859751,50090244901,current
859751,50090244902,current
859751,50090272400,current
859751,50090272401,current
859751,50090272402,current
859751,50090490900,current
859751,50090567600,current
859751,50090642200,current
859751,50090642201,current
859751,50090642202,current
859751,50090651900,current
859751,50090651901,current
859751,50090651902,current
859751,50090652200,current
859751,50090652201,current
859751,50090652202,current
859751,50090652400,current
859751,50090652401,current
859751,50090652402,current
859751,50090700400,current
859751,50090700401,current
859751,50090700402,current
859751,50090700500,current
859751,50090773000,current
859751,50090773001,current
859751,50090773002,current
859751,50090779300,current
859751,50228011805,current
859751,50228011810,current
859751,50228011830,current
859751,50228011890,current
859751,50268071011,current
859751,50268071015,current
859751,51407015590,current
859751,51407085010,current
859751,51407085090,current
859751,51655023552,current
859751,51655030952,current
859751,51655099652,current
859751,52343015390,current
859751,55154015900,current
859751,55700057530,current
859751,57237017005,current
859751,57237017030,current
859751,57237017090,current
859751,57237017099,current
859751,60290004501,current
859751,60290004502,current
859751,60290004503,current
859751,60290004504,current
859751,60290004505,current
859751,60505450409,current
859751,60687025601,current
859751,60687025611,current
859751,61919070130,current
859751,61919070190,current
859751,62135069290,current
859751,63187086530,current
859751,63187086560,current
859751,63187086590,current
859751,65862029505,current
859751,65862029506,current
859751,65862029530,current
859751,65862029590,current
859751,65862029599,current
859751,67877044105,current
859751,67877044130,current
859751,67877044138,current
859751,67877044190,current
859751,68071237902,current
859751,68071384702,current
859751,68180073202,current
859751,68180073209,current
859751,68462026301,current
859751,68462026310,current
859751,68462026311,current
859751,68462026330,current
859751,68462026350,current
859751,68462026390,current
859751,68788404702,current
859751,68788404703,current
859751,68788404706,current
859751,68788404709,current
859751,68788761202,current
859751,68788761203,current
859751,68788761206,current
859751,68788761209,current
859751,68788853302,current
859751,68788853303,current
859751,68788853306,current
859751,68788853309,current
859751,68788869802,current
859751,68788869803,current
859751,68788869806,current
859751,68788869809,current
859751,69367036101,current
859751,69367036105,current
859751,69367036109,current
859751,69367036110,current
859751,69367036130,current
859751,69434000702,current
859751,69434000703,current
859751,70377000811,current
859751,70377000812,current
859751,70377000813,current
859751,70377000815,current
859751,70518181900,current
859751,70518181901,current
859751,70518181902,current
859751,70518419900,current
859751,70518429600,current
859751,70518429601,current
859751,70518429602,current
859751,70518429603,current
859751,70756005512,current
859751,70756005590,current
859751,70934024490,current
859751,71205004430,current
859751,71205004490,current
859751,71205009930,current
859751,71205009960,current
859751,71205009990,current
859751,71205027930,current
859751,71205027960,current
859751,71205027990,current
859751,71205039030,current
859751,71205039060,current
859751,71205039090,current
859751,71209004504,current
859751,71335030201,current
859751,71335030202,current
859751,71335030203,current
859751,71335030204,current
859751,71335030205,current
859751,71335030206,current
859751,71335090501,current
859751,71335090502,current
859751,71335090503,current
859751,71335090504,current
859751,71335090505,current
859751,71335090506,current
859751,71335109801,current
859751,71335109802,current
859751,71335109803,current
859751,71335109804,current
859751,71335109805,current
859751,71335109806,current
859751,71335174101,current
859751,71335174102,current
859751,71335174103,current
859751,71335174104,current
859751,71335174105,current
859751,71335174106,current
859751,71335240601,current
859751,71335240602,current
859751,71335240603,current
859751,71335240604,current
859751,71335240605,current
859751,71335240606,current
859751,71335966901,current
859751,71335966902,current
859751,71335966903,current
859751,71335966904,current
859751,71335966905,current
859751,71335966906,current
859751,71610018745,current
859751,71610023415,current
859751,71610023417,current
859751,71610023445,current
859751,71610079615,current
859751,71610079630,current
859751,71610079645,current
859751,71610079653,current
859751,71610079660,current
859751,71610092245,current
859751,72205000405,current
859751,72205000406,current
859751,72205000411,current
859751,72205000490,current
859751,72205000499,current
859751,72303082901,current
859751,72603036601,current
859751,72603036602,current
859751,72603036603,current
859751,82009001910,current
859751,82009001990,current
859751,82009019005,current
859751,82804009090,current
859753,00310075239,current
859753,00310075295,current
859753,00310758090,current
859753,43353028915,current
859753,43353028945,current
859753,68071026330,current
860510,00115124801,current
860510,00115124803,current
860510,00115124808,current
860510,00115124810,current
860510,16714022701,current
860510,42291047930,current
860510,51407005030,current
860510,57664066383,current
860510,60505367803,current
860510,60505471303,current
860510,67046155103,current
860510,69238257701,current
860510,69238257702,current
860510,69238257703,current
860510,69238257709,current
860510,69784071313,current
860510,71335030801,current
860510,71335030802,current
860975,00185441605,current
860975,00378035205,current
860975,00615828928,current
860975,00615828939,current
860975,00781550301,current
860975,10135082305,current
860975,10135082330,current
860975,10135082332,current
860975,10135082333,current
860975,10135082360,current
860975,10135082362,current
860975,10135082390,current
860975,17224031128,current
860975,25000010103,current
860975,25000010112,current
860975,25000010114,current
860975,25000010197,current
860975,25000010198,current
860975,29033005501,current
860975,29300038901,current
860975,29300038905,current
860975,29300038910,current
860975,29300038919,current
860975,33342023911,current
860975,33342023944,current
860975,42291049701,current
860975,42291049705,current
860975,42291049710,current
860975,42291049718,current
860975,42291049736,current
860975,42291049750,current
860975,42291049790,current
860975,42291082510,current
860975,42291082512,current
860975,42291082518,current
860975,42291082530,current
860975,42291082536,current
860975,42291082560,current
860975,42291082590,current
860975,42385097701,current
860975,42385097705,current
860975,42385097711,current
860975,42385097718,current
860975,42385097730,current
860975,42385097772,current
860975,42385097790,current
860975,42708020160,current
860975,42806063201,current
860975,42806063205,current
860975,42806063210,current
860975,48433032601,current
860975,49483062301,current
860975,49483062309,current
860975,49483062310,current
860975,49483062350,current
860975,50090149400,current
860975,50090149401,current
860975,50090149402,current
860975,50090149403,current
860975,50090149404,current
860975,50090371900,current
860975,50090371901,current
860975,50090371902,current
860975,50090371903,current
860975,50090488400,current
860975,50090539600,current
860975,50090539601,current
860975,50090539602,current
860975,50090539603,current
860975,50090539604,current
860975,50090539700,current
860975,50090651500,current
860975,50090651501,current
860975,50090651502,current
860975,50090651503,current
860975,50090651504,current
860975,50090651600,current
860975,50090711600,current
860975,50090757600,current
860975,50090757601,current
860975,50090757602,current
860975,50090757603,current
860975,50090757604,current
860975,50090757700,current
860975,50090757900,current
860975,50090791800,current
860975,50268055011,current
860975,50268055015,current
860975,51224000750,current
860975,51224000760,current
860975,51224000770,current
860975,51655055025,current
860975,51655055082,current
860975,51655055596,current
860975,51655055925,current
860975,51655055926,current
860975,51655055952,current
860975,51655055982,current
860975,51655085325,current
860975,51655085326,current
860975,51655085352,current
860975,51655085382,current
860975,53746017805,current
860975,55700032060,current
860975,55700061830,current
860975,55700061860,current
860975,55700061890,current
860975,59651054801,current
860975,59651054805,current
860975,59651054899,current
860975,60505026001,current
860975,60505026007,current
860975,60687064001,current
860975,60687064011,current
860975,61919045030,current
860975,61919045060,current
860975,61919045090,current
860975,61919076960,current
860975,61919099260,current
860975,62207049131,current
860975,62207049135,current
860975,62207049143,current
860975,62207049147,current
860975,62207049149,current
860975,62207049154,current
860975,62756014201,current
860975,62756014202,current
860975,63187077930,current
860975,63187077960,current
860975,63187077978,current
860975,63187077990,current
860975,63304086001,current
860975,63304086030,current
860975,63629288301,current
860975,63629288302,current
860975,63629288303,current
860975,63629288306,current
860975,63629914601,current
860975,65162017803,current
860975,65162017809,current
860975,65162017810,current
860975,65162017811,current
860975,65162017850,current
860975,65162017889,current
860975,65841002701,current
860975,65841002705,current
860975,65841080901,current
860975,65841080905,current
860975,65841080910,current
860975,65841080916,current
860975,65841080930,current
860975,65841080977,current
860975,65862029101,current
860975,65862029105,current
860975,67046043703,current
860975,67296170106,current
860975,67877015901,current
860975,67877015905,current
860975,67877015910,current
860975,67877041301,current
860975,67877041305,current
860975,67877041310,current
860975,67877041333,current
860975,67877041390,current
860975,68071311102,current
860975,68071311103,current
860975,68071311106,current
860975,68071311108,current
860975,68071311109,current
860975,68094090450,current
860975,68094090460,current
860975,68645012059,current
860975,68645059559,current
860975,68788849501,current
860975,68788849503,current
860975,68788849506,current
860975,68788849508,current
860975,68788849509,current
860975,68788881401,current
860975,68788881403,current
860975,68788881406,current
860975,68788881408,current
860975,68788881409,current
860975,68788886601,current
860975,68788886603,current
860975,68788886606,current
860975,68788886608,current
860975,68788886609,current
860975,68788890301,current
860975,68788890303,current
860975,68788890306,current
860975,68788890308,current
860975,68788890309,current
860975,69238212501,current
860975,69238212503,current
860975,69238212505,current
860975,69238212507,current
860975,69238212509,current
860975,69315041001,current
860975,69315041005,current
860975,69948000105,current
860975,69948000112,current
860975,70010049101,current
860975,70010049105,current
860975,70010049109,current
860975,70010049110,current
860975,70010049118,current
860975,70010049119,current
860975,70518437000,current
860975,70518437001,current
860975,70518437002,current
860975,70518437003,current
860975,70518437004,current
860975,70934013430,current
860975,70934013490,current
860975,70934013498,current
860975,70934078890,current
860975,70934078898,current
860975,71205014778,current
860975,71205018620,current
860975,71205018630,current
860975,71205018660,current
860975,71205018672,current
860975,71205018690,current
860975,71205068630,current
860975,71205068660,current
860975,71205068672,current
860975,71205068690,current
860975,71335029301,current
860975,71335029302,current
860975,71335029303,current
860975,71335029304,current
860975,71335029305,current
860975,71335029306,current
860975,71335029307,current
860975,71335029308,current
860975,71335029309,current
860975,71335072001,current
860975,71335072002,current
860975,71335072003,current
860975,71335072004,current
860975,71335072005,current
860975,71335072006,current
860975,71335072007,current
860975,71335072008,current
860975,71335072009,current
860975,71335088601,current
860975,71335088602,current
860975,71335088603,current
860975,71335088604,current
860975,71335088605,current
860975,71335088606,current
860975,71335088607,current
860975,71335088608,current
860975,71335088609,current
860975,71335235401,current
860975,71335235402,current
860975,71335235403,current
860975,71335235404,current
860975,71335235405,current
860975,71335235406,current
860975,71335235407,current
860975,71335235408,current
860975,71335235409,current
860975,71335256801,current
860975,71335256802,current
860975,71335256803,current
860975,71335256804,current
860975,71335256805,current
860975,71335256806,current
860975,71335256807,current
860975,71335256808,current
860975,71335256809,current
860975,71335968301,current
860975,71335968302,current
860975,71335968303,current
860975,71335968304,current
860975,71335968305,current
860975,71335968306,current
860975,71335968307,current
860975,71335968308,current
860975,71335968309,current
860975,71610044730,current
860975,71610044753,current
860975,71610044760,current
860975,71610044770,current
860975,71610044780,current
860975,71610044794,current
860975,71610045430,current
860975,71610045453,current
860975,71610045460,current
860975,71610045470,current
860975,71610045480,current
860975,71610045492,current
860975,71610045494,current
860975,71610045730,current
860975,71610045753,current
860975,71610045760,current
860975,71610045770,current
860975,71610045780,current
860975,71610045792,current
860975,71610045794,current
860975,71610053330,current
860975,71610053353,current
860975,71610053360,current
860975,71610053370,current
860975,71610053380,current
860975,71610055430,current
860975,71610055453,current
860975,71610055460,current
860975,71610055470,current
860975,71610055480,current
860975,71610055492,current
860975,71610055494,current
860975,71610057860,current
860975,71610057870,current
860975,71610057880,current
860975,71610057894,current
860975,71610058730,current
860975,71610058760,current
860975,71610058770,current
860975,71610058780,current
860975,71610058792,current
860975,71610058794,current
860975,71610061330,current
860975,71610061353,current
860975,71610061360,current
860975,71610061370,current
860975,71610061380,current
860975,71610061394,current
860975,71610065230,current
860975,71610065253,current
860975,71610065260,current
860975,71610065270,current
860975,71610065280,current
860975,71610065294,current
860975,71610083730,current
860975,71610083753,current
860975,71610083760,current
860975,71610083770,current
860975,71610083780,current
860975,71610083794,current
860975,71610085830,current
860975,71610085853,current
860975,71610085860,current
860975,71610085870,current
860975,71610085880,current
860975,71610085894,current
860975,72162242400,current
860975,72162242401,current
860975,72162242402,current
860975,72162242404,current
860975,72162242405,current
860975,72162242407,current
860975,72162242409,current
860975,72189006430,current
860975,72189006490,current
860975,72189015030,current
860975,72189015090,current
860975,72578003501,current
860975,72578003505,current
860975,72664022701,current
860975,72789000930,current
860975,72789000960,current
860975,72789000990,current
860975,72789000993,current
860975,72789005930,current
860975,72789005960,current
860975,72789005990,current
860975,72789005993,current
860975,72789005998,current
860975,72789010501,current
860975,72789010560,current
860975,72789010582,current
860975,72789010590,current
860975,72789010593,current
860975,72789010595,current
860975,72789040001,current
860975,72789040060,current
860975,72789040082,current
860975,72789040086,current
860975,72789040090,current
860975,72789040093,current
860975,72789045460,current
860975,72789045490,current
860975,72789045493,current
860975,72789045530,current
860975,75834050001,current
860975,75834050005,current
860975,76385012801,current
860975,76385012810,current
860975,76385012850,current
860975,76519115203,current
860975,76519119206,current
860975,82009011710,current
860975,82009018005,current
860975,82804014730,current
860975,82804014760,current
860975,82804014778,current
860975,82804014790,current
860975,82804019560,current
861467,42806005001,current
861467,42806005030,current
861467,46672082910,current
861467,46672082950,current
861467,55887005130,current
861467,60429053401,current
861467,64950021401,current
861467,64950021403,current
861467,68071076030,current
861646,66869010490,current
861650,66869020407,current
861650,66869020490,current
865098,00002751001,current
865098,00002751017,current
865098,00002751099,current
865098,00002753301,current
865098,50090137500,current
865098,50090448800,current
866412,00185028301,current
866412,00378459710,current
866412,00378459777,current
866412,00527260237,current
866412,00527260243,current
866412,00615782505,current
866412,00615782539,current
866412,00904632461,current
866412,16714085401,current
866412,16714085402,current
866412,16714085403,current
866412,24979003901,current
866412,24979003902,current
866412,24979003903,current
866412,27808030401,current
866412,27808030402,current
866412,27808030403,current
866412,31722059101,current
866412,31722059105,current
866412,31722059110,current
866412,31722059130,current
866412,42806072601,current
866412,42806072605,current
866412,42806072610,current
866412,43063084130,current
866412,45963067711,current
866412,45963067796,current
866412,50090384700,current
866412,50090384701,current
866412,50090505300,current
866412,50090541100,current
866412,50090541101,current
866412,50090541200,current
866412,50090541301,current
866412,50090572000,current
866412,50090572001,current
866412,50090572100,current
866412,50090626000,current
866412,50090626001,current
866412,50090648301,current
866412,50090648400,current
866412,50090695900,current
866412,50090695901,current
866412,50090696000,current
866412,50090706900,current
866412,50090706901,current
866412,50090707000,current
866412,50268054211,current
866412,50268054215,current
866412,50742061701,current
866412,50742061705,current
866412,50742061710,current
866412,50742061790,current
866412,50742061799,current
866412,50816010002,current
866412,50816010003,current
866412,51079017101,current
866412,51079017103,current
866412,51407040501,current
866412,51407040510,current
866412,51655019326,current
866412,51655019352,current
866412,51655088826,current
866412,51655088852,current
866412,53401001430,current
866412,53401001445,current
866412,53401001453,current
866412,53401001460,current
866412,53401001480,current
866412,55111046801,current
866412,55111046805,current
866412,55111046830,current
866412,55111046860,current
866412,55111046878,current
866412,55111046879,current
866412,55154434700,current
866412,55154727900,current
866412,55700023230,current
866412,55700023290,current
866412,60687041301,current
866412,60687041311,current
866412,60687041365,current
866412,60760056390,current
866412,60760066390,current
866412,60760099490,current
866412,61919033430,current
866412,61919033490,current
866412,61919076130,current
866412,61919076190,current
866412,62207013149,current
866412,62207013154,current
866412,63187076830,current
866412,63187076860,current
866412,63187076890,current
866412,63629886501,current
866412,63629917101,current
866412,63629917201,current
866412,64679084802,current
866412,64679084803,current
866412,64679084810,current
866412,67046168603,current
866412,67877059201,current
866412,67877059205,current
866412,67877059210,current
866412,67877059230,current
866412,67877059260,current
866412,68001011900,current
866412,68001011903,current
866412,68001035800,current
866412,68001035803,current
866412,68001047000,current
866412,68001047008,current
866412,68001050200,current
866412,68001050203,current
866412,68001050208,current
866412,68001068600,current
866412,68001068603,current
866412,68071265101,current
866412,68071528201,current
866412,68382056601,current
866412,68382056605,current
866412,68382056610,current
866412,68645047954,current
866412,68788809801,current
866412,68788809803,current
866412,68788809806,current
866412,68788809809,current
866412,68788825501,current
866412,68788825503,current
866412,68788825506,current
866412,68788825509,current
866412,68788844801,current
866412,68788844803,current
866412,68788844806,current
866412,68788844809,current
866412,69097040802,current
866412,69097040807,current
866412,69097040815,current
866412,70010078201,current
866412,70010078205,current
866412,70010078210,current
866412,70436016601,current
866412,70436016602,current
866412,70436016603,current
866412,70518208000,current
866412,70518208001,current
866412,70518312200,current
866412,70518419000,current
866412,70518419001,current
866412,70518440700,current
866412,70518445600,current
866412,70518453300,current
866412,70771134000,current
866412,70771134001,current
866412,70771134005,current
866412,71205033630,current
866412,71205033660,current
866412,71205033690,current
866412,71205068330,current
866412,71205068360,current
866412,71205068390,current
866412,71205080130,current
866412,71205080160,current
866412,71205080190,current
866412,71335016701,current
866412,71335016702,current
866412,71335016703,current
866412,71335016704,current
866412,71335016705,current
866412,71335016706,current
866412,71335016707,current
866412,71335195101,current
866412,71335195102,current
866412,71335195103,current
866412,71335195104,current
866412,71335195105,current
866412,71335195106,current
866412,71335195107,current
866412,71335294501,current
866412,71335294502,current
866412,71335294503,current
866412,71335294504,current
866412,71335294505,current
866412,71335294506,current
866412,71335294507,current
866412,71335970601,current
866412,71335970602,current
866412,71335970603,current
866412,71335970604,current
866412,71335970605,current
866412,71335970606,current
866412,71335970607,current
866412,71610048445,current
866412,71610048460,current
866412,71610055845,current
866412,71610055860,current
866412,71765000701,current
866412,71765000702,current
866412,72162185800,current
866412,72162185801,current
866412,72162185805,current
866412,72516002701,current
866412,72516002710,current
866412,72516002750,current
866412,72516003201,current
866412,72516003210,current
866412,72516003250,current
866412,72603014401,current
866412,72603014402,current
866412,72603014403,current
866412,75834029200,current
866412,75834029201,current
866412,75834029205,current
866412,75907034501,current
866412,75907034510,current
866412,76519111403,current
866412,82009011505,current
866412,82804027990,current
866412,82868007930,current
866412,82868007990,current
866419,00185028401,current
866419,00378459805,current
866419,00378459877,current
866419,00527260337,current
866419,00527260343,current
866419,16714085501,current
866419,16714085502,current
866419,24979004001,current
866419,27808030501,current
866419,31722059201,current
866419,31722059205,current
866419,31722059210,current
866419,31722059230,current
866419,42806072701,current
866419,42806072705,current
866419,42806072710,current
866419,45963067811,current
866419,50268054311,current
866419,50268054315,current
866419,50742061801,current
866419,50742061805,current
866419,50742061810,current
866419,50742061890,current
866419,50742061899,current
866419,50816020002,current
866419,50816020003,current
866419,51407040601,current
866419,51407040608,current
866419,51407040610,current
866419,55111046901,current
866419,55111046905,current
866419,55111046930,current
866419,55111046960,current
866419,55111046978,current
866419,55111046979,current
866419,62207013249,current
866419,62207013254,current
866419,63629328601,current
866419,63629328602,current
866419,63629886601,current
866419,63629917301,current
866419,63629941301,current
866419,63629941302,current
866419,64679084902,current
866419,67877059301,current
866419,67877059305,current
866419,67877059310,current
866419,67877059330,current
866419,67877059360,current
866419,68001012000,current
866419,68001012003,current
866419,68001036000,current
866419,68001036003,current
866419,68001047100,current
866419,68001050300,current
866419,68001068700,current
866419,68382056701,current
866419,68382056705,current
866419,68382056710,current
866419,69097040902,current
866419,69097040907,current
866419,69097040915,current
866419,70010078301,current
866419,70010078305,current
866419,70010078310,current
866419,70010078349,current
866419,70436016701,current
866419,70436016702,current
866419,70436016703,current
866419,70771134100,current
866419,70771134101,current
866419,70771134105,current
866419,71335281101,current
866419,71335281102,current
866419,71335306901,current
866419,71335306902,current
866419,71335313401,current
866419,71335313402,current
866419,71610057345,current
866419,71610057360,current
866419,71765000801,current
866419,71765000802,current
866419,72162185900,current
866419,72162185901,current
866419,72162185905,current
866419,72516002801,current
866419,72516003301,current
866419,72603014501,current
866419,72603014502,current
866419,75834029300,current
866419,75834029301,current
866419,75834029305,current
866419,75907034601,current
866419,75907034605,current
866419,82009011605,current
866427,00378459510,current
866427,00378459577,current
866427,00527260037,current
866427,00527260043,current
866427,00615782305,current
866427,00615782328,current
866427,00615782330,current
866427,00615782339,current
866427,00904632206,current
866427,00904632261,current
866427,16714085201,current
866427,16714085202,current
866427,16714085203,current
866427,24979003701,current
866427,24979003702,current
866427,24979003703,current
866427,27808030201,current
866427,27808030202,current
866427,27808030203,current
866427,31722058901,current
866427,31722058905,current
866427,31722058910,current
866427,31722058930,current
866427,42806072401,current
866427,42806072405,current
866427,42806072410,current
866427,43063062430,current
866427,43063062460,current
866427,43063062490,current
866427,45963070911,current
866427,45963070996,current
866427,50090374600,current
866427,50090374601,current
866427,50090374603,current
866427,50090490200,current
866427,50090539400,current
866427,50090539401,current
866427,50090539403,current
866427,50090539500,current
866427,50090541800,current
866427,50090541801,current
866427,50090541803,current
866427,50090541900,current
866427,50090573300,current
866427,50090573301,current
866427,50090573303,current
866427,50090609700,current
866427,50090609701,current
866427,50090609703,current
866427,50090648600,current
866427,50090648601,current
866427,50090648603,current
866427,50090648700,current
866427,50090648800,current
866427,50090648801,current
866427,50090648803,current
866427,50090648900,current
866427,50090711700,current
866427,50090711701,current
866427,50090711703,current
866427,50090711800,current
866427,50090759000,current
866427,50090759001,current
866427,50090759100,current
866427,50268054011,current
866427,50268054015,current
866427,50742061501,current
866427,50742061505,current
866427,50742061510,current
866427,50742061590,current
866427,50742061599,current
866427,50816002502,current
866427,50816002503,current
866427,51079016901,current
866427,51079016920,current
866427,51407040301,current
866427,51407040310,current
866427,51655023926,current
866427,51655023952,current
866427,51655058152,current
866427,51655093426,current
866427,51655093452,current
866427,53401001030,current
866427,53401001045,current
866427,53401001053,current
866427,53401001060,current
866427,53401001070,current
866427,53401001080,current
866427,55111046601,current
866427,55111046605,current
866427,55111046630,current
866427,55111046660,current
866427,55111046678,current
866427,55111046679,current
866427,55154264200,current
866427,55154469800,current
866427,55154728000,current
866427,55700025330,current
866427,55700025390,current
866427,60687039001,current
866427,60687039011,current
866427,60687039065,current
866427,61919075430,current
866427,61919075490,current
866427,62207013049,current
866427,62207013054,current
866427,63629886301,current
866427,63629916701,current
866427,63629916801,current
866427,63739045310,current
866427,64679084602,current
866427,64679084603,current
866427,64679084610,current
866427,67046088303,current
866427,67296212501,current
866427,67296212503,current
866427,67296212506,current
866427,67877059001,current
866427,67877059005,current
866427,67877059010,current
866427,67877059030,current
866427,67877059060,current
866427,68001035600,current
866427,68001035603,current
866427,68001050000,current
866427,68001050003,current
866427,68001050008,current
866427,68001068400,current
866427,68001068403,current
866427,68071396309,current
866427,68382056401,current
866427,68382056405,current
866427,68382056410,current
866427,68645047754,current
866427,68788402203,current
866427,68788402206,current
866427,68788402209,current
866427,68788411003,current
866427,68788411006,current
866427,68788411009,current
866427,68788806903,current
866427,68788806906,current
866427,68788806909,current
866427,68788848603,current
866427,68788848606,current
866427,68788848609,current
866427,70010078001,current
866427,70010078005,current
866427,70010078010,current
866427,70436020201,current
866427,70436020202,current
866427,70436020203,current
866427,70518314300,current
866427,70518314301,current
866427,70518314302,current
866427,70518409000,current
866427,70518409001,current
866427,70518409002,current
866427,70518409003,current
866427,70518409004,current
866427,70518419800,current
866427,70518419801,current
866427,70518419802,current
866427,70518453100,current
866427,70771133800,current
866427,70771133801,current
866427,70771133805,current
866427,70882012630,current
866427,70934011330,current
866427,70934026790,current
866427,71205035030,current
866427,71205035060,current
866427,71205035090,current
866427,71205036830,current
866427,71205036860,current
866427,71205036890,current
866427,71335015801,current
866427,71335015802,current
866427,71335015803,current
866427,71335015804,current
866427,71335015805,current
866427,71335187501,current
866427,71335187502,current
866427,71335187503,current
866427,71335187504,current
866427,71335187505,current
866427,71335187506,current
866427,71335259201,current
866427,71335259202,current
866427,71335259203,current
866427,71335259204,current
866427,71335259205,current
866427,71335259206,current
866427,71335283401,current
866427,71610048345,current
866427,71610048360,current
866427,71610055545,current
866427,71610055560,current
866427,72162185600,current
866427,72162185601,current
866427,72162185605,current
866427,72189038030,current
866427,72189065290,current
866427,72516003001,current
866427,72516003010,current
866427,72516003050,current
866427,72603014201,current
866427,72603014202,current
866427,72603014203,current
866427,72789010730,current
866427,72789010790,current
866427,72789057690,current
866427,75834029000,current
866427,75834029001,current
866427,75834029005,current
866427,75907034401,current
866427,75907034410,current
866427,76519108600,current
866427,76519108602,current
866427,76519108606,current
866427,82009011305,current
866427,82804025290,current
866427,82804026290,current
866427,82868008330,current
866427,82868008390,current
866427,82868008730,current
866427,82868008790,current
866429,55289090230,current
866429,67544055545,current
866429,67544055560,current
866429,70347002502,current
866429,70347002503,current
866429,70842011002,current
866429,71610003545,current
866429,71610003560,current
866436,00185028201,current
866436,00185028210,current
866436,00378459610,current
866436,00378459677,current
866436,00527260137,current
866436,00527260143,current
866436,00615782405,current
866436,00615782428,current
866436,00615782439,current
866436,00904632361,current
866436,16714085301,current
866436,16714085302,current
866436,16714085303,current
866436,24979003801,current
866436,24979003802,current
866436,24979003803,current
866436,27808030301,current
866436,27808030302,current
866436,27808030303,current
866436,31722059001,current
866436,31722059005,current
866436,31722059010,current
866436,31722059030,current
866436,42806072501,current
866436,42806072505,current
866436,42806072510,current
866436,45963067611,current
866436,45963067696,current
866436,50090196500,current
866436,50090229600,current
866436,50090229601,current
866436,50090380800,current
866436,50090380801,current
866436,50090490400,current
866436,50090539201,current
866436,50090539300,current
866436,50090572200,current
866436,50090572201,current
866436,50090572300,current
866436,50090595000,current
866436,50090595001,current
866436,50090644800,current
866436,50090644801,current
866436,50090651000,current
866436,50090666200,current
866436,50090666201,current
866436,50090666300,current
866436,50090723800,current
866436,50090723801,current
866436,50090723900,current
866436,50268054111,current
866436,50268054115,current
866436,50742061601,current
866436,50742061605,current
866436,50742061610,current
866436,50742061690,current
866436,50742061699,current
866436,50816005002,current
866436,50816005003,current
866436,51079017001,current
866436,51079017020,current
866436,51407040401,current
866436,51407040410,current
866436,51655020352,current
866436,51655051926,current
866436,51655051952,current
866436,51655058052,current
866436,51655091926,current
866436,51655091952,current
866436,52959068000,current
866436,52959068030,current
866436,53401000930,current
866436,53401000945,current
866436,53401000953,current
866436,53401000960,current
866436,53401000970,current
866436,53401000980,current
866436,55111046701,current
866436,55111046705,current
866436,55111046730,current
866436,55111046760,current
866436,55111046778,current
866436,55111046779,current
866436,55154688600,current
866436,55700019230,current
866436,55700019260,current
866436,55700019290,current
866436,60687040201,current
866436,60687040211,current
866436,60687040265,current
866436,60760063490,current
866436,60760099390,current
866436,61919072790,current
866436,61919090090,current
866436,61919091330,current
866436,62037083110,current
866436,62207013349,current
866436,62207013354,current
866436,63629886401,current
866436,63629916901,current
866436,63629917001,current
866436,63739009710,current
866436,64679084702,current
866436,64679084703,current
866436,64679084710,current
866436,67046165003,current
866436,67046168503,current
866436,67296190203,current
866436,67877059101,current
866436,67877059105,current
866436,67877059110,current
866436,67877059130,current
866436,67877059160,current
866436,68001035700,current
866436,68001035703,current
866436,68001046900,current
866436,68001046908,current
866436,68001050100,current
866436,68001050103,current
866436,68001050108,current
866436,68001068500,current
866436,68001068503,current
866436,68071252201,current
866436,68071382801,current
866436,68071394301,current
866436,68071396509,current
866436,68382056501,current
866436,68382056505,current
866436,68382056510,current
866436,68645047854,current
866436,68788799701,current
866436,68788799703,current
866436,68788799706,current
866436,68788799709,current
866436,68788831201,current
866436,68788831203,current
866436,68788831206,current
866436,68788831209,current
866436,68788832701,current
866436,68788832703,current
866436,68788832706,current
866436,68788832709,current
866436,68788886903,current
866436,68788886906,current
866436,68788886909,current
866436,69097040702,current
866436,69097040707,current
866436,69097040715,current
866436,70010078101,current
866436,70010078105,current
866436,70010078110,current
866436,70436018301,current
866436,70436018302,current
866436,70436018303,current
866436,70518316400,current
866436,70518316401,current
866436,70518368000,current
866436,70518368001,current
866436,70771133900,current
866436,70771133901,current
866436,70771133905,current
866436,70882012730,current
866436,70934024290,current
866436,70934038890,current
866436,71205016230,current
866436,71205016260,current
866436,71205016290,current
866436,71205017930,current
866436,71205017960,current
866436,71205017990,current
866436,71205072430,current
866436,71205072460,current
866436,71205072490,current
866436,71205080030,current
866436,71205080060,current
866436,71205080090,current
866436,71335014901,current
866436,71335014902,current
866436,71335014903,current
866436,71335014904,current
866436,71335014905,current
866436,71335187801,current
866436,71335187802,current
866436,71335187803,current
866436,71335187804,current
866436,71335187805,current
866436,71335187806,current
866436,71335187807,current
866436,71335283501,current
866436,71335305201,current
866436,71335305202,current
866436,71335305203,current
866436,71335305204,current
866436,71335305205,current
866436,71335305206,current
866436,71335305207,current
866436,71335974901,current
866436,71335974902,current
866436,71335974903,current
866436,71335974904,current
866436,71335974905,current
866436,71335974906,current
866436,71335974907,current
866436,71335975301,current
866436,71335975302,current
866436,71335975303,current
866436,71335975304,current
866436,71335975305,current
866436,71335975306,current
866436,71335975307,current
866436,71610064245,current
866436,71610064253,current
866436,71610064260,current
866436,71765000601,current
866436,71765000602,current
866436,72162185700,current
866436,72162185701,current
866436,72189054790,current
866436,72516002601,current
866436,72516002610,current
866436,72516002650,current
866436,72516003101,current
866436,72516003110,current
866436,72516003150,current
866436,72603014301,current
866436,72603014302,current
866436,72603014303,current
866436,72789001030,current
866436,72789014530,current
866436,72789028430,current
866436,72789028490,current
866436,72789049790,current
866436,75834029100,current
866436,75834029101,current
866436,75834029105,current
866436,75907034701,current
866436,75907034710,current
866436,82009011405,current
866436,82804001430,current
866436,82804001460,current
866436,82804001490,current
866436,82804019890,current
866436,82804030190,current
866436,82868008430,current
866436,82868008490,current
866511,00247192300,current
866511,00247192360,current
866511,00378004701,current
866511,00378004702,current
866511,00378004704,current
866511,00378004710,current
866511,00615842330,current
866511,00615842339,current
866511,00904634280,current
866511,33358024300,current
866511,33358024330,current
866511,35356078230,current
866511,35356078260,current
866511,35356078290,current
866511,42543000301,current
866511,42543000310,current
866511,43063000601,current
866511,43063000690,current
866511,43063000693,current
866511,43063093830,current
866511,43063093860,current
866511,43063093890,current
866511,43063093893,current
866511,43353094453,current
866511,43353094460,current
866511,46708029210,current
866511,46708029230,current
866511,46708029231,current
866511,46708029291,current
866511,50090048900,current
866511,50090048901,current
866511,50090048903,current
866511,50090048904,current
866511,50090197400,current
866511,50090197401,current
866511,50090197403,current
866511,50090197404,current
866511,50090226000,current
866511,50090226001,current
866511,50090226003,current
866511,50090226004,current
866511,50090676300,current
866511,50090676301,current
866511,50090676303,current
866511,50090676304,current
866511,50090676400,current
866511,50090748800,current
866511,50090756900,current
866511,50090756901,current
866511,50090756903,current
866511,50090756904,current
866511,50090757000,current
866511,50090774000,current
866511,50090774001,current
866511,50090774003,current
866511,50090774004,current
866511,50090774100,current
866511,50742010901,current
866511,50742010910,current
866511,51079080201,current
866511,51079080217,current
866511,51079080219,current
866511,51079080220,current
866511,51407011101,current
866511,51407011110,current
866511,51655051425,current
866511,51655051426,current
866511,51655051452,current
866511,51655051483,current
866511,51655058425,current
866511,51655058452,current
866511,51655088452,current
866511,52343006101,current
866511,52343006199,current
866511,52817025400,current
866511,52817025410,current
866511,52817036200,current
866511,52817036210,current
866511,53401001260,current
866511,53401001280,current
866511,53401001760,current
866511,53401001780,current
866511,55154212600,current
866511,55289009330,current
866511,55289009360,current
866511,55289009390,current
866511,55289009393,current
866511,55700049930,current
866511,55700067630,current
866511,55700067690,current
866511,55887027401,current
866511,55887027460,current
866511,57237010201,current
866511,57237010299,current
866511,57664016708,current
866511,57664016718,current
866511,57664016752,current
866511,57664016758,current
866511,58864069530,current
866511,60760056690,current
866511,60760092890,current
866511,61919042830,current
866511,61919042890,current
866511,62332011430,current
866511,62332011431,current
866511,62332011491,current
866511,62584026701,current
866511,62584026711,current
866511,63187053230,current
866511,63187053260,current
866511,63187053272,current
866511,63187053278,current
866511,63187053290,current
866511,63304058101,current
866511,63304058110,current
866511,63629146202,current
866511,65862006401,current
866511,65862006439,current
866511,65862006460,current
866511,65862006499,current
866511,66105099603,current
866511,66105099606,current
866511,66105099610,current
866511,66105099611,current
866511,66105099615,current
866511,67046138403,current
866511,67046162603,current
866511,67544062753,current
866511,67544062760,current
866511,67544062780,current
866511,68071393501,current
866511,68071394106,current
866511,68071394203,current
866511,68071488001,current
866511,68071488009,current
866511,68071495801,current
866511,68645019159,current
866511,68788824901,current
866511,68788824903,current
866511,68788824906,current
866511,68788824909,current
866511,68788888501,current
866511,68788888503,current
866511,68788888506,current
866511,68788888509,current
866511,69367035501,current
866511,69367035510,current
866511,70518219305,current
866511,70518379300,current
866511,70518379301,current
866511,70518379302,current
866511,70518399700,current
866511,70518399701,current
866511,70518453500,current
866511,70518453501,current
866511,71335115701,current
866511,71335115702,current
866511,71335115703,current
866511,71335115704,current
866511,71335115705,current
866511,71335267501,current
866511,71335267502,current
866511,71335267503,current
866511,71335267504,current
866511,71335267505,current
866511,71335971601,current
866511,71335971602,current
866511,71335971603,current
866511,71335971604,current
866511,71335971605,current
866511,71610008053,current
866511,71610008060,current
866511,71610008080,current
866511,71610018653,current
866511,71610018660,current
866511,71610018680,current
866511,71610055953,current
866511,71610055960,current
866511,71610055980,current
866511,72189054430,current
866511,72189054490,current
866511,72189065990,current
866511,72888000600,current
866511,72888000601,current
866511,72888000605,current
866511,72888021200,current
866511,72888021201,current
866511,72888021205,current
866511,76282079601,current
866511,76282079610,current
866511,76420095400,current
866511,76420095401,current
866511,76420095420,current
866511,76420095430,current
866511,76420095460,current
866511,76420095490,current
866511,76519111306,current
866511,82804097900,current
866511,82804097911,current
866511,82804097930,current
866511,82804097955,current
866511,82804097960,current
866511,82804097990,current
866511,87063018801,current
866511,87063018830,current
866511,87063018860,current
866511,87063018890,current
866514,00378003201,current
866514,00378003202,current
866514,00378003204,current
866514,00378003210,current
866514,00615842205,current
866514,00615842230,current
866514,00615842239,current
866514,00904711861,current
866514,33358024200,current
866514,33358024230,current
866514,33358024260,current
866514,33358024290,current
866514,35356088960,current
866514,35356088990,current
866514,42543000201,current
866514,42543000210,current
866514,42708004160,current
866514,42708014760,current
866514,42708019860,current
866514,43063039830,current
866514,43063039890,current
866514,43063039893,current
866514,43063082130,current
866514,43063082160,current
866514,43063082190,current
866514,43063082193,current
866514,43353094345,current
866514,43353094353,current
866514,43353094360,current
866514,43353094373,current
866514,43353094398,current
866514,46708029110,current
866514,46708029130,current
866514,46708029131,current
866514,46708029191,current
866514,48433007401,current
866514,48433007420,current
866514,50090048800,current
866514,50090048801,current
866514,50090048804,current
866514,50090048805,current
866514,50090197900,current
866514,50090197901,current
866514,50090197904,current
866514,50090197905,current
866514,50090214900,current
866514,50090214901,current
866514,50090214904,current
866514,50090214905,current
866514,50090496600,current
866514,50090506000,current
866514,50090607600,current
866514,50090608300,current
866514,50090608301,current
866514,50090608304,current
866514,50090608305,current
866514,50090608400,current
866514,50090755300,current
866514,50090755301,current
866514,50090755304,current
866514,50090755305,current
866514,50090755400,current
866514,50090796900,current
866514,50090796901,current
866514,50090796904,current
866514,50090796905,current
866514,50090797000,current
866514,50742010801,current
866514,50742010810,current
866514,51079080101,current
866514,51079080117,current
866514,51079080119,current
866514,51079080120,current
866514,51079080130,current
866514,51079080156,current
866514,51407011001,current
866514,51407011010,current
866514,51655028125,current
866514,51655052725,current
866514,51655052726,current
866514,51655052752,current
866514,51655052783,current
866514,51655053525,current
866514,51655053526,current
866514,51655053552,current
866514,51655053652,current
866514,51655053683,current
866514,52343006001,current
866514,52343006099,current
866514,52817025200,current
866514,52817025210,current
866514,52817036100,current
866514,52817036110,current
866514,52959083918,current
866514,52959083930,current
866514,52959083960,current
866514,53401001660,current
866514,53401001670,current
866514,53401001680,current
866514,53401001692,current
866514,55154027800,current
866514,55154479000,current
866514,55154551200,current
866514,55700064690,current
866514,55700066760,current
866514,55700066790,current
866514,55887047401,current
866514,57237010101,current
866514,57237010199,current
866514,57664016608,current
866514,57664016618,current
866514,57664016652,current
866514,57664016658,current
866514,57664047708,current
866514,57664047718,current
866514,57664047752,current
866514,57664047758,current
866514,58864001601,current
866514,58864001628,current
866514,58864001630,current
866514,58864001660,current
866514,60760024360,current
866514,60760024398,current
866514,60760052460,current
866514,60760052498,current
866514,60760068060,current
866514,60760068098,current
866514,61919031730,current
866514,61919031760,current
866514,61919031790,current
866514,61919041530,current
866514,61919041590,current
866514,61919072660,current
866514,61919072682,current
866514,61919072690,current
866514,62332011330,current
866514,62332011331,current
866514,62332011391,current
866514,62584026601,current
866514,62584026611,current
866514,63187060900,current
866514,63187060930,current
866514,63187060960,current
866514,63187060972,current
866514,63187060978,current
866514,63187060990,current
866514,63304058001,current
866514,63304058010,current
866514,63629146301,current
866514,63629146302,current
866514,63629146303,current
866514,63629146304,current
866514,63629146305,current
866514,65862006301,current
866514,65862006359,current
866514,65862006360,current
866514,65862006399,current
866514,66105099403,current
866514,66105099406,current
866514,66105099410,current
866514,66105099411,current
866514,66105099415,current
866514,67046156903,current
866514,67544007660,current
866514,67544007670,current
866514,67544012230,current
866514,67544027230,current
866514,67544091130,current
866514,67544091145,current
866514,67544091153,current
866514,67544091160,current
866514,67544091170,current
866514,67544091173,current
866514,67544091180,current
866514,67544091192,current
866514,67544091194,current
866514,67544091198,current
866514,68071394603,current
866514,68071394609,current
866514,68071398508,current
866514,68071475502,current
866514,68071475508,current
866514,68071475509,current
866514,68071476901,current
866514,68071495701,current
866514,68645019059,current
866514,68788754801,current
866514,68788754803,current
866514,68788754806,current
866514,68788754809,current
866514,68788821101,current
866514,68788821103,current
866514,68788821106,current
866514,68788821109,current
866514,68788888601,current
866514,68788888603,current
866514,68788888606,current
866514,68788888609,current
866514,69367035401,current
866514,69367035410,current
866514,70518329300,current
866514,70518329301,current
866514,70518329302,current
866514,70518329303,current
866514,70518360602,current
866514,70518441800,current
866514,70518441801,current
866514,70518441802,current
866514,70518441803,current
866514,70518441804,current
866514,70518441805,current
866514,70882013360,current
866514,70934010530,current
866514,70934010590,current
866514,70934010596,current
866514,70934030590,current
866514,71205070130,current
866514,71205070160,current
866514,71205070190,current
866514,71335073402,current
866514,71335073403,current
866514,71335073405,current
866514,71335073407,current
866514,71335114601,current
866514,71335114602,current
866514,71335114603,current
866514,71335114604,current
866514,71335114605,current
866514,71335114606,current
866514,71335114607,current
866514,71335114608,current
866514,71335216401,current
866514,71335216402,current
866514,71335216403,current
866514,71335216404,current
866514,71335216405,current
866514,71335216406,current
866514,71335216407,current
866514,71335216408,current
866514,71335265601,current
866514,71335265602,current
866514,71335265603,current
866514,71335265604,current
866514,71335265605,current
866514,71335265606,current
866514,71335265607,current
866514,71335265608,current
866514,71610013860,current
866514,71610013870,current
866514,71610013880,current
866514,71610013892,current
866514,71610014760,current
866514,71610014770,current
866514,71610014780,current
866514,71610014792,current
866514,71610014794,current
866514,71610015860,current
866514,71610015880,current
866514,71610044360,current
866514,71610044370,current
866514,71610044380,current
866514,71610044392,current
866514,71610044394,current
866514,71610056530,current
866514,71610056545,current
866514,71610056553,current
866514,71610056560,current
866514,71610056570,current
866514,71610056573,current
866514,71610056580,current
866514,71610056592,current
866514,71610056594,current
866514,71610056598,current
866514,72189067790,current
866514,72789053590,current
866514,72789054993,current
866514,72789055590,current
866514,72888000500,current
866514,72888000501,current
866514,72888000505,current
866514,72888021000,current
866514,72888021001,current
866514,72888021002,current
866514,72888021005,current
866514,76282079501,current
866514,76282079510,current
866514,76420095300,current
866514,76420095301,current
866514,76420095320,current
866514,76420095330,current
866514,76420095360,current
866514,76420095390,current
866514,82804016590,current
866514,82804025330,current
866514,82804025390,current
866514,82804097800,current
866514,82804097811,current
866514,82804097830,current
866514,82804097855,current
866514,82804097860,current
866514,82804097890,current
866514,82868009030,current
866514,82868009090,current
866514,87063018601,current
866514,87063018630,current
866514,87063018660,current
866514,87063018690,current
866924,00378001801,current
866924,00378001802,current
866924,00378001805,current
866924,00378001807,current
866924,00378001891,current
866924,00615842105,current
866924,00615842130,current
866924,00615842139,current
866924,42543000101,current
866924,42543000110,current
866924,42708011060,current
866924,43063092701,current
866924,43063092714,current
866924,43063092730,current
866924,43063092760,current
866924,43063092790,current
866924,43063092793,current
866924,43353094230,current
866924,43353094253,current
866924,46708029010,current
866924,46708029030,current
866924,46708029031,current
866924,46708029071,current
866924,46708029091,current
866924,48433007301,current
866924,48433007320,current
866924,49999057560,current
866924,50090220700,current
866924,50090220701,current
866924,50090220702,current
866924,50090220703,current
866924,50090507000,current
866924,50090736200,current
866924,50090736201,current
866924,50090736202,current
866924,50090736203,current
866924,50090736300,current
866924,50090756700,current
866924,50090756701,current
866924,50090756702,current
866924,50090756703,current
866924,50090756800,current
866924,50090773800,current
866924,50090773801,current
866924,50090773802,current
866924,50090773803,current
866924,50090773900,current
866924,50742010701,current
866924,50742010705,current
866924,51079025501,current
866924,51079025520,current
866924,51407010901,current
866924,51407010910,current
866924,51655053425,current
866924,51655053426,current
866924,51655053452,current
866924,51655053483,current
866924,52343005901,current
866924,52343005999,current
866924,52817025000,current
866924,52817025010,current
866924,52817036000,current
866924,52817036010,current
866924,53401001153,current
866924,53401001160,current
866924,53401001180,current
866924,53401001192,current
866924,53401001198,current
866924,53401001553,current
866924,53401001560,current
866924,53401001580,current
866924,53401001592,current
866924,53401001598,current
866924,55154027900,current
866924,55154475200,current
866924,55154535600,current
866924,55289038214,current
866924,55289038230,current
866924,55289038260,current
866924,55289038290,current
866924,55289038293,current
866924,55700021230,current
866924,55700021260,current
866924,55700021290,current
866924,55700067490,current
866924,55887083220,current
866924,55887083230,current
866924,55887083260,current
866924,57237010001,current
866924,57237010099,current
866924,57664050608,current
866924,57664050618,current
866924,57664050652,current
866924,57664050658,current
866924,61919005230,current
866924,61919005260,current
866924,61919005290,current
866924,61919070560,current
866924,61919070590,current
866924,62332011230,current
866924,62332011231,current
866924,62332011291,current
866924,62584026501,current
866924,62584026511,current
866924,63187060030,current
866924,63187060060,current
866924,63187060078,current
866924,63187060090,current
866924,63304057901,current
866924,63304057910,current
866924,65862006201,current
866924,65862006299,current
866924,67046156103,current
866924,67046159203,current
866924,67296190301,current
866924,67296190303,current
866924,67296190306,current
866924,67296190309,current
866924,67296221601,current
866924,67544038730,current
866924,67544038753,current
866924,67544038760,current
866924,67544038770,current
866924,67544038780,current
866924,67544038792,current
866924,67544038798,current
866924,68071028830,current
866924,68071372303,current
866924,68071372306,current
866924,68071372308,current
866924,68071523601,current
866924,68788783201,current
866924,68788783203,current
866924,68788783206,current
866924,68788783209,current
866924,68788850901,current
866924,68788850903,current
866924,68788850906,current
866924,68788850909,current
866924,68788884001,current
866924,68788884003,current
866924,68788884006,current
866924,68788884009,current
866924,70518261500,current
866924,70518261501,current
866924,70518329100,current
866924,70518329101,current
866924,70518329102,current
866924,70518350600,current
866924,70518350601,current
866924,70518350602,current
866924,70518350603,current
866924,70518350604,current
866924,70518395000,current
866924,70518395001,current
866924,70518395002,current
866924,70518395003,current
866924,70518430800,current
866924,70518430801,current
866924,70518430802,current
866924,70882013260,current
866924,70934039090,current
866924,70934050096,current
866924,71205000330,current
866924,71205000360,current
866924,71205000378,current
866924,71205000390,current
866924,71335019201,current
866924,71335019202,current
866924,71335019203,current
866924,71335019204,current
866924,71335019205,current
866924,71335019206,current
866924,71335019207,current
866924,71335019208,current
866924,71335074301,current
866924,71335074302,current
866924,71335074303,current
866924,71335074304,current
866924,71335074305,current
866924,71335074306,current
866924,71335074307,current
866924,71335074308,current
866924,71335114201,current
866924,71335114202,current
866924,71335114203,current
866924,71335114204,current
866924,71335114205,current
866924,71335114206,current
866924,71335114207,current
866924,71335114208,current
866924,71335160001,current
866924,71335160002,current
866924,71335160003,current
866924,71335160004,current
866924,71335160005,current
866924,71335160006,current
866924,71335160007,current
866924,71335160008,current
866924,71335278901,current
866924,71335278902,current
866924,71335278903,current
866924,71335278904,current
866924,71335278905,current
866924,71335278906,current
866924,71335278907,current
866924,71335278908,current
866924,71335974501,current
866924,71335974502,current
866924,71335974503,current
866924,71335974504,current
866924,71335974505,current
866924,71335974506,current
866924,71335974507,current
866924,71335974508,current
866924,71610013760,current
866924,71610013780,current
866924,71610018453,current
866924,71610018460,current
866924,71610018480,current
866924,71610055630,current
866924,71610055645,current
866924,71610055653,current
866924,71610055660,current
866924,71610055670,current
866924,71610055680,current
866924,71610055692,current
866924,71610055698,current
866924,72189064030,current
866924,72189064090,current
866924,72888000400,current
866924,72888000401,current
866924,72888000405,current
866924,72888020800,current
866924,72888020801,current
866924,72888020802,current
866924,72888020805,current
866924,76282079401,current
866924,76282079410,current
866924,76420005400,current
866924,76420005401,current
866924,76420005420,current
866924,76420005430,current
866924,76420005460,current
866924,76420005490,current
866924,82868003720,current
866924,87063018401,current
866924,87063018430,current
866924,87063018460,current
866924,87063018490,current
895996,00173071820,current
895996,50090091600,current
895996,68788692601,current
896001,00173071920,current
896001,50090091000,current
896001,53002131001,current
896006,00173072020,current
896006,50090093400,current
896019,00173060002,current
896019,50090124500,current
896023,00173060202,current
896023,63187095760,current
896209,00054032756,current
896209,00093751831,current
896209,00527601106,current
896209,50090421300,current
896209,66993058597,current
896209,68788845306,current
896209,70518396800,current
896209,70518434700,current
896209,71205026260,current
896762,00185011701,current
896762,00185011705,current
896762,00591060601,current
896762,00591060605,current
896762,00615851339,current
896762,00904711061,current
896762,00904745261,current
896762,10135064201,current
896762,10135071201,current
896762,10135071205,current
896762,23155072401,current
896762,23155072405,current
896762,29300025301,current
896762,29300025305,current
896762,33342051611,current
896762,33342051615,current
896762,42806032801,current
896762,42806032805,current
896762,42806032810,current
896762,47781055301,current
896762,47781055305,current
896762,49884012301,current
896762,49884012305,current
896762,50090129000,current
896762,50090129001,current
896762,50090677400,current
896762,50090677401,current
896762,50090677700,current
896762,50090677701,current
896762,50090677800,current
896762,50090700100,current
896762,50090700101,current
896762,50090700200,current
896762,50090752300,current
896762,50090752301,current
896762,50090752400,current
896762,50090773100,current
896762,51079092901,current
896762,51079092920,current
896762,51407061501,current
896762,51407061505,current
896762,55154018200,current
896762,55154214300,current
896762,58657060301,current
896762,58657060310,current
896762,58657060350,current
896762,58657060601,current
896762,58657090701,current
896762,58657090710,current
896762,60687045001,current
896762,60687045011,current
896762,62135079260,current
896762,63629116301,current
896762,63629116401,current
896762,63629221301,current
896762,63629221401,current
896762,63629930001,current
896762,68001038200,current
896762,68001038203,current
896762,68001070100,current
896762,68001070103,current
896762,68071387809,current
896762,68382079901,current
896762,68382079905,current
896762,68382079906,current
896762,68382079916,current
896762,70377006111,current
896762,70377006112,current
896762,70377006113,current
896762,70518399300,current
896762,70518399301,current
896762,70518399302,current
896762,70771116401,current
896762,70771116403,current
896762,70771116405,current
896762,70771116409,current
896762,71209008403,current
896762,71209008405,current
896762,71209008410,current
896762,71209008411,current
896762,71247012701,current
896762,71247012705,current
896762,71335124201,current
896762,71335124202,current
896762,71335124203,current
896762,71335205701,current
896762,71335205702,current
896762,71335205703,current
896762,71335206301,current
896762,71335206302,current
896762,71335206303,current
896762,71335216901,current
896762,71335216902,current
896762,71335216903,current
896762,71335287601,current
896762,71335292301,current
896762,71930003612,current
896762,71930003652,current
896762,72162167601,current
896762,72162167605,current
896762,72603090301,current
896762,72603090302,current
896762,72888012101,current
896762,72888012105,current
896766,00185011801,current
896766,00185011805,current
896766,00591060701,current
896766,00904711161,current
896766,00904745361,current
896766,10135064301,current
896766,10135071301,current
896766,10135071305,current
896766,23155072501,current
896766,23155072505,current
896766,29300025401,current
896766,29300025405,current
896766,33342051711,current
896766,33342051715,current
896766,42806032901,current
896766,42806032905,current
896766,42806032910,current
896766,47781055401,current
896766,49884012401,current
896766,49884012405,current
896766,50090129101,current
896766,50090491701,current
896766,50090683301,current
896766,50090715601,current
896766,50090766601,current
896766,50090774301,current
896766,51407061601,current
896766,55154018400,current
896766,58657060401,current
896766,58657060410,current
896766,58657060450,current
896766,58657060701,current
896766,58657090801,current
896766,58657090810,current
896766,60687046101,current
896766,60687046111,current
896766,62135080060,current
896766,63629116501,current
896766,63629116601,current
896766,63629221501,current
896766,63629221601,current
896766,63629928301,current
896766,67296211402,current
896766,67296211406,current
896766,68001038300,current
896766,68001038303,current
896766,68001070200,current
896766,68001070203,current
896766,68382080001,current
896766,68382080005,current
896766,68382080006,current
896766,68382080016,current
896766,70377006211,current
896766,70377006212,current
896766,70377006213,current
896766,70771116501,current
896766,70771116503,current
896766,70771116505,current
896766,70771116509,current
896766,71209008503,current
896766,71209008505,current
896766,71209008510,current
896766,71209008511,current
896766,71247013001,current
896766,71247013005,current
896766,71335141001,current
896766,71335141002,current
896766,71335141003,current
896766,71335141004,current
896766,71335141005,current
896766,71335243401,current
896766,71335243402,current
896766,71335243403,current
896766,71335243404,current
896766,71335243405,current
896766,71335969001,current
896766,71335969002,current
896766,71335969003,current
896766,71335969004,current
896766,71335969005,current
896766,71930003712,current
896766,71930003752,current
896766,72162167701,current
896766,72162167705,current
896766,72603090401,current
896766,72603090402,current
896766,72888012201,current
896766,72888012205,current
896766,72888046801,current
896766,72888046802,current
897122,00143914401,current
897122,00143914402,current
897122,00143914403,current
897122,00480366719,current
897122,00480366720,current
897122,00480366722,current
897122,14403340001,current
897122,14403340002,current
897122,14403340003,current
897122,50090750100,current
897122,69097092031,current
897122,69097092067,current
897122,69097092068,current
897122,70377009451,current
897122,70377009452,current
897122,70377009453,current
897122,70748034601,current
897122,70748034602,current
897122,70748034603,current
897122,71288056383,current
897122,71288056384,current
897122,71288056385,current
897122,72603074501,current
897122,72603074502,current
897122,72603074503,current
897122,81607001801,current
897122,81607001802,current
897685,00025185131,historical
897685,00025185151,historical
897685,00025185152,historical
897685,53978339809,historical
897685,58056010810,historical
897685,62584085200,historical
898346,00378690001,current
898346,00781227901,current
898346,23155092501,current
898346,23155092505,current
898346,23155092510,current
898346,42291001501,current
898346,50090146300,current
898346,50090272000,current
898346,50090538900,current
898346,55111058601,current
898346,55111058605,current
898346,55111058630,current
898346,57237014701,current
898346,57237014705,current
898346,58118227900,current
898346,58118227903,current
898346,58118227908,current
898346,58118227909,current
898346,63187037030,current
898346,65862058701,current
898346,65862058705,current
898346,68001013100,current
898346,68180047301,current
898346,68180047302,current
898346,68180047303,current
898346,68180076001,current
898346,68180076002,current
898346,68180076003,current
898346,70518438200,current
898346,71335306701,current
898346,71335306702,current
898346,71335306703,current
898346,84677001301,current
898356,00378689701,current
898356,00378689705,current
898356,00781227301,current
898356,00781227310,current
898356,00781227364,current
898356,23155092201,current
898356,23155092205,current
898356,23155092210,current
898356,42291001201,current
898356,43063040260,current
898356,50090104101,current
898356,50090104200,current
898356,50090104201,current
898356,50090428400,current
898356,50090428401,current
898356,50090618500,current
898356,50090618501,current
898356,51655020152,current
898356,55111034001,current
898356,55111034005,current
898356,55111034030,current
898356,57237014401,current
898356,57237014405,current
898356,58118227300,current
898356,58118227303,current
898356,58118227308,current
898356,58118227309,current
898356,63629145401,current
898356,65862058401,current
898356,65862058405,current
898356,68001013400,current
898356,68180045901,current
898356,68180045902,current
898356,68180045903,current
898356,68180075701,current
898356,68180075702,current
898356,68180075703,current
898356,69238268601,current
898356,70518438600,current
898356,71205012230,current
898356,71205012260,current
898356,71205012290,current
898356,71335095301,current
898356,71335095302,current
898356,71335095303,current
898356,71335194601,current
898356,71335194602,current
898356,71335194603,current
898356,71335194604,current
898356,71335309501,current
898356,71335309502,current
898356,72162236001,current
898367,00185021101,current
898367,00378474501,current
898367,00574022901,current
898367,00781513301,current
898367,45865052030,current
898367,45865052051,current
898367,45865052060,current
898367,45865052090,current
898367,60505026301,current
898367,62559041601,current
898367,63304015601,current
898367,63629268001,current
898367,63629268002,current
898367,63629268003,current
898367,64980019501,current
898367,68462057801,current
898367,72162232801,current
898367,72888022101,current
898372,00185027701,current
898372,00378477501,current
898372,00574022801,current
898372,00781513401,current
898372,33358005030,current
898372,52959090730,current
898372,60505026401,current
898372,62559041701,current
898372,63304015701,current
898372,64980019601,current
898372,68462057901,current
898372,72888022201,current
898687,00185005301,current
898687,00185005305,current
898687,00378044301,current
898687,00781189201,current
898687,23155075001,current
898687,23155075005,current
898687,33261017930,current
898687,33358004830,current
898687,43063067930,current
898687,43063067990,current
898687,43547033603,current
898687,43547033610,current
898687,43547033650,current
898687,50090377500,current
898687,50090377502,current
898687,50090575100,current
898687,50090575102,current
898687,50268011011,current
898687,50268011015,current
898687,51079014501,current
898687,51079014520,current
898687,51407046301,current
898687,51407046305,current
898687,51655006526,current
898687,51655006552,current
898687,51655020226,current
898687,52959084130,current
898687,52959084160,current
898687,53746075201,current
898687,53746075205,current
898687,54458095810,current
898687,55154434300,current
898687,55700029030,current
898687,55700029090,current
898687,55887087530,current
898687,60505026601,current
898687,60760035190,current
898687,61919028030,current
898687,61919028060,current
898687,62135072090,current
898687,63187049930,current
898687,63187049960,current
898687,63187049990,current
898687,63304033801,current
898687,63304033805,current
898687,63629267201,current
898687,63629267202,current
898687,65162075203,current
898687,65162075210,current
898687,65162075250,current
898687,65862011601,current
898687,68071305702,current
898687,68071305703,current
898687,68071305706,current
898687,68071305709,current
898687,68071512901,current
898687,68788887701,current
898687,68788887703,current
898687,68788887706,current
898687,68788887709,current
898687,68788932701,current
898687,68788932703,current
898687,68788932706,current
898687,68788932709,current
898687,71335045701,current
898687,71335045702,current
898687,71335045703,current
898687,71335045704,current
898687,71335085401,current
898687,71335085402,current
898687,71335085403,current
898687,71335085404,current
898687,72162181603,current
898687,72162181609,current
898687,72189011030,current
898687,72189011090,current
898687,84386010001,current
898687,84386010090,current
898690,00185082001,current
898690,00185082005,current
898690,00378044401,current
898690,00781189301,current
898690,23155075101,current
898690,23155075105,current
898690,33358004930,current
898690,42291016250,current
898690,43063040330,current
898690,43063067730,current
898690,43063067790,current
898690,43547033703,current
898690,43547033710,current
898690,43547033750,current
898690,50090091300,current
898690,50090091301,current
898690,50090324300,current
898690,50090324301,current
898690,50090575000,current
898690,50090575001,current
898690,50268011111,current
898690,50268011115,current
898690,51079014601,current
898690,51079014620,current
898690,51407046401,current
898690,51407046405,current
898690,51655006626,current
898690,51655006652,current
898690,51655006752,current
898690,51655038852,current
898690,51655075526,current
898690,51655075552,current
898690,52959083130,current
898690,52959083160,current
898690,52959083190,current
898690,53746075301,current
898690,53746075305,current
898690,54458086316,current
898690,55154434400,current
898690,55700029130,current
898690,55700029190,current
898690,55887032260,current
898690,55887032290,current
898690,55887032292,current
898690,59762314702,current
898690,60760035290,current
898690,61919073990,current
898690,62135072190,current
898690,63187039330,current
898690,63187039390,current
898690,63304033901,current
898690,63304033905,current
898690,63629172801,current
898690,63629172802,current
898690,63629172803,current
898690,65162075303,current
898690,65162075310,current
898690,65162075350,current
898690,65862011701,current
898690,65862011790,current
898690,66636069130,current
898690,68071176901,current
898690,68071196902,current
898690,68071196903,current
898690,68071196906,current
898690,68071196909,current
898690,68788931301,current
898690,68788931303,current
898690,68788931306,current
898690,68788931309,current
898690,70518463300,current
898690,71205024430,current
898690,71205024460,current
898690,71205024490,current
898690,71335007801,current
898690,71335007802,current
898690,71335007803,current
898690,71335007804,current
898690,71335007805,current
898690,71335007806,current
898690,71335108601,current
898690,71335108602,current
898690,71335108603,current
898690,71335108604,current
898690,71335108605,current
898690,71335108606,current
898690,84386010101,current
898690,84386010190,current
898723,00185050501,current
898723,00185050505,current
898723,00378044101,current
898723,00781189101,current
898723,23155074901,current
898723,23155074905,current
898723,42291016090,current
898723,43547033503,current
898723,43547033510,current
898723,50268010911,current
898723,50268010915,current
898723,51407046201,current
898723,51407046205,current
898723,53746075101,current
898723,53746075105,current
898723,54458095910,current
898723,55887038530,current
898723,55887038590,current
898723,60505026501,current
898723,62135071990,current
898723,63187050030,current
898723,63187050060,current
898723,63187050090,current
898723,63304033701,current
898723,63629267901,current
898723,65162075103,current
898723,65162075110,current
898723,65162075150,current
898723,68071332401,current
898723,68071332403,current
898723,68071332406,current
898723,68071513000,current
898723,68788688901,current
898723,68788688903,current
898723,68788688906,current
898723,68788688908,current
898723,68788688909,current
904419,00378356701,current
904419,00378356708,current
904419,16714063101,current
904419,16714063102,current
904419,16714063110,current
904419,16714063111,current
904419,41616063683,current
904419,41616063688,current
904419,51079094101,current
904419,51079094105,current
904419,55111058801,current
904419,55111058830,current
904419,64980034001,current
904419,64980034003,current
904419,65862032701,current
904419,65862032710,current
904419,65862032730,current
904419,65862032799,current
904419,68071079030,current
904458,00093077110,current
904458,00093077198,current
904458,00378055277,current
904458,00378821010,current
904458,00615853939,current
904458,00615861839,current
904458,00781523110,current
904458,00781523192,current
904458,00904589161,current
904458,10135049890,current
904458,16714055801,current
904458,16714055802,current
904458,16729000815,current
904458,16729000816,current
904458,16729000817,current
904458,24689014002,current
904458,42291066510,current
904458,42291066590,current
904458,50090159400,current
904458,50090159401,current
904458,50090325800,current
904458,50090325801,current
904458,50090385300,current
904458,50090385301,current
904458,50111076117,current
904458,50268066511,current
904458,50268066515,current
904458,51407088710,current
904458,51407088790,current
904458,54458092716,current
904458,55111022901,current
904458,55111022905,current
904458,55111022930,current
904458,55111022990,current
904458,55154335000,current
904458,57237016405,current
904458,57237016490,current
904458,60505016801,current
904458,60505016804,current
904458,60505016805,current
904458,60505016807,current
904458,60505016809,current
904458,60687016901,current
904458,60687016911,current
904458,60687088601,current
904458,60687088611,current
904458,61919070730,current
904458,61919070790,current
904458,62135084790,current
904458,63304059590,current
904458,63629458801,current
904458,63629883301,current
904458,63629890401,current
904458,63629890501,current
904458,63629916201,current
904458,63629916202,current
904458,65862063205,current
904458,65862063290,current
904458,65862063299,current
904458,67046151803,current
904458,67046162103,current
904458,68071500103,current
904458,68071500703,current
904458,68084018601,current
904458,68084018611,current
904458,68084050001,current
904458,68084050011,current
904458,68180048502,current
904458,68180048503,current
904458,68180048509,current
904458,68382007005,current
904458,68382007016,current
904458,68462019505,current
904458,68462019590,current
904458,68788405903,current
904458,68788405906,current
904458,68788405909,current
904458,68788842503,current
904458,68788842506,current
904458,68788842509,current
904458,69097078805,current
904458,69097078812,current
904458,69292010110,current
904458,69292010150,current
904458,69292010190,current
904458,70377004511,current
904458,70377004512,current
904458,70377004514,current
904458,70518054900,current
904458,70518054901,current
904458,71335124301,current
904458,71335124302,current
904458,71335124303,current
904458,71335229801,current
904458,71335229802,current
904458,71335284801,current
904458,72162170602,current
904458,72162170603,current
904458,72162170609,current
904458,72162195100,current
904458,72189005990,current
904458,82868010430,current
904458,84386003190,current
904458,84386003199,current
904467,00093720110,current
904467,00093720198,current
904467,00378055477,current
904467,00378822010,current
904467,00615854005,current
904467,00615854039,current
904467,00615861905,current
904467,00615861939,current
904467,00781523210,current
904467,00781523292,current
904467,00904589261,current
904467,10135049990,current
904467,16714055901,current
904467,16714055902,current
904467,16729000915,current
904467,16729000916,current
904467,16729000917,current
904467,24689014102,current
904467,24689014105,current
904467,35356091930,current
904467,35356091990,current
904467,42291066710,current
904467,42291066790,current
904467,43063014330,current
904467,43063044330,current
904467,43063080730,current
904467,48433014801,current
904467,48433014820,current
904467,50090097300,current
904467,50090097301,current
904467,50090097500,current
904467,50090097501,current
904467,50090202500,current
904467,50090202501,current
904467,50090389800,current
904467,50090389801,current
904467,50090689800,current
904467,50090755100,current
904467,50090755101,current
904467,50090755200,current
904467,50090770900,current
904467,50090770901,current
904467,50090771000,current
904467,50090781300,current
904467,50090789200,current
904467,50090789201,current
904467,50090789300,current
904467,50090794700,current
904467,50090794701,current
904467,50090794800,current
904467,50111076203,current
904467,50111076217,current
904467,50268066611,current
904467,50268066615,current
904467,51079045801,current
904467,51079045820,current
904467,51407088810,current
904467,51407088890,current
904467,51655007152,current
904467,51655034352,current
904467,52959099030,current
904467,52959099090,current
904467,54458086910,current
904467,54458092616,current
904467,55111023001,current
904467,55111023005,current
904467,55111023030,current
904467,55111023090,current
904467,55154727500,current
904467,57237016505,current
904467,57237016590,current
904467,60505016901,current
904467,60505016902,current
904467,60505016905,current
904467,60505016907,current
904467,60505016909,current
904467,60687017801,current
904467,60687017811,current
904467,60687089701,current
904467,60687089711,current
904467,61919070930,current
904467,61919070990,current
904467,61919073190,current
904467,61919080130,current
904467,62135084890,current
904467,63304059690,current
904467,63629811801,current
904467,63629890601,current
904467,63629890901,current
904467,63629916301,current
904467,63629916302,current
904467,65862063305,current
904467,65862063390,current
904467,65862063399,current
904467,67046151903,current
904467,68071336103,current
904467,68071336109,current
904467,68071378809,current
904467,68071389509,current
904467,68084018701,current
904467,68084018711,current
904467,68084050101,current
904467,68084050111,current
904467,68180048602,current
904467,68180048603,current
904467,68180048609,current
904467,68382007105,current
904467,68382007116,current
904467,68462019605,current
904467,68462019690,current
904467,68788404903,current
904467,68788404906,current
904467,68788404909,current
904467,68788766103,current
904467,68788766106,current
904467,68788766109,current
904467,68788777903,current
904467,68788777906,current
904467,68788777909,current
904467,68788821503,current
904467,68788821506,current
904467,68788821509,current
904467,68788842103,current
904467,68788842106,current
904467,68788842109,current
904467,68788887103,current
904467,68788887106,current
904467,68788887109,current
904467,69097078905,current
904467,69097078912,current
904467,69292010210,current
904467,69292010250,current
904467,69292010290,current
904467,70377004611,current
904467,70377004612,current
904467,70377004614,current
904467,70518193800,current
904467,70518193801,current
904467,70518288700,current
904467,70518288701,current
904467,70518288702,current
904467,70518440800,current
904467,70518440801,current
904467,71205014930,current
904467,71205014960,current
904467,71205014990,current
904467,71335029601,current
904467,71335029602,current
904467,71335029603,current
904467,71335029604,current
904467,71335029605,current
904467,71335094701,current
904467,71335094702,current
904467,71335094703,current
904467,71335094704,current
904467,71335094705,current
904467,71335102201,current
904467,71335102202,current
904467,71335102203,current
904467,71335102204,current
904467,71335102205,current
904467,71335290801,current
904467,71335969201,current
904467,71335969202,current
904467,71335969203,current
904467,71335969204,current
904467,71335969205,current
904467,72162211400,current
904467,72189006030,current
904467,72189006090,current
904467,72789014330,current
904467,82009000610,current
904467,82868009130,current
904467,84386003290,current
904467,84386003299,current
904475,00093720210,current
904475,00093720298,current
904475,00378055777,current
904475,00378824010,current
904475,00615854105,current
904475,00615854139,current
904475,00615862005,current
904475,00615862039,current
904475,00781523410,current
904475,00781523492,current
904475,00904589361,current
904475,10135050090,current
904475,16714056001,current
904475,16714056002,current
904475,16729001015,current
904475,16729001016,current
904475,16729001017,current
904475,24689014202,current
904475,24689014205,current
904475,35356012530,current
904475,42291066810,current
904475,42291066890,current
904475,43063044430,current
904475,43063080830,current
904475,43353047445,current
904475,43353096445,current
904475,43353096460,current
904475,48433014901,current
904475,48433014920,current
904475,50090153300,current
904475,50090153301,current
904475,50090202400,current
904475,50090202401,current
904475,50090420600,current
904475,50090420601,current
904475,50090614500,current
904475,50090614501,current
904475,50090682600,current
904475,50090691100,current
904475,50090761200,current
904475,50090761201,current
904475,50090761300,current
904475,50111076403,current
904475,50111076417,current
904475,50268066711,current
904475,50268066715,current
904475,51079078201,current
904475,51079078220,current
904475,51407088910,current
904475,51407088990,current
904475,51655007252,current
904475,51655007352,current
904475,51655059452,current
904475,51655070852,current
904475,54458086710,current
904475,54458092516,current
904475,55111023101,current
904475,55111023105,current
904475,55111023130,current
904475,55111023190,current
904475,55154537000,current
904475,55154799800,current
904475,55700099430,current
904475,57237016605,current
904475,57237016690,current
904475,60505017001,current
904475,60505017005,current
904475,60505017007,current
904475,60505017008,current
904475,60505017009,current
904475,60687019001,current
904475,60687019011,current
904475,60687090801,current
904475,60687090811,current
904475,61919054690,current
904475,61919070830,current
904475,62135084990,current
904475,63304059790,current
904475,63629811701,current
904475,63629883501,current
904475,63629891001,current
904475,63629891101,current
904475,63629916401,current
904475,63629916402,current
904475,65862063405,current
904475,65862063490,current
904475,65862063499,current
904475,68071336603,current
904475,68071336606,current
904475,68071336609,current
904475,68084018801,current
904475,68084018811,current
904475,68084050201,current
904475,68084050211,current
904475,68180048702,current
904475,68180048703,current
904475,68180048709,current
904475,68382007205,current
904475,68382007216,current
904475,68462019705,current
904475,68462019790,current
904475,68788700901,current
904475,68788700902,current
904475,68788700903,current
904475,68788700906,current
904475,68788700908,current
904475,68788700909,current
904475,69097079105,current
904475,69097079112,current
904475,69292010310,current
904475,69292010350,current
904475,69292010390,current
904475,70377004711,current
904475,70377004712,current
904475,70377004714,current
904475,70518087600,current
904475,70518087601,current
904475,70518087602,current
904475,70518250500,current
904475,70518250501,current
904475,70518433900,current
904475,70518433901,current
904475,70934016130,current
904475,70934034490,current
904475,71205012130,current
904475,71205012160,current
904475,71205012190,current
904475,71205029430,current
904475,71205029460,current
904475,71205029490,current
904475,71205051630,current
904475,71205051660,current
904475,71205051690,current
904475,71335069201,current
904475,71335069202,current
904475,71335069203,current
904475,71335069204,current
904475,71335069205,current
904475,71335268701,current
904475,71335274601,current
904475,71335274602,current
904475,71335274603,current
904475,71335274604,current
904475,71335274605,current
904475,71335283301,current
904475,71610087945,current
904475,71610087953,current
904475,71610087960,current
904475,71610088445,current
904475,71610088453,current
904475,71610088460,current
904475,72162170700,current
904475,72162170701,current
904475,72162170703,current
904475,72162170706,current
904475,72162170709,current
904475,72162195300,current
904475,72189006130,current
904475,72189006190,current
904475,72789016130,current
904475,76519120009,current
904475,82009000710,current
904475,82009000790,current
904475,82868008130,current
904475,82868009630,current
904475,84386003390,current
904475,84386003399,current
904481,00093727098,current
904481,00378055377,current
904481,00378828005,current
904481,00480727010,current
904481,00480727098,current
904481,00615854239,current
904481,00615862139,current
904481,00781523592,current
904481,16714057001,current
904481,16714057002,current
904481,16729001115,current
904481,16729001116,current
904481,16729001117,current
904481,24689014301,current
904481,42291066910,current
904481,42291066990,current
904481,43353096645,current
904481,43353096660,current
904481,50090278501,current
904481,50090320400,current
904481,50090320401,current
904481,50090580900,current
904481,50090580901,current
904481,50268066811,current
904481,50268066812,current
904481,51407089010,current
904481,51407089090,current
904481,51655097652,current
904481,55111027401,current
904481,55111027405,current
904481,55111027430,current
904481,55111027490,current
904481,57237016705,current
904481,57237016790,current
904481,60505132301,current
904481,60505132305,current
904481,60505132307,current
904481,60505132308,current
904481,60505132309,current
904481,61919073490,current
904481,62135085090,current
904481,63304059805,current
904481,63304059890,current
904481,63629750801,current
904481,63629750802,current
904481,63629750803,current
904481,63629750804,current
904481,63629750805,current
904481,63629883601,current
904481,63629891201,current
904481,63629891301,current
904481,63629916501,current
904481,63629916502,current
904481,65862063505,current
904481,65862063590,current
904481,68180048802,current
904481,68180048803,current
904481,68180048809,current
904481,68382007305,current
904481,68382007316,current
904481,68462019805,current
904481,68462019890,current
904481,68788766000,current
904481,68788766001,current
904481,68788766002,current
904481,68788766003,current
904481,68788766006,current
904481,68788766008,current
904481,68788766009,current
904481,69097079205,current
904481,69097079212,current
904481,69292010410,current
904481,69292010450,current
904481,69292010490,current
904481,70377004811,current
904481,70377004812,current
904481,70377004813,current
904481,71335225301,current
904481,71335225302,current
904481,71335225303,current
904481,71335225304,current
904481,71335225305,current
904481,71610063730,current
904481,71610063745,current
904481,71610087730,current
904481,71610087745,current
904481,71610087753,current
904481,71610087760,current
904481,72162171102,current
904481,72162171103,current
904481,72162171104,current
904481,72162171105,current
904481,72162171109,current
904481,72189011990,current
904481,82009000805,current
904481,84386003490,current
904481,84386003499,current
905269,00591533501,current
905269,00591533510,current
905269,16571016010,current
905269,16571016011,current
905269,50090299400,current
905269,51407026501,current
905269,51407026510,current
905269,54738055401,current
905269,54738055403,current
905269,63850002101,current
905269,63850002102,current
905269,63850002103,current
905269,69452024120,current
905269,69452024132,current
905269,70518161200,current
905269,70518161201,current
905269,70518161202,current
905269,70518241000,current
905269,70518241001,current
905269,70518241002,current
905269,70518241003,current
905269,70518241004,current
905269,70518241005,current
905269,70954021210,current
905269,70954021220,current
966222,00378180504,current
966222,00378180510,current
966222,00378180577,current
966222,00378180595,current
966222,00480869001,current
966222,00480869010,current
966222,00480869098,current
966222,00527134301,current
966222,00527134310,current
966222,00527328243,current
966222,00527328246,current
966222,00615859705,current
966222,00615859714,current
966222,00615859739,current
966222,00781518201,current
966222,00781518210,current
966222,00781518292,current
966222,00904695161,current
966222,16729044915,current
966222,16729044917,current
966222,31722028601,current
966222,31722028610,current
966222,31722028630,current
966222,31722028690,current
966222,33342039510,current
966222,33342039511,current
966222,33342039544,current
966222,47781064610,current
966222,47781064690,current
966222,50090090000,current
966222,50090090001,current
966222,50090462300,current
966222,50090462301,current
966222,50090489900,current
966222,50090565800,current
966222,50090565801,current
966222,50090565900,current
966222,50090611800,current
966222,50090611801,current
966222,50090611900,current
966222,50090682400,current
966222,50090682401,current
966222,50090682500,current
966222,51079044101,current
966222,51079044120,current
966222,51655009452,current
966222,51655057652,current
966222,51655068752,current
966222,51655098952,current
966222,52959092200,current
966222,52959092230,current
966222,55154356000,current
966222,55154539500,current
966222,60687047501,current
966222,60687047511,current
966222,61919019730,current
966222,61919097530,current
966222,61919097590,current
966222,62584015501,current
966222,62584015511,current
966222,63187098230,current
966222,63187098290,current
966222,63629183801,current
966222,63629183802,current
966222,63629183803,current
966222,67046080103,current
966222,67046163503,current
966222,67296204603,current
966222,68071388703,current
966222,68071388709,current
966222,68071522709,current
966222,68180096701,current
966222,68180096702,current
966222,68180096703,current
966222,68180096709,current
966222,68788772503,current
966222,68788772509,current
966222,68788795403,current
966222,68788795409,current
966222,68788880603,current
966222,68788880609,current
966222,68788889603,current
966222,68788889609,current
966222,68788916203,current
966222,69238183201,current
966222,69238183207,current
966222,70518327400,current
966222,70518443500,current
966222,70934029230,current
966222,70934029290,current
966222,70934036390,current
966222,70934041190,current
966222,71205035330,current
966222,71205035360,current
966222,71205035390,current
966222,71205065530,current
966222,71205065560,current
966222,71205065590,current
966222,71335142301,current
966222,71335142302,current
966222,71335142303,current
966222,71335142304,current
966222,71335142305,current
966222,71335142306,current
966222,71335182701,current
966222,71335182702,current
966222,71335182703,current
966222,71335182704,current
966222,71335182705,current
966222,71335182706,current
966222,71335203901,current
966222,71335203902,current
966222,71335203903,current
966222,71335203904,current
966222,71335203905,current
966222,71335203906,current
966222,71335228901,current
966222,71335296701,current
966222,72162146000,current
966222,72162146003,current
966222,72162146006,current
966222,72162146009,current
966222,72189007330,current
966222,72189007390,current
966222,72189010730,current
966222,72189010790,current
966222,72603066201,current
966222,72603066202,current
966222,72865023810,current
966222,72865023890,current
966222,82804005330,current
966222,82804005360,current
966222,82804005390,current
966222,87063008500,current
966222,87063008530,current
966222,87063008560,current
966222,87063008590,current
966524,00186091612,current
966524,50090223900,current
966524,50090679600,current
966524,50090786700,current
966524,61269051812,current
966524,85612001101,current
978950,50419040900,current
978950,50419040901,current
978950,50419040903,current
978950,50419040970,current
978950,50419040973,current
978950,50419040976,current
979092,00093240101,current
979092,00378037301,current
979092,00591304101,current
979092,00615845939,current
979092,00781599401,current
979092,00781599405,current
979092,00904650806,current
979092,00904704606,current
979092,00904704661,current
979092,16571011201,current
979092,16571011206,current
979092,16571011210,current
979092,16571011250,current
979092,16571068701,current
979092,16571068750,current
979092,16714011001,current
979092,16714011002,current
979092,16729048501,current
979092,16729048516,current
979092,42292001101,current
979092,42292001106,current
979092,42385092701,current
979092,42385092705,current
979092,42385097101,current
979092,42385097105,current
979092,42385097111,current
979092,42385097160,current
979092,43353005109,current
979092,43353005153,current
979092,43353005160,current
979092,43598072101,current
979092,43598072105,current
979092,50090250801,current
979092,50090250802,current
979092,50090343201,current
979092,50090343202,current
979092,50090465901,current
979092,50090465902,current
979092,50090465903,current
979092,50090538801,current
979092,50090538802,current
979092,50090557300,current
979092,50090557301,current
979092,50090557302,current
979092,50090567501,current
979092,50090567502,current
979092,50090628001,current
979092,50090628002,current
979092,50090662900,current
979092,50090730601,current
979092,50090730602,current
979092,50090730700,current
979092,50268041211,current
979092,50268041215,current
979092,52959017600,current
979092,52959017660,current
979092,55154207400,current
979092,55154356700,current
979092,55887091630,current
979092,55887091660,current
979092,57664076113,current
979092,57664076188,current
979092,59651088901,current
979092,59651088905,current
979092,59746078001,current
979092,59746078005,current
979092,60219154401,current
979092,61919013230,current
979092,62135075290,current
979092,63304029601,current
979092,63304029605,current
979092,63629334301,current
979092,63739077710,current
979092,65841063301,current
979092,65841063305,current
979092,65841063330,current
979092,66993005702,current
979092,66993005704,current
979092,67046152303,current
979092,68071233201,current
979092,68071395506,current
979092,68084026901,current
979092,68084026911,current
979092,68180012001,current
979092,68180012002,current
979092,68382009601,current
979092,68382009605,current
979092,68382009630,current
979092,68382009677,current
979092,68788774702,current
979092,68788774703,current
979092,69238154401,current
979092,69238154405,current
979092,71335089701,current
979092,71335089702,current
979092,71335089703,current
979092,71335089704,current
979092,71335089705,current
979092,71335089706,current
979092,71335089707,current
979092,71335089708,current
979092,71335089709,current
979092,71335152301,current
979092,71335152302,current
979092,71335152303,current
979092,71335152304,current
979092,71335152305,current
979092,71335152306,current
979092,71335152307,current
979092,71335152308,current
979092,71335152309,current
979092,71335177101,current
979092,71335177102,current
979092,71335177103,current
979092,71335177104,current
979092,71335177105,current
979092,71335177106,current
979092,71335177107,current
979092,71335177108,current
979092,71335177109,current
979092,71335281301,current
979092,71335281401,current
979092,71335307901,current
979092,71335307902,current
979092,71335307903,current
979092,71335307904,current
979092,71335307905,current
979092,71335307906,current
979092,71335307907,current
979092,71335307908,current
979092,71335307909,current
979092,71335311301,current
979092,71335311302,current
979092,71335311303,current
979092,71335311304,current
979092,71335311305,current
979092,71335311306,current
979092,71335311307,current
979092,71335311308,current
979092,71335311309,current
979092,71335314201,current
979092,71335314202,current
979092,71335314203,current
979092,71335314204,current
979092,71335314205,current
979092,71335314206,current
979092,71335314207,current
979092,71335314208,current
979092,71335314209,current
979092,71610004730,current
979092,71610050630,current
979092,71610050653,current
979092,71610070153,current
979092,71610070180,current
979092,71610096130,current
979092,71610096153,current
979092,71610096180,current
979092,72162246701,current
979092,72162246705,current
979092,72189008530,current
979092,72789002601,current
979092,76385014401,current
979092,76385014450,current
979092,76420085001,current
979092,76420085005,current
979092,76420085030,current
979092,76420085060,current
979092,76420085090,current
979092,82009004505,current
979092,82619013100,current
979092,82619013101,current
979092,82619013102,current
979092,82619013103,current
979092,83980000101,current
979092,83980000105,current
979092,83980000110,current
979092,83980000197,current
979464,00093736910,current
979464,00093736956,current
979464,00093736998,current
979464,00378141910,current
979464,00378141977,current
979464,00378141993,current
979464,00781520410,current
979464,00781520431,current
979464,00781520492,current
979464,13668011710,current
979464,13668011730,current
979464,13668011790,current
979464,16714022401,current
979464,16714022402,current
979464,16714022403,current
979464,29300019101,current
979464,29300019110,current
979464,29300019113,current
979464,29300019119,current
979464,31722075610,current
979464,31722075630,current
979464,31722075690,current
979464,33342005107,current
979464,33342005110,current
979464,33342005112,current
979464,33342005144,current
979464,42291050310,current
979464,42291050390,current
979464,43547042503,current
979464,43547042509,current
979464,43547042511,current
979464,46708044910,current
979464,46708044930,current
979464,46708044990,current
979464,46708044991,current
979464,50090174500,current
979464,50090174501,current
979464,50090174502,current
979464,50090511300,current
979464,50090511301,current
979464,50090529501,current
979464,50090596000,current
979464,50090596001,current
979464,50090596002,current
979464,52343011730,current
979464,52343011790,current
979464,52343011799,current
979464,57237020890,current
979464,57237020899,current
979464,59746033801,current
979464,59746033810,current
979464,59746033830,current
979464,59746033890,current
979464,59762001202,current
979464,61919078590,current
979464,61919079730,current
979464,61919079790,current
979464,62332004910,current
979464,62332004930,current
979464,62332004990,current
979464,62332004991,current
979464,63187072730,current
979464,63187072760,current
979464,63187072790,current
979464,63187091830,current
979464,63187091860,current
979464,63187091890,current
979464,63629243101,current
979464,65862046910,current
979464,65862046930,current
979464,65862046959,current
979464,65862046990,current
979464,65862046999,current
979464,68071415903,current
979464,68180021601,current
979464,68180021603,current
979464,68180021606,current
979464,68180021609,current
979464,68788863201,current
979464,68788863203,current
979464,68788863206,current
979464,68788863209,current
979464,70010018803,current
979464,70010018810,current
979464,70518339800,current
979464,70518339801,current
979464,70518339802,current
979464,71205025690,current
979464,71335257201,current
979464,71335257202,current
979464,71335257203,current
979464,71335257204,current
979464,71335266201,current
979464,71335266202,current
979464,71335266203,current
979464,71335266204,current
979464,71335282701,current
979464,71335304801,current
979464,72162170000,current
979464,72162231500,current
979464,72162231503,current
979464,72162231509,current
979464,72162246100,current
979464,72162246103,current
979464,72162246109,current
979464,72162249200,current
979464,72162249209,current
979464,72189009890,current
979464,72189016730,current
979464,72189016790,current
979464,72189029090,current
979464,72189032730,current
979464,72189032790,current
979464,82804010390,current
979468,00093736710,current
979468,00093736756,current
979468,00093736798,current
979468,00378141877,current
979468,00378141893,current
979468,00781520610,current
979468,00781520631,current
979468,00781520692,current
979468,13668011610,current
979468,13668011630,current
979468,13668011690,current
979468,16714022601,current
979468,16714022602,current
979468,16714022604,current
979468,29300019001,current
979468,29300019010,current
979468,29300019013,current
979468,29300019019,current
979468,31722075510,current
979468,31722075530,current
979468,31722075590,current
979468,33342005007,current
979468,33342005010,current
979468,33342005012,current
979468,33342005044,current
979468,42291050210,current
979468,42291050290,current
979468,42708003630,current
979468,42708019330,current
979468,43063087330,current
979468,43063098630,current
979468,43547042303,current
979468,43547042309,current
979468,43547042311,current
979468,46708044810,current
979468,46708044830,current
979468,46708044890,current
979468,46708044891,current
979468,50090121000,current
979468,50090121001,current
979468,50090263200,current
979468,50090263201,current
979468,50090263202,current
979468,50090313500,current
979468,50090514100,current
979468,50090514101,current
979468,50090547500,current
979468,50090596200,current
979468,50090596201,current
979468,50090596202,current
979468,50090686200,current
979468,50090723700,current
979468,51079075701,current
979468,51079075720,current
979468,52343011630,current
979468,52343011690,current
979468,52343011699,current
979468,55700005990,current
979468,57237020790,current
979468,57237020799,current
979468,59746033701,current
979468,59746033710,current
979468,59746033730,current
979468,59746033790,current
979468,59762001102,current
979468,61919004030,current
979468,61919004090,current
979468,62332004810,current
979468,62332004830,current
979468,62332004890,current
979468,62332004891,current
979468,63187039430,current
979468,63187039460,current
979468,63187039490,current
979468,63187055230,current
979468,63187055260,current
979468,63187055290,current
979468,63187059930,current
979468,63187059960,current
979468,63187059990,current
979468,63629242901,current
979468,65862046810,current
979468,65862046830,current
979468,65862046839,current
979468,65862046890,current
979468,65862046899,current
979468,67046161803,current
979468,68180021501,current
979468,68180021503,current
979468,68180021506,current
979468,68180021509,current
979468,68382014206,current
979468,68382014210,current
979468,68382014216,current
979468,68788818701,current
979468,68788818703,current
979468,68788818706,current
979468,68788818709,current
979468,68788851001,current
979468,68788851003,current
979468,68788851006,current
979468,68788851009,current
979468,70010018703,current
979468,70010018710,current
979468,70518340400,current
979468,71335015201,current
979468,71335015202,current
979468,71335015203,current
979468,71335015204,current
979468,71335015205,current
979468,71335015206,current
979468,71335015207,current
979468,71335015208,current
979468,71335212701,current
979468,71335212702,current
979468,71335212703,current
979468,71335212704,current
979468,71335212705,current
979468,71335212706,current
979468,71335212707,current
979468,71335212708,current
979468,72162246200,current
979468,72162246203,current
979468,72162246209,current
979468,72189001290,current
979468,72189012930,current
979468,72189012990,current
979468,72189029790,current
979468,72189032530,current
979468,72189032590,current
979468,72789016230,current
979468,76519103903,current
979468,76519103909,current
979468,82804023930,current
979471,00093736810,current
979471,00093736856,current
979471,00093736898,current
979471,00378142077,current
979471,00378142093,current
979471,00781520710,current
979471,00781520731,current
979471,00781520792,current
979471,13668011810,current
979471,13668011830,current
979471,13668011890,current
979471,16714022501,current
979471,16714022502,current
979471,16714022504,current
979471,29300019201,current
979471,29300019210,current
979471,29300019213,current
979471,29300019219,current
979471,31722075710,current
979471,31722075730,current
979471,31722075790,current
979471,33342005207,current
979471,33342005210,current
979471,33342005212,current
979471,33342005244,current
979471,42291050410,current
979471,42291050490,current
979471,43547042403,current
979471,43547042409,current
979471,43547042411,current
979471,46708045010,current
979471,46708045030,current
979471,46708045090,current
979471,46708045091,current
979471,50090164100,current
979471,50090164101,current
979471,50090164102,current
979471,50090444700,current
979471,50090444701,current
979471,50090444702,current
979471,50090499300,current
979471,50090499301,current
979471,50090499302,current
979471,50090593700,current
979471,50090593701,current
979471,50090593702,current
979471,50090663600,current
979471,50090705800,current
979471,50090705801,current
979471,50090705802,current
979471,50090705900,current
979471,50090719900,current
979471,50090766400,current
979471,50090782100,current
979471,52343011830,current
979471,52343011890,current
979471,52343011899,current
979471,57237020990,current
979471,57237020999,current
979471,59746033901,current
979471,59746033910,current
979471,59746033930,current
979471,59746033990,current
979471,59762001502,current
979471,60760047290,current
979471,60760057290,current
979471,61919087390,current
979471,61919095430,current
979471,61919095490,current
979471,62332005010,current
979471,62332005030,current
979471,62332005090,current
979471,62332005091,current
979471,63187034730,current
979471,63187034760,current
979471,63187034790,current
979471,63187060230,current
979471,63187060260,current
979471,63187060290,current
979471,63629243001,current
979471,63629334401,current
979471,63629334402,current
979471,65862047010,current
979471,65862047030,current
979471,65862047059,current
979471,65862047090,current
979471,65862047099,current
979471,68071451803,current
979471,68071451809,current
979471,68180021701,current
979471,68180021703,current
979471,68180021706,current
979471,68180021709,current
979471,68382014306,current
979471,68382014310,current
979471,68382014316,current
979471,68788645201,current
979471,68788645203,current
979471,68788645206,current
979471,68788645209,current
979471,70010018903,current
979471,70010018910,current
979471,70518273700,current
979471,70518273701,current
979471,70518273702,current
979471,70518342000,current
979471,70518342001,current
979471,70518342002,current
979471,70518342003,current
979471,70518342004,current
979471,71335041102,current
979471,71335255801,current
979471,71335255802,current
979471,71335255803,current
979471,71335256001,current
979471,71335256002,current
979471,71335256003,current
979471,71610067130,current
979471,71610067145,current
979471,71610067153,current
979471,71610067160,current
979471,71610067170,current
979471,71610067180,current
979471,72162170100,current
979471,72189013930,current
979471,72189013990,current
979471,72189028890,current
979471,72189028990,current
979471,72189032630,current
979471,72189032690,current
979471,83008008690,current
979480,00054012522,current
979480,00378404377,current
979480,00378404393,current
979480,00591374710,current
979480,00603422602,current
979480,00603422616,current
979480,00603422632,current
979480,00615796005,current
979480,00615796039,current
979480,00781570210,current
979480,00781570231,current
979480,00781570292,current
979480,00904704961,current
979480,11788010210,current
979480,11788010230,current
979480,11788010290,current
979480,13107019730,current
979480,13107019790,current
979480,13107019799,current
979480,16571050211,current
979480,23155064603,current
979480,23155064609,current
979480,23155064610,current
979480,29300014601,current
979480,29300014610,current
979480,29300014613,current
979480,29300014619,current
979480,31722070205,current
979480,31722070210,current
979480,31722070230,current
979480,31722070260,current
979480,31722070290,current
979480,33342004607,current
979480,33342004610,current
979480,33342004612,current
979480,33342004644,current
979480,42291042410,current
979480,42571011210,current
979480,42571011230,current
979480,42571011290,current
979480,42658010401,current
979480,42658010404,current
979480,42658010408,current
979480,43063034730,current
979480,43063088130,current
979480,43063095430,current
979480,43353029960,current
979480,43547036203,current
979480,43547036209,current
979480,43547036211,current
979480,43547036250,current
979480,46708044730,current
979480,46708044731,current
979480,46708044790,current
979480,46708044791,current
979480,50090265600,current
979480,50090265601,current
979480,50090340300,current
979480,50090340301,current
979480,50090340302,current
979480,50090340901,current
979480,50090471200,current
979480,50090471201,current
979480,50090471202,current
979480,50090491400,current
979480,50090533700,current
979480,50090533701,current
979480,50090533800,current
979480,50090604400,current
979480,50090604401,current
979480,50268050611,current
979480,50268050615,current
979480,51655079126,current
979480,51655079152,current
979480,51655082826,current
979480,55154233300,current
979480,55154664300,current
979480,57237020690,current
979480,57237020699,current
979480,58657061210,current
979480,58657061230,current
979480,58657061290,current
979480,59746033501,current
979480,59746033510,current
979480,59746033530,current
979480,59746033590,current
979480,61919087730,current
979480,61919087790,current
979480,61919095230,current
979480,61919095290,current
979480,62207074349,current
979480,62207074354,current
979480,62332002930,current
979480,62332002931,current
979480,62332002990,current
979480,62332002991,current
979480,63187007230,current
979480,63187007260,current
979480,63187007290,current
979480,63187070830,current
979480,63187070860,current
979480,63187070890,current
979480,63187080830,current
979480,63187080890,current
979480,63629242801,current
979480,63739069810,current
979480,64380093504,current
979480,64380093505,current
979480,64380093508,current
979480,65841073101,current
979480,65841073106,current
979480,65841073110,current
979480,65841073116,current
979480,65841073130,current
979480,65841073177,current
979480,65862020330,current
979480,65862020390,current
979480,65862020399,current
979480,67046070203,current
979480,67046151103,current
979480,68071220309,current
979480,68071221603,current
979480,68071234403,current
979480,68071384603,current
979480,68071518109,current
979480,68084034801,current
979480,68084034811,current
979480,68180021201,current
979480,68180021203,current
979480,68180021206,current
979480,68180021209,current
979480,68180030901,current
979480,68180037801,current
979480,68180037803,current
979480,68180037806,current
979480,68180037809,current
979480,68382013701,current
979480,68382013706,current
979480,68382013710,current
979480,68382013716,current
979480,68382013730,current
979480,68382013777,current
979480,68645041154,current
979480,68645041170,current
979480,68645052670,current
979480,68645057954,current
979480,68788766401,current
979480,68788766403,current
979480,68788766406,current
979480,68788766409,current
979480,68788818601,current
979480,68788818603,current
979480,68788818606,current
979480,68788818609,current
979480,70010074303,current
979480,70010074309,current
979480,70010074310,current
979480,70518071800,current
979480,70518071801,current
979480,70518071802,current
979480,70518071803,current
979480,70518428900,current
979480,70518469500,current
979480,70934020490,current
979480,71205019430,current
979480,71205019490,current
979480,71335123501,current
979480,71335123502,current
979480,71335123503,current
979480,71335123504,current
979480,71335123505,current
979480,71335123506,current
979480,71335123507,current
979480,71335123508,current
979480,71335158001,current
979480,71335158002,current
979480,71335158003,current
979480,71335158004,current
979480,71335158005,current
979480,71335158006,current
979480,71335158007,current
979480,71335158008,current
979480,71335208301,current
979480,71335208302,current
979480,71335208303,current
979480,71335208304,current
979480,71335208305,current
979480,71335208306,current
979480,71335208307,current
979480,71335208308,current
979480,71610008330,current
979480,71610008360,current
979480,71610017130,current
979480,71610017160,current
979480,71610023030,current
979480,71610041560,current
979480,71610046530,current
979480,71610046560,current
979480,72162169800,current
979480,72162250800,current
979480,72162250803,current
979480,72162250809,current
979480,72189009730,current
979480,72189009760,current
979480,72189009790,current
979480,72189031730,current
979480,72189031790,current
979480,72205014330,current
979480,72205014390,current
979480,72205014399,current
979480,72603034201,current
979480,72603034202,current
979480,72789004430,current
979480,72789004490,current
979480,72789016590,current
979480,72865014310,current
979480,72865014330,current
979480,72865014390,current
979480,76519103308,current
979480,76519103309,current
979480,82009004410,current
979485,00054012322,current
979485,00378404177,current
979485,00591374510,current
979485,00603422402,current
979485,00603422432,current
979485,00615795805,current
979485,00615795839,current
979485,00781570010,current
979485,00781570092,current
979485,00904704761,current
979485,11788010010,current
979485,11788010030,current
979485,11788010090,current
979485,13107019530,current
979485,13107019590,current
979485,13107019599,current
979485,16571050050,current
979485,23155064403,current
979485,23155064409,current
979485,23155064410,current
979485,29300014401,current
979485,29300014410,current
979485,29300014413,current
979485,29300014419,current
979485,31722070005,current
979485,31722070010,current
979485,31722070030,current
979485,31722070060,current
979485,31722070090,current
979485,33342004407,current
979485,33342004410,current
979485,33342004412,current
979485,33342004444,current
979485,42291042210,current
979485,42571011010,current
979485,42571011030,current
979485,42571011090,current
979485,42658010204,current
979485,42658010208,current
979485,42708012530,current
979485,42708015130,current
979485,43547036009,current
979485,43547036011,current
979485,43547036050,current
979485,46708044530,current
979485,46708044531,current
979485,46708044590,current
979485,46708044591,current
979485,50090262200,current
979485,50090262201,current
979485,50090262202,current
979485,50090464500,current
979485,50090464501,current
979485,50090464502,current
979485,50090540600,current
979485,50090540601,current
979485,50090562600,current
979485,50090562601,current
979485,50090562602,current
979485,50090671400,current
979485,50090779400,current
979485,50090779401,current
979485,50090779402,current
979485,50090779500,current
979485,50090788800,current
979485,50268050411,current
979485,50268050415,current
979485,51655091826,current
979485,51655091852,current
979485,55154232600,current
979485,55154478300,current
979485,57237020490,current
979485,57237020499,current
979485,58657061010,current
979485,58657061090,current
979485,59746033301,current
979485,59746033310,current
979485,59746033330,current
979485,59746033390,current
979485,61919046130,current
979485,61919046190,current
979485,62207074149,current
979485,62207074154,current
979485,62332002730,current
979485,62332002731,current
979485,62332002790,current
979485,62332002791,current
979485,63187035730,current
979485,63187035760,current
979485,63187035790,current
979485,63629242601,current
979485,63739067310,current
979485,64380093304,current
979485,64380093305,current
979485,64380093308,current
979485,65841072901,current
979485,65841072906,current
979485,65841072910,current
979485,65841072916,current
979485,65841072924,current
979485,65862020105,current
979485,65862020130,current
979485,65862020190,current
979485,65862020199,current
979485,67046108803,current
979485,67046147003,current
979485,68071085730,current
979485,68071504109,current
979485,68071511403,current
979485,68071514709,current
979485,68084034601,current
979485,68084034611,current
979485,68180021001,current
979485,68180021003,current
979485,68180021006,current
979485,68180021009,current
979485,68180030701,current
979485,68180030706,current
979485,68180037601,current
979485,68180037603,current
979485,68180037606,current
979485,68180037609,current
979485,68382013501,current
979485,68382013506,current
979485,68382013510,current
979485,68382013516,current
979485,68382013524,current
979485,68645040754,current
979485,68645040770,current
979485,68645052470,current
979485,68645057754,current
979485,68788400701,current
979485,68788400703,current
979485,68788400705,current
979485,68788400706,current
979485,68788400709,current
979485,68788409103,current
979485,68788409109,current
979485,68788773701,current
979485,68788773703,current
979485,68788773705,current
979485,68788773706,current
979485,68788773709,current
979485,68788863901,current
979485,68788863903,current
979485,68788863905,current
979485,68788863906,current
979485,68788863909,current
979485,70010074103,current
979485,70010074109,current
979485,70010074110,current
979485,70518095900,current
979485,70518213200,current
979485,70518213201,current
979485,70518213202,current
979485,70518213203,current
979485,70518213204,current
979485,70518213205,current
979485,70518348900,current
979485,70518348901,current
979485,70518348902,current
979485,70518389400,current
979485,70518389401,current
979485,70518389402,current
979485,70518389403,current
979485,70518389404,current
979485,71205022630,current
979485,71205022660,current
979485,71205022690,current
979485,71205067530,current
979485,71205067560,current
979485,71205067590,current
979485,71335070001,current
979485,71335113601,current
979485,71335113602,current
979485,71335113603,current
979485,71335113604,current
979485,71335113605,current
979485,71335113606,current
979485,71335117401,current
979485,71335117402,current
979485,71335117403,current
979485,71335117404,current
979485,71335117405,current
979485,71335117406,current
979485,71335158201,current
979485,71335158202,current
979485,71335158203,current
979485,71335158204,current
979485,71335158205,current
979485,71335158206,current
979485,71335164401,current
979485,71335164402,current
979485,71335164403,current
979485,71335164404,current
979485,71335164405,current
979485,71335164406,current
979485,71610015530,current
979485,71610015545,current
979485,71610015560,current
979485,71610022430,current
979485,71610022445,current
979485,71610022460,current
979485,71610022480,current
979485,71610037030,current
979485,71610037045,current
979485,71610041745,current
979485,71610043915,current
979485,71610043930,current
979485,71610043945,current
979485,71610043960,current
979485,72162169600,current
979485,72162250600,current
979485,72162250603,current
979485,72162250609,current
979485,72189008230,current
979485,72189008290,current
979485,72189010090,current
979485,72189030390,current
979485,72205014190,current
979485,72205014199,current
979485,72603034001,current
979485,72603034002,current
979485,72789002914,current
979485,72789002930,current
979485,72789002990,current
979485,72789016390,current
979485,72789028230,current
979485,72865014110,current
979485,72865014130,current
979485,72865014190,current
979485,76519114809,current
979485,82009004210,current
979485,87441005201,current
979492,00054012422,current
979492,00378404277,current
979492,00378404293,current
979492,00591374610,current
979492,00603422502,current
979492,00603422516,current
979492,00603422532,current
979492,00615795905,current
979492,00615795928,current
979492,00615795930,current
979492,00615795939,current
979492,00781570110,current
979492,00781570131,current
979492,00781570192,current
979492,00904704861,current
979492,11788010110,current
979492,11788010130,current
979492,11788010190,current
979492,13107019630,current
979492,13107019690,current
979492,13107019699,current
979492,16571050111,current
979492,23155064503,current
979492,23155064509,current
979492,23155064510,current
979492,29300014501,current
979492,29300014510,current
979492,29300014513,current
979492,29300014519,current
979492,31722070105,current
979492,31722070110,current
979492,31722070130,current
979492,31722070160,current
979492,31722070190,current
979492,33342004507,current
979492,33342004510,current
979492,33342004512,current
979492,33342004544,current
979492,42291042310,current
979492,42571011110,current
979492,42571011130,current
979492,42571011190,current
979492,42658010301,current
979492,42658010304,current
979492,42658010308,current
979492,42708005530,current
979492,42708011330,current
979492,42708015230,current
979492,43063085460,current
979492,43063085490,current
979492,43063095590,current
979492,43547036103,current
979492,43547036109,current
979492,43547036111,current
979492,43547036150,current
979492,46708044630,current
979492,46708044631,current
979492,46708044690,current
979492,46708044691,current
979492,50090288200,current
979492,50090288201,current
979492,50090448900,current
979492,50090448901,current
979492,50090448902,current
979492,50090491000,current
979492,50090548000,current
979492,50090548001,current
979492,50090548002,current
979492,50090794500,current
979492,50090794501,current
979492,50090794502,current
979492,50090794600,current
979492,50268050511,current
979492,50268050515,current
979492,51655041826,current
979492,51655079526,current
979492,51655079552,current
979492,55154208900,current
979492,55154232700,current
979492,55700047430,current
979492,57237020590,current
979492,57237020599,current
979492,58657061110,current
979492,58657061130,current
979492,58657061190,current
979492,59746033401,current
979492,59746033410,current
979492,59746033430,current
979492,59746033490,current
979492,60760064530,current
979492,60760064590,current
979492,60760078630,current
979492,60760078690,current
979492,61919003030,current
979492,61919003090,current
979492,62207074249,current
979492,62207074254,current
979492,62332002830,current
979492,62332002831,current
979492,62332002890,current
979492,62332002891,current
979492,63187007130,current
979492,63187007160,current
979492,63187007190,current
979492,63187029630,current
979492,63187029660,current
979492,63187029690,current
979492,63187083030,current
979492,63187083060,current
979492,63187083090,current
979492,63187093530,current
979492,63629242701,current
979492,63629919201,current
979492,63739068610,current
979492,64380093404,current
979492,64380093405,current
979492,64380093408,current
979492,65841073001,current
979492,65841073006,current
979492,65841073010,current
979492,65841073016,current
979492,65841073024,current
979492,65862020230,current
979492,65862020290,current
979492,65862020299,current
979492,67046151003,current
979492,67296222501,current
979492,68071088430,current
979492,68071151709,current
979492,68071269003,current
979492,68071447103,current
979492,68071494309,current
979492,68071504003,current
979492,68071517509,current
979492,68071520903,current
979492,68071521201,current
979492,68084034701,current
979492,68084034711,current
979492,68180021101,current
979492,68180021103,current
979492,68180021109,current
979492,68180030801,current
979492,68180037701,current
979492,68180037703,current
979492,68180037706,current
979492,68180037709,current
979492,68382013601,current
979492,68382013606,current
979492,68382013610,current
979492,68382013616,current
979492,68382013624,current
979492,68645040954,current
979492,68645040970,current
979492,68645049454,current
979492,68645057854,current
979492,68645058654,current
979492,68645059954,current
979492,68788403701,current
979492,68788403703,current
979492,68788403706,current
979492,68788403709,current
979492,68788412703,current
979492,68788412709,current
979492,68788416003,current
979492,68788416009,current
979492,68788766501,current
979492,68788766503,current
979492,68788766506,current
979492,68788766509,current
979492,68788818901,current
979492,68788818903,current
979492,68788818906,current
979492,68788818909,current
979492,70010074203,current
979492,70010074209,current
979492,70010074210,current
979492,70518024500,current
979492,70518024501,current
979492,70518024502,current
979492,70518231600,current
979492,70518231601,current
979492,70518231602,current
979492,71205028130,current
979492,71205028160,current
979492,71205028190,current
979492,71205059830,current
979492,71205059860,current
979492,71205059890,current
979492,71335026201,current
979492,71335026202,current
979492,71335026203,current
979492,71335026204,current
979492,71335026205,current
979492,71335026206,current
979492,71335026207,current
979492,71335069801,current
979492,71335069802,current
979492,71335110201,current
979492,71335110202,current
979492,71335110203,current
979492,71335110204,current
979492,71335110205,current
979492,71335110206,current
979492,71335110207,current
979492,71335110208,current
979492,71335122101,current
979492,71335122102,current
979492,71335122103,current
979492,71335122104,current
979492,71335122105,current
979492,71335122106,current
979492,71335122107,current
979492,71335122108,current
979492,71335181701,current
979492,71335181702,current
979492,71335181703,current
979492,71335181704,current
979492,71335181705,current
979492,71335181706,current
979492,71335181707,current
979492,71335181708,current
979492,71610020730,current
979492,71610020745,current
979492,71610020760,current
979492,71610028230,current
979492,71610028245,current
979492,71610028260,current
979492,71610041845,current
979492,71610044015,current
979492,71610044030,current
979492,71610044045,current
979492,71610046630,current
979492,72162169700,current
979492,72162250700,current
979492,72162250703,current
979492,72162250709,current
979492,72189009630,current
979492,72189009690,current
979492,72205014230,current
979492,72205014290,current
979492,72205014299,current
979492,72603034101,current
979492,72603034102,current
979492,72789016490,current
979492,72789017990,current
979492,72865014210,current
979492,72865014230,current
979492,72865014290,current
979492,82009004310,current
979492,87441005301,current
993770,00406048301,current
993770,13107005801,current
993770,13107005805,current
993770,13107005830,current
993770,13107005899,current
993770,52959020815,current
993770,52959020830,current
993770,63629118501,current
993770,63629118701,current
993770,64380044801,current
993770,64850064101,current
993770,64850064105,current
993770,64850064112,current
993770,66267022130,current
993770,71930005412,current
993770,71930005452,current
996740,00121085005,current
996740,00121085040,current
996740,00527194313,current
996740,13925054012,current
996740,33342006628,current
996740,39328055112,current
996740,60505616205,current
996740,62135094305,current
996740,62135094324,current
996740,62135094337,current
996740,68999094305,current
996740,68999094324,current
997223,00378514505,current
997223,00378514577,current
997223,00378514593,current
997223,00615831305,current
997223,00615831328,current
997223,00615831330,current
997223,00615831339,current
997223,00781527506,current
997223,00781527510,current
997223,00781527513,current
997223,00781527531,current
997223,00781527592,current
997223,00904647861,current
997223,13668010305,current
997223,13668010310,current
997223,13668010326,current
997223,13668010330,current
997223,13668010374,current
997223,13668010390,current
997223,16571077903,current
997223,16571077909,current
997223,16571077910,current
997223,16571077950,current
997223,29300024901,current
997223,29300024910,current
997223,29300024913,current
997223,29300024919,current
997223,31722014010,current
997223,31722073801,current
997223,31722073805,current
997223,31722073830,current
997223,31722073831,current
997223,31722073890,current
997223,33342002807,current
997223,33342002810,current
997223,33342002812,current
997223,33342002815,current
997223,33342002831,current
997223,33342002844,current
997223,42543070301,current
997223,42543070305,current
997223,42543070310,current
997223,42543070330,current
997223,42543070390,current
997223,42582031209,current
997223,42582031230,current
997223,43063050090,current
997223,43063065990,current
997223,43547027603,current
997223,43547027609,current
997223,43547027611,current
997223,43547087903,current
997223,43547087909,current
997223,43547087911,current
997223,45963056108,current
997223,46708029610,current
997223,46708029630,current
997223,46708029690,current
997223,46708029691,current
997223,50090262700,current
997223,50228014010,current
997223,50228014030,current
997223,52343009030,current
997223,52343009090,current
997223,52343009099,current
997223,55111035705,current
997223,55111035710,current
997223,55111035730,current
997223,55111035790,current
997223,55154788200,current
997223,59746033001,current
997223,59746033030,current
997223,59746033090,current
997223,60429032210,current
997223,60429032230,current
997223,60429032290,current
997223,60687018201,current
997223,60687018211,current
997223,60687030301,current
997223,60687030311,current
997223,62332009310,current
997223,62332009330,current
997223,62332009390,current
997223,62332009391,current
997223,62756044518,current
997223,62756044581,current
997223,62756044583,current
997223,64380090804,current
997223,64380090805,current
997223,64380090807,current
997223,65862032601,current
997223,65862032605,current
997223,65862032614,current
997223,65862032630,current
997223,65862032690,current
997223,65862032699,current
997223,68071152303,current
997223,69150041603,current
997223,69150041609,current
997223,69150041610,current
997223,69452010913,current
997223,69452010919,current
997223,69452010930,current
997223,70518166600,current
997223,70518166601,current
997223,71093012801,current
997223,71093012803,current
997223,71093012805,current
997223,71093012806,current
997223,71209002001,current
997223,71209002004,current
997223,71209002011,current
997223,71335041601,current
997223,71335041602,current
997223,71335041603,current
997223,71335058201,current
997223,71335058202,current
997223,71335058203,current
997223,71335090001,current
997223,71335090002,current
997223,71335090003,current
997223,71335234601,current
997223,71335234602,current
997223,71335234603,current
997223,71335243601,current
997223,71335243602,current
997223,71335243603,current
997223,72162213700,current
997223,72162213703,current
997223,72162213705,current
997223,72162213709,current
997223,72189026590,current
997223,82009012005,current
997223,82009012010,current
997488,55111019201,current
997488,55111019205,current
997488,55111019290,current
997488,55111078201,current
997488,55111078230,current
997488,55111078278,current
997488,55111078279,current
997488,55111078290,current
997488,55648074408,current
997488,63548066205,current
997488,64679074406,current
997488,68554506103,current
997488,68554506104,current
997501,00113042553,current
997501,00113042562,current
997501,00363976524,current
997501,00378078105,current
997501,00378078191,current
997501,00904719204,current
997501,00904719240,current
997501,00904719260,current
997501,11822765204,current
997501,11822999501,current
997501,13107006605,current
997501,30142009112,current
997501,30142055553,current
997501,36800042553,current
997501,37808039102,current
997501,37808042553,current
997501,43598093601,current
997501,43598093630,current
997501,50090095001,current
997501,50228020101,current
997501,50228020102,current
997501,50228020103,current
997501,50228020104,current
997501,51079054701,current
997501,51079054720,current
997501,52959084810,current
997501,52959084830,current
997501,55111078301,current
997501,55111078324,current
997501,55111078328,current
997501,55111078330,current
997501,55111078360,current
997501,55111078378,current
997501,55111078379,current
997501,55111078390,current
997501,55289094128,current
997501,55648098208,current
997501,55700028060,current
997501,57483023001,current
997501,59779042553,current
997501,59779042562,current
997501,62011047601,current
997501,62207076549,current
997501,62207076551,current
997501,62207076560,current
997501,62207076588,current
997501,62207088949,current
997501,62207088951,current
997501,62207088960,current
997501,63548066305,current
997501,63629397301,current
997501,63868081912,current
997501,64679098206,current
997501,64679098209,current
997501,68001043900,current
997501,68071040230,current
997501,68554506203,current
997501,68554506204,current
997501,69168043706,current
997501,69168043798,current
997501,69230020101,current
997501,69230020105,current
997501,69230030101,current
997501,69230030130,current
997501,69842049202,current
997501,69842049203,current
997501,70000058601,current
997501,70677007901,current
997501,70677012801,current
997501,70677100801,current
997501,71335216501,current
997501,71335216502,current
997501,71335216503,current
997501,71335216504,current
997501,71335216505,current
997501,71335216506,current
997501,71335216507,current
997501,71399865901,current
997501,71399865905,current
997501,72036019103,current
997501,72090006801,current
997501,73581001001,current
997501,73581001006,current
997501,73581001010,current
997501,73581001020,current
997501,73581002501,current
997501,73581002506,current
997501,73581002520,current
997501,73581010301,current
997501,73581010310,current
997501,73581010320,current
997501,73581010360,current
997501,77771020101,current
997501,77771020105,current
997501,83324000912,current
997501,83324000924,current
1000126,00247210801,current
1000126,00548540000,current
1000126,00548540025,current
1000126,00548540125,current
1000126,00548541000,current
1000126,00548541025,current
1000126,00703680101,current
1000126,16714002801,current
1000126,16714098101,current
1000126,16714098102,current
1000126,24201015000,current
1000126,24201015001,current
1000126,24201015025,current
1000126,50090088300,current
1000126,50090425100,current
1000126,50090561900,current
1000126,55150032901,current
1000126,55150032925,current
1000126,59762453701,current
1000126,59762453702,current
1000126,60219146701,current
1000126,60219146702,current
1000126,62756009040,current
1000126,62756009045,current
1000126,63629874401,current
1000126,66993037025,current
1000126,66993037083,current
1000126,67457088700,current
1000126,67457088701,current
1000126,67457088799,current
1000126,69097053931,current
1000126,70121146702,current
1000126,70121146705,current
1000126,70700031522,current
1000126,70700031525,current
1000126,70700031527,current
1014676,00179830201,current
1014676,00378363501,current
1014676,00781168301,current
1014676,16571040110,current
1014676,25000021903,current
1014676,25000021908,current
1014676,25000021914,current
1014676,49483068201,current
1014676,55700033130,current
1014676,58602044409,current
1014676,58602044417,current
1014676,58602044421,current
1014676,58602044441,current
1014676,58602044447,current
1014676,58602044609,current
1014676,58602044617,current
1014676,58602044621,current
1014676,58602044641,current
1014676,58602044647,current
1014676,60505263201,current
1014676,63629491401,current
1014676,65162004503,current
1014676,65162004550,current
1014676,65162014503,current
1014676,65162014550,current
1014676,71205009315,current
1014676,71205009330,current
1014676,71205009360,current
1014676,71205009390,current
1014676,72657012803,current
1014676,72657012804,current
1014676,72657012808,current
1014676,72657012814,current
1014676,72657012815,current
1014676,72657012818,current
1014676,72657012824,current
1014676,72657012830,current
1014676,72657012835,current
1014676,72657012841,current
1014676,72657012845,current
1014676,72657012860,current
1014676,72657012870,current
1014676,72657012881,current
1014676,72657012882,current
1014676,72657012884,current
1014676,72657012886,current
1014676,72657012890,current
1014676,72657013005,current
1014676,81469035201,current
1014678,00113945813,current
1014678,00113945839,current
1014678,00113945866,current
1014678,00113945875,current
1014678,00113945888,current
1014678,00113945895,current
1014678,00363179438,current
1014678,00363179446,current
1014678,00363410113,current
1014678,00363410139,current
1014678,00363410147,current
1014678,00363410158,current
1014678,00363410166,current
1014678,00363410172,current
1014678,00363410175,current
1014678,00363410188,current
1014678,00363410195,current
1014678,00363634013,current
1014678,00363960209,current
1014678,00378363701,current
1014678,00378363705,current
1014678,00615847939,current
1014678,00781168401,current
1014678,00781168464,current
1014678,00904585241,current
1014678,00904585272,current
1014678,00904671740,current
1014678,00904671741,current
1014678,00904671743,current
1014678,00904671746,current
1014678,00904671760,current
1014678,00904671761,current
1014678,00904671772,current
1014678,00904671786,current
1014678,00904751061,current
1014678,10135076201,current
1014678,10135076203,current
1014678,10135076205,current
1014678,10135076230,current
1014678,10135076290,current
1014678,10267357901,current
1014678,10267357903,current
1014678,10267357904,current
1014678,10267357906,current
1014678,10267357907,current
1014678,11383024527,current
1014678,11383024543,current
1014678,11673050200,current
1014678,11673050206,current
1014678,11673050239,current
1014678,11673050248,current
1014678,11673050258,current
1014678,11673050272,current
1014678,11673050274,current
1014678,11673050275,current
1014678,11673050276,current
1014678,11673050287,current
1014678,11822100201,current
1014678,11822100202,current
1014678,11822100203,current
1014678,11822100204,current
1014678,11822100207,current
1014678,11822100208,current
1014678,12634098771,current
1014678,14445015201,current
1014678,14445015203,current
1014678,14445015205,current
1014678,14445015230,current
1014678,14445015290,current
1014678,16571040210,current
1014678,16571040230,current
1014678,16571040250,current
1014678,16571040290,current
1014678,16714079901,current
1014678,16714079902,current
1014678,16714079903,current
1014678,16714079904,current
1014678,21130009039,current
1014678,21130009048,current
1014678,21130009066,current
1014678,21130009072,current
1014678,21130009075,current
1014678,21130009076,current
1014678,21130009095,current
1014678,21130009823,current
1014678,21130009839,current
1014678,21130042595,current
1014678,21130045839,current
1014678,21130064003,current
1014678,21130064009,current
1014678,21130064018,current
1014678,21130071203,current
1014678,21130071209,current
1014678,21130071212,current
1014678,21130071246,current
1014678,21130071258,current
1014678,21130071281,current
1014678,24385099858,current
1014678,24385099865,current
1014678,24385099874,current
1014678,24385099875,current
1014678,25000016003,current
1014678,25000016014,current
1014678,25000016081,current
1014678,25000022003,current
1014678,25000022008,current
1014678,25000022014,current
1014678,25000022078,current
1014678,25000022081,current
1014678,30142017209,current
1014678,30142017254,current
1014678,30142045839,current
1014678,30142045849,current
1014678,30142045872,current
1014678,35356086430,current
1014678,36800045806,current
1014678,36800045813,current
1014678,36800045839,current
1014678,36800045847,current
1014678,36800045858,current
1014678,36800045866,current
1014678,36800045872,current
1014678,36800045875,current
1014678,36800045887,current
1014678,36800045895,current
1014678,37205082065,current
1014678,37205082070,current
1014678,37205082074,current
1014678,37205082075,current
1014678,37205082076,current
1014678,37808045876,current
1014678,37808058300,current
1014678,37808058306,current
1014678,37808058339,current
1014678,37808058358,current
1014678,37808058366,current
1014678,37808058376,current
1014678,37808058387,current
1014678,37835061114,current
1014678,37835061135,current
1014678,37835061190,current
1014678,41163019708,current
1014678,41163045839,current
1014678,41163045858,current
1014678,41163045866,current
1014678,41163045872,current
1014678,41163045876,current
1014678,41226069214,current
1014678,41226069265,current
1014678,41226069270,current
1014678,41250045813,current
1014678,41250045839,current
1014678,41250045858,current
1014678,41250045866,current
1014678,41250045872,current
1014678,41250045875,current
1014678,41250045887,current
1014678,41250045895,current
1014678,41520078106,current
1014678,41520078139,current
1014678,41520078158,current
1014678,41520078166,current
1014678,41520078175,current
1014678,41520078176,current
1014678,41520078195,current
1014678,42507045800,current
1014678,42507045830,current
1014678,42507045839,current
1014678,42507045845,current
1014678,42507045860,current
1014678,42507045872,current
1014678,42507045875,current
1014678,42507045887,current
1014678,42507045890,current
1014678,42507045895,current
1014678,43598018331,current
1014678,43598018355,current
1014678,43598081105,current
1014678,43598081112,current
1014678,43598081113,current
1014678,43598081115,current
1014678,43598081130,current
1014678,43598081190,current
1014678,45802091939,current
1014678,45802091987,current
1014678,48433001701,current
1014678,48433001720,current
1014678,49035045848,current
1014678,49035045866,current
1014678,49035045875,current
1014678,49035045887,current
1014678,49035045895,current
1014678,49348084712,current
1014678,49348084744,current
1014678,49483069201,current
1014678,49483069220,current
1014678,49483069250,current
1014678,49483069265,current
1014678,50090108901,current
1014678,50090108902,current
1014678,50090108903,current
1014678,50090318800,current
1014678,50090318801,current
1014678,50090318802,current
1014678,50090318803,current
1014678,50090390600,current
1014678,50090390601,current
1014678,50090390602,current
1014678,50090390603,current
1014678,50090551001,current
1014678,50090551003,current
1014678,50090616801,current
1014678,50090616803,current
1014678,50090617000,current
1014678,50090653801,current
1014678,50090653803,current
1014678,50090667900,current
1014678,50090667901,current
1014678,50090680501,current
1014678,50090680503,current
1014678,50090680600,current
1014678,50090680601,current
1014678,50090695000,current
1014678,50090695001,current
1014678,50090706401,current
1014678,50090706403,current
1014678,50090706500,current
1014678,50090706501,current
1014678,50090759400,current
1014678,50090759401,current
1014678,50332015402,current
1014678,51079059701,current
1014678,51079059720,current
1014678,51316018210,current
1014678,51316076465,current
1014678,51316080630,current
1014678,51655019426,current
1014678,51655019452,current
1014678,51655019460,current
1014678,51655080152,current
1014678,51655080160,current
1014678,51655080184,current
1014678,51655084226,current
1014678,51655084252,current
1014678,51655084260,current
1014678,51655084284,current
1014678,51660093901,current
1014678,51660093905,current
1014678,51660093913,current
1014678,51660093930,current
1014678,51660093953,current
1014678,51660093954,current
1014678,51660093990,current
1014678,51824007601,current
1014678,51824010430,current
1014678,52959092307,current
1014678,52959092310,current
1014678,52959092315,current
1014678,52959092320,current
1014678,52959092330,current
1014678,52959092390,current
1014678,53329003333,current
1014678,53329003338,current
1014678,53943013013,current
1014678,53943013017,current
1014678,53943019413,current
1014678,53943051930,current
1014678,53943051945,current
1014678,54257027002,current
1014678,54257027005,current
1014678,55111035104,current
1014678,55111035130,current
1014678,55111035145,current
1014678,55111035147,current
1014678,55111035151,current
1014678,55111035160,current
1014678,55111035174,current
1014678,55111035190,current
1014678,55111069904,current
1014678,55111069915,current
1014678,55111069919,current
1014678,55111069930,current
1014678,55111069931,current
1014678,55111069945,current
1014678,55111069947,current
1014678,55111069951,current
1014678,55111069952,current
1014678,55111069960,current
1014678,55111069973,current
1014678,55111069974,current
1014678,55111069990,current
1014678,55154019400,current
1014678,55154539900,current
1014678,55154808100,current
1014678,55289099507,current
1014678,55289099510,current
1014678,55289099530,current
1014678,55289099590,current
1014678,55301007639,current
1014678,55301007695,current
1014678,55319093930,current
1014678,55319093954,current
1014678,55319096205,current
1014678,55319096214,current
1014678,55319096230,current
1014678,55681007303,current
1014678,55681030203,current
1014678,55910003945,current
1014678,55910012945,current
1014678,55910026958,current
1014678,55910045839,current
1014678,55910045858,current
1014678,55910045866,current
1014678,55910069966,current
1014678,55910093045,current
1014678,55910093090,current
1014678,56062045839,current
1014678,56062045866,current
1014678,56062045872,current
1014678,56062093930,current
1014678,56062093954,current
1014678,56062093960,current
1014678,57344019401,current
1014678,57344019414,current
1014678,57344019420,current
1014678,57483019014,current
1014678,57483025001,current
1014678,57896099201,current
1014678,58602044501,current
1014678,58602044509,current
1014678,58602044515,current
1014678,58602044517,current
1014678,58602044519,current
1014678,58602044521,current
1014678,58602044538,current
1014678,58602044540,current
1014678,58602044541,current
1014678,58602044547,current
1014678,58602044554,current
1014678,58602044560,current
1014678,58602044565,current
1014678,58602044594,current
1014678,58602044709,current
1014678,58602044717,current
1014678,58602044721,current
1014678,58602044741,current
1014678,58602044747,current
1014678,58602081204,current
1014678,58602081209,current
1014678,58602081217,current
1014678,58602081223,current
1014678,58602081239,current
1014678,58602081241,current
1014678,58602081283,current
1014678,58602081299,current
1014678,58602081304,current
1014678,58602081309,current
1014678,58602081317,current
1014678,58602081323,current
1014678,58602081339,current
1014678,58602081341,current
1014678,58602081383,current
1014678,58602081399,current
1014678,58602082309,current
1014678,58602082319,current
1014678,58602082339,current
1014678,58602086121,current
1014678,58602086129,current
1014678,58602086140,current
1014678,59726012903,current
1014678,59726012905,current
1014678,59726012914,current
1014678,59726080605,current
1014678,59726080614,current
1014678,59779045800,current
1014678,59779045801,current
1014678,59779045805,current
1014678,59779045806,current
1014678,59779045813,current
1014678,59779045839,current
1014678,59779045858,current
1014678,59779045866,current
1014678,59779045870,current
1014678,59779045872,current
1014678,59779045875,current
1014678,59779045876,current
1014678,59779045888,current
1014678,59779045895,current
1014678,60505263301,current
1014678,60505263308,current
1014678,60760088630,current
1014678,61504019414,current
1014678,61504019416,current
1014678,62011030701,current
1014678,62011038401,current
1014678,62011041401,current
1014678,62011041402,current
1014678,62011041403,current
1014678,62207076449,current
1014678,62207076455,current
1014678,62207076473,current
1014678,63187011030,current
1014678,63187011060,current
1014678,63187011090,current
1014678,63187093215,current
1014678,63187093230,current
1014678,63187093290,current
1014678,63629370801,current
1014678,63629370802,current
1014678,63629370803,current
1014678,63629370804,current
1014678,63868013214,current
1014678,63868013230,current
1014678,63868013290,current
1014678,63868066514,current
1014678,63868066530,current
1014678,63868066590,current
1014678,63941019401,current
1014678,63941019402,current
1014678,63941019405,current
1014678,63941093930,current
1014678,63941093954,current
1014678,63941093960,current
1014678,64024049939,current
1014678,65162004603,current
1014678,65162004650,current
1014678,66424056401,current
1014678,66424056405,current
1014678,67091035114,current
1014678,67091049414,current
1014678,68001043604,current
1014678,68001043616,current
1014678,68001043696,current
1014678,68001043697,current
1014678,68016029414,current
1014678,68016029430,current
1014678,68016029460,current
1014678,68016029490,current
1014678,68016093930,current
1014678,68016093954,current
1014678,68016093960,current
1014678,68016093990,current
1014678,68071074630,current
1014678,68071196401,current
1014678,68071196403,current
1014678,68071196407,current
1014678,68071196409,current
1014678,68071257107,current
1014678,68196041379,current
1014678,68196041382,current
1014678,68196045879,current
1014678,68210011900,current
1014678,68210011901,current
1014678,68210011903,current
1014678,68210415901,current
1014678,68210421901,current
1014678,68210423001,current
1014678,68391040000,current
1014678,68391040001,current
1014678,68752000590,current
1014678,68788079003,current
1014678,68788079009,current
1014678,68788402303,current
1014678,68788402306,current
1014678,68788402309,current
1014678,68788403803,current
1014678,68788403806,current
1014678,68788403809,current
1014678,68788407203,current
1014678,68788407206,current
1014678,68788407209,current
1014678,68788820400,current
1014678,68788820401,current
1014678,68788820403,current
1014678,68788820405,current
1014678,68788820406,current
1014678,68788820409,current
1014678,68788843503,current
1014678,68788843506,current
1014678,68788843509,current
1014678,68998019402,current
1014678,68998019407,current
1014678,68998093930,current
1014678,69168039602,current
1014678,69168039603,current
1014678,69168039605,current
1014678,69168039609,current
1014678,69168039617,current
1014678,69168039630,current
1014678,69168039643,current
1014678,69168039660,current
1014678,69230030401,current
1014678,69230030405,current
1014678,69230030430,current
1014678,69452046581,current
1014678,69729013714,current
1014678,69729013914,current
1014678,69842023701,current
1014678,69842023709,current
1014678,69842023717,current
1014678,69842023719,current
1014678,69842023723,current
1014678,69842023739,current
1014678,69842023745,current
1014678,69842023754,current
1014678,69842023757,current
1014678,69842023760,current
1014678,69842023791,current
1014678,69848000609,current
1014678,70000004701,current
1014678,70000038001,current
1014678,70000038002,current
1014678,70000038003,current
1014678,70000038004,current
1014678,70010016305,current
1014678,70010016309,current
1014678,70010029310,current
1014678,70010029314,current
1014678,70010029356,current
1014678,70010029379,current
1014678,70518288600,current
1014678,70677005701,current
1014678,70677007501,current
1014678,70677007502,current
1014678,70677007503,current
1014678,70677014201,current
1014678,70677014202,current
1014678,70677014203,current
1014678,70677100701,current
1014678,70677100702,current
1014678,70677100703,current
1014678,70677100704,current
1014678,70677104701,current
1014678,70677124101,current
1014678,70677127901,current
1014678,70677127902,current
1014678,70677127903,current
1014678,70677127904,current
1014678,70677127905,current
1014678,70692013914,current
1014678,70692018014,current
1014678,70692018031,current
1014678,70934019990,current
1014678,71141013332,current
1014678,71141029414,current
1014678,71205016415,current
1014678,71205016430,current
1014678,71205016460,current
1014678,71205016490,current
1014678,71205020706,current
1014678,71205020710,current
1014678,71205020715,current
1014678,71205020730,current
1014678,71205020760,current
1014678,71205020790,current
1014678,71205070000,current
1014678,71205070006,current
1014678,71205070010,current
1014678,71205070012,current
1014678,71205070014,current
1014678,71205070015,current
1014678,71205070020,current
1014678,71205070021,current
1014678,71205070030,current
1014678,71205070060,current
1014678,71205070072,current
1014678,71205070090,current
1014678,71205070900,current
1014678,71205070906,current
1014678,71205070910,current
1014678,71205070920,current
1014678,71205070930,current
1014678,71205070990,current
1014678,71335030001,current
1014678,71335030002,current
1014678,71335030003,current
1014678,71335030004,current
1014678,71335030005,current
1014678,71335030006,current
1014678,71335030007,current
1014678,71335030008,current
1014678,71335030009,current
1014678,71335075502,current
1014678,71335961201,current
1014678,71335961202,current
1014678,71335961203,current
1014678,71335961204,current
1014678,71335961205,current
1014678,71335961206,current
1014678,71335961207,current
1014678,71335961208,current
1014678,71335961209,current
1014678,71335973301,current
1014678,71335973302,current
1014678,71335973303,current
1014678,71335973304,current
1014678,71335973305,current
1014678,71335973306,current
1014678,71335973307,current
1014678,71335973308,current
1014678,71335973309,current
1014678,71610009360,current
1014678,71610012330,current
1014678,71610012360,current
1014678,71610082130,current
1014678,71610082160,current
1014678,71610086230,current
1014678,71610086260,current
1014678,72036019401,current
1014678,72036019402,current
1014678,72036019404,current
1014678,72036019407,current
1014678,72090002801,current
1014678,72090002803,current
1014678,72090002804,current
1014678,72090002820,current
1014678,72090005920,current
1014678,72162216202,current
1014678,72162216205,current
1014678,72162217302,current
1014678,72162217303,current
1014678,72288041139,current
1014678,72288041175,current
1014678,72288041187,current
1014678,72288041188,current
1014678,72288069109,current
1014678,72288069119,current
1014678,72288069138,current
1014678,72288069139,current
1014678,72476019401,current
1014678,72476019413,current
1014678,72476019414,current
1014678,72476019415,current
1014678,72476019416,current
1014678,72476076403,current
1014678,72476076409,current
1014678,72476076416,current
1014678,72476076423,current
1014678,72476076470,current
1014678,72559000348,current
1014678,72657012903,current
1014678,72657012904,current
1014678,72657012908,current
1014678,72657012914,current
1014678,72657012915,current
1014678,72657012918,current
1014678,72657012924,current
1014678,72657012930,current
1014678,72657012935,current
1014678,72657012941,current
1014678,72657012945,current
1014678,72657012960,current
1014678,72657012970,current
1014678,72657012981,current
1014678,72657012982,current
1014678,72657012984,current
1014678,72657012986,current
1014678,72657012990,current
1014678,72657013189,current
1014678,72789034310,current
1014678,72789034330,current
1014678,72789034387,current
1014678,72789034390,current
1014678,72789045810,current
1014678,72789045830,current
1014678,72789045851,current
1014678,72789045890,current
1014678,73581020201,current
1014678,73581020205,current
1014678,79481764006,current
1014678,80159010101,current
1014678,80267040995,current
1014678,80513073105,current
1014678,80513073112,current
1014678,81469035301,current
1014678,81469035303,current
1014678,81469035305,current
1014678,81469035390,current
1014678,81522019404,current
1014678,81522019416,current
1014678,82501042200,current
1014678,82501042201,current
1014678,82725100301,current
1014678,82725110301,current
1014678,82725110302,current
1014678,82725110303,current
1014678,82725300302,current
1014678,82725310303,current
1014678,82725410302,current
1014678,83324009114,current
1014678,83324009130,current
1014678,83324009190,current
1014678,83939000300,current
1014678,83939000302,current
1014678,83939000303,current
1014678,83939000401,current
1014678,83939000402,current
1014678,83939000403,current
1014678,84324000101,current
1014678,84324000102,current
1014678,85293000101,current
1014678,85766004505,current
1014678,85766014901,current
1014678,85766014905,current
1014678,85766014910,current
1014678,85766014930,current
1014678,85766014960,current
1014678,85766014990,current
1014678,85766020512,current
1014678,85766020514,current
1014678,85766020530,current
1014678,85786020330,current
1014678,85828019414,current
1043400,00113033530,current
1043400,00113033534,current
1043400,00113033538,current
1043400,00113033540,current
1043400,00113045930,current
1043400,00113045934,current
1043400,00113045938,current
1043400,00113045940,current
1043400,00363033534,current
1043400,00363040134,current
1043400,00363040140,current
1043400,00363045934,current
1043400,00363045940,current
1043400,00363045943,current
1043400,00363045950,current
1043400,00363056540,current
1043400,00363056634,current
1043400,00363056640,current
1043400,00363056643,current
1043400,00363056650,current
1043400,00363087240,current
1043400,00363087250,current
1043400,00363343012,current
1043400,00363621008,current
1043400,00363622116,current
1043400,00363991302,current
1043400,00363991396,current
1043400,00363991399,current
1043400,00363997508,current
1043400,00363997608,current
1043400,00904646509,current
1043400,11523435801,current
1043400,11523721402,current
1043400,11673028701,current
1043400,11673031201,current
1043400,11822331800,current
1043400,11822331801,current
1043400,11822331805,current
1043400,11822583201,current
1043400,11822583202,current
1043400,11822583203,current
1043400,21130004408,current
1043400,21130004412,current
1043400,21130034308,current
1043400,21130034312,current
1043400,21130034324,current
1043400,21130060340,current
1043400,21130090701,current
1043400,21130090702,current
1043400,21130090706,current
1043400,21130095106,current
1043400,23900001424,current
1043400,23900001426,current
1043400,23900001429,current
1043400,23900001430,current
1043400,24385031634,current
1043400,24385031640,current
1043400,30142029212,current
1043400,30142033530,current
1043400,30142033534,current
1043400,30142033538,current
1043400,30142033540,current
1043400,30142045940,current
1043400,30142087240,current
1043400,36800033534,current
1043400,36800033540,current
1043400,36800045930,current
1043400,36800045934,current
1043400,36800045938,current
1043400,36800045940,current
1043400,37000080708,current
1043400,37000080712,current
1043400,37000080808,current
1043400,37000080812,current
1043400,37000080912,current
1043400,37205058634,current
1043400,37205058640,current
1043400,37205058734,current
1043400,37205058740,current
1043400,37808033534,current
1043400,37808033540,current
1043400,37808045938,current
1043400,37808045940,current
1043400,37808045950,current
1043400,37835052402,current
1043400,37835052430,current
1043400,37835052512,current
1043400,41100080884,current
1043400,41163033534,current
1043400,41163033538,current
1043400,41163033540,current
1043400,41163045940,current
1043400,41163087240,current
1043400,41226075001,current
1043400,41226078201,current
1043400,41250033540,current
1043400,41250045940,current
1043400,41250045943,current
1043400,41520008434,current
1043400,41520008440,current
1043400,41520071234,current
1043400,41520071240,current
1043400,42507000140,current
1043400,42507040140,current
1043400,46122013634,current
1043400,46122013640,current
1043400,46122019830,current
1043400,46122019834,current
1043400,46122019838,current
1043400,46122019840,current
1043400,46122040440,current
1043400,49035004412,current
1043400,49035004424,current
1043400,49035032434,current
1043400,49035032440,current
1043400,49035032450,current
1043400,49035033540,current
1043400,49035045934,current
1043400,49035045940,current
1043400,49035045950,current
1043400,49035060940,current
1043400,49348006137,current
1043400,49348006139,current
1043400,49348097539,current
1043400,49580034302,current
1043400,49580034304,current
1043400,49580034306,current
1043400,49580034308,current
1043400,49580034602,current
1043400,49580034604,current
1043400,49580034608,current
1043400,50066030304,current
1043400,50844025202,current
1043400,50844025245,current
1043400,51316013002,current
1043400,51316034308,current
1043400,51316034312,current
1043400,51316034412,current
1043400,51316061912,current
1043400,51316066406,current
1043400,51316069212,current
1043400,51316088440,current
1043400,51316092140,current
1043400,53942050128,current
1043400,53942050228,current
1043400,53943050128,current
1043400,53943050228,current
1043400,55301031002,current
1043400,55319009608,current
1043400,55319069212,current
1043400,55319092612,current
1043400,55758005625,current
1043400,55758041606,current
1043400,55910033534,current
1043400,55910033538,current
1043400,55910033540,current
1043400,55910044312,current
1043400,55910045934,current
1043400,55910045938,current
1043400,55910045940,current
1043400,56062033540,current
1043400,56062045940,current
1043400,57243050125,current
1043400,57243050225,current
1043400,59779033530,current
1043400,59779033534,current
1043400,59779033538,current
1043400,59779033540,current
1043400,59779033550,current
1043400,59779045930,current
1043400,59779045934,current
1043400,59779045938,current
1043400,59779045940,current
1043400,59779045950,current
1043400,62011008202,current
1043400,62011008302,current
1043400,63868014008,current
1043400,63868014012,current
1043400,63868023408,current
1043400,63868023412,current
1043400,63941034308,current
1043400,63941034312,current
1043400,63941034408,current
1043400,63941034412,current
1043400,66715553404,current
1043400,66715641604,current
1043400,66715661604,current
1043400,66715693404,current
1043400,67091025823,current
1043400,67091025854,current
1043400,67091026023,current
1043400,67091026054,current
1043400,69256034312,current
1043400,69256034412,current
1043400,69423078908,current
1043400,69423078912,current
1043400,69423078924,current
1043400,69423079108,current
1043400,69423079112,current
1043400,69423079124,current
1043400,69423079136,current
1043400,69423097306,current
1043400,69423097308,current
1043400,69842008602,current
1043400,70000018301,current
1043400,70000018302,current
1043400,70000018401,current
1043400,70000018402,current
1043400,70000067301,current
1043400,70677103201,current
1043400,70677103301,current
1043400,70677103302,current
1043400,71141018032,current
1043400,72288033534,current
1043400,72288033540,current
1043400,72288045934,current
1043400,72288045940,current
1043400,72288067000,current
1043400,72288099000,current
1043400,72288099001,current
1043400,76281030528,current
1043400,76281030725,current
1043400,76281050125,current
1043400,76281050128,current
1043400,76281050224,current
1043400,76281050225,current
1043400,76281050228,current
1043400,79481692102,current
1043400,79903017308,current
1043400,79903017312,current
1043400,79903017324,current
1043400,81660055501,current
1043400,81660077701,current
1043400,82501045900,current
1043400,82706001201,current
1043400,82706002301,current
1043400,83324015812,current
1043400,83324015908,current
1043400,83324016312,current
1043400,83324016408,current
1043400,84126031404,current
1043400,84126034204,current
1043400,84379027604,current
1043400,84379044406,current
1043400,84379044412,current
1043400,85766017724,current
1043400,85766017736,current
1043400,85828075001,current
1049221,00054055125,current
1049221,00054055129,current
1049221,00378710401,current
1049221,00406051201,current
1049221,00406051205,current
1049221,00406051223,current
1049221,00406051262,current
1049221,00406051291,current
1049221,00527166901,current
1049221,00527166905,current
1049221,00904709361,current
1049221,10702018501,current
1049221,10702018510,current
1049221,10702018550,current
1049221,13107004401,current
1049221,13107004405,current
1049221,13107004430,current
1049221,13107004499,current
1049221,31722019201,current
1049221,31722019205,current
1049221,31722094901,current
1049221,31722094905,current
1049221,42806011401,current
1049221,42858010201,current
1049221,42858010210,current
1049221,42858010250,current
1049221,43063027986,current
1049221,43386049101,current
1049221,43386049105,current
1049221,43386049110,current
1049221,47781019601,current
1049221,47781019605,current
1049221,49999085214,current
1049221,49999085230,current
1049221,49999085260,current
1049221,49999085290,current
1049221,50268064411,current
1049221,50268064415,current
1049221,50436020302,current
1049221,50436020305,current
1049221,50436391301,current
1049221,50436391302,current
1049221,50436391305,current
1049221,52959055602,current
1049221,52959055630,current
1049221,52959055660,current
1049221,52959055690,current
1049221,53746020301,current
1049221,53746020305,current
1049221,55700049814,current
1049221,55700049821,current
1049221,55700049830,current
1049221,55700049860,current
1049221,55700049890,current
1049221,55700065801,current
1049221,55700065815,current
1049221,55700065820,current
1049221,55700065821,current
1049221,55700065824,current
1049221,55700065856,current
1049221,55700065890,current
1049221,57664015513,current
1049221,57664015588,current
1049221,60687064201,current
1049221,60687064211,current
1049221,60760027460,current
1049221,60760089730,current
1049221,60760089760,current
1049221,60760096330,current
1049221,60760096360,current
1049221,61919024830,current
1049221,61919024890,current
1049221,61919043230,current
1049221,61919043260,current
1049221,61919043290,current
1049221,61919052490,current
1049221,61919061430,current
1049221,61919061460,current
1049221,61919061490,current
1049221,63187071912,current
1049221,63187071915,current
1049221,63187071920,current
1049221,63187071930,current
1049221,63187071960,current
1049221,63187082410,current
1049221,63187082412,current
1049221,63187082415,current
1049221,63187082420,current
1049221,63187082430,current
1049221,63187082460,current
1049221,63187082490,current
1049221,63187098410,current
1049221,63187098412,current
1049221,63187098415,current
1049221,63187098430,current
1049221,63187098460,current
1049221,63629190901,current
1049221,63629191001,current
1049221,63629306601,current
1049221,63629306602,current
1049221,63629306603,current
1049221,63629306604,current
1049221,63629306605,current
1049221,63629306606,current
1049221,63629306607,current
1049221,63629306608,current
1049221,63629306609,current
1049221,63629888801,current
1049221,63629888802,current
1049221,63629888803,current
1049221,63629888804,current
1049221,63629888805,current
1049221,63629888806,current
1049221,64850062101,current
1049221,64850062105,current
1049221,67296193700,current
1049221,67296193701,current
1049221,67296193702,current
1049221,67296193703,current
1049221,67296193706,current
1049221,67296193707,current
1049221,68071015810,current
1049221,68071015812,current
1049221,68071015820,current
1049221,68071015830,current
1049221,68071015840,current
1049221,68071015860,current
1049221,68071015890,current
1049221,68071015891,current
1049221,68071015906,current
1049221,68071022420,current
1049221,68071022430,current
1049221,68071368306,current
1049221,68071483906,current
1049221,68071505402,current
1049221,68071505404,current
1049221,68071505406,current
1049221,68071516902,current
1049221,68084035501,current
1049221,68084035511,current
1049221,70010066801,current
1049221,70010066805,current
1049221,71205032910,current
1049221,71205032928,current
1049221,71205032930,current
1049221,71205032960,current
1049221,71205032990,current
1049221,71335021600,current
1049221,71335021601,current
1049221,71335021602,current
1049221,71335021603,current
1049221,71335021604,current
1049221,71335021605,current
1049221,71335021606,current
1049221,71335021607,current
1049221,71335021608,current
1049221,71335021609,current
1049221,71335121606,current
1049221,71335121607,current
1049221,71335149200,current
1049221,71335149201,current
1049221,71335149202,current
1049221,71335149203,current
1049221,71335149204,current
1049221,71335149205,current
1049221,71335149206,current
1049221,71335149207,current
1049221,71335149208,current
1049221,71335149209,current
1049221,71335204100,current
1049221,71335204101,current
1049221,71335204102,current
1049221,71335204103,current
1049221,71335204104,current
1049221,71335204105,current
1049221,71335204106,current
1049221,71335204107,current
1049221,71335204108,current
1049221,71335204109,current
1049221,71335967400,current
1049221,71335967401,current
1049221,71335967402,current
1049221,71335967403,current
1049221,71335967404,current
1049221,71335967405,current
1049221,71335967406,current
1049221,71335967407,current
1049221,71335967408,current
1049221,71335967409,current
1049221,71930004512,current
1049221,71930004552,current
1049221,72189025730,current
1049221,72189025760,current
1049221,72189025790,current
1049221,72189035730,current
1049221,72189035760,current
1049221,72189035790,current
1049221,72189039830,current
1049221,72189039860,current
1049221,72865011401,current
1049221,72865011405,current
1049221,76420013630,current
1049221,76420032101,current
1049221,76420032105,current
1049221,76420032130,current
1049221,76420032160,current
1049221,76420032190,current
1049221,87063003201,current
1049221,87063003205,current
1049221,87063003210,current
1049221,87063003220,current
1049221,87063003230,current
1049221,87063003260,current
1049221,87063003290,current
1049504,59011041010,current
1049504,59011041020,current
1049625,63481062970,current
1049630,00113040673,current
1049630,00113043162,current
1049630,00113043168,current
1049630,00113043178,current
1049630,00113047953,current
1049630,00113047962,current
1049630,00113047967,current
1049630,00113047978,current
1049630,00113047979,current
1049630,00363010061,current
1049630,00363010065,current
1049630,00363018908,current
1049630,00363018921,current
1049630,00363018923,current
1049630,00363018946,current
1049630,00363036707,current
1049630,00363036708,current
1049630,00363036712,current
1049630,00363036713,current
1049630,00363036722,current
1049630,00363062712,current
1049630,00363329107,current
1049630,00363329108,current
1049630,00363329112,current
1049630,00363329122,current
1049630,00363614112,current
1049630,00363668008,current
1049630,00363672012,current
1049630,00363672051,current
1049630,00363902336,current
1049630,00363902460,current
1049630,00536121429,current
1049630,00904427451,current
1049630,00924005601,current
1049630,10135015101,current
1049630,10135015110,current
1049630,10135015124,current
1049630,10135015150,current
1049630,10135015152,current
1049630,10135015157,current
1049630,10939056401,current
1049630,11383013711,current
1049630,11383013742,current
1049630,11383013750,current
1049630,11673049401,current
1049630,11673049432,current
1049630,11673049601,current
1049630,11673069062,current
1049630,11673069078,current
1049630,11822032901,current
1049630,11822032902,current
1049630,11822032904,current
1049630,11822032906,current
1049630,11822032908,current
1049630,11822032909,current
1049630,11822067206,current
1049630,11822305800,current
1049630,11822367002,current
1049630,11822367004,current
1049630,11822367008,current
1049630,17714004201,current
1049630,17714004224,current
1049630,17714013501,current
1049630,21091069501,current
1049630,21130032906,current
1049630,21130032908,current
1049630,21130032912,current
1049630,21130032922,current
1049630,21130059601,current
1049630,21130059620,current
1049630,21130059635,current
1049630,21130076306,current
1049630,21130076308,current
1049630,21130076312,current
1049630,24385043126,current
1049630,24385043178,current
1049630,24385047962,current
1049630,24385047978,current
1049630,29485928502,current
1049630,29485928503,current
1049630,29485928504,current
1049630,30142047962,current
1049630,30142047967,current
1049630,30142047978,current
1049630,36800015178,current
1049630,36800043162,current
1049630,36800043167,current
1049630,36800043178,current
1049630,36800047962,current
1049630,36800047967,current
1049630,36800047978,current
1049630,36800047979,current
1049630,36800067206,current
1049630,36800090901,current
1049630,36800090902,current
1049630,36800090903,current
1049630,36800090905,current
1049630,36800093701,current
1049630,36800093740,current
1049630,37205074362,current
1049630,37205074378,current
1049630,37808001902,current
1049630,37808032908,current
1049630,37808043162,current
1049630,37808059002,current
1049630,37808059003,current
1049630,37808093208,current
1049630,37808093278,current
1049630,37835064101,current
1049630,37835081236,current
1049630,41163029003,current
1049630,41163032908,current
1049630,41163032922,current
1049630,41163036706,current
1049630,41163036708,current
1049630,41163036712,current
1049630,41226016001,current
1049630,41226016040,current
1049630,41226016042,current
1049630,41250047953,current
1049630,41250047962,current
1049630,41250047967,current
1049630,41250047978,current
1049630,41250061412,current
1049630,41520029011,current
1049630,41520043162,current
1049630,41520043167,current
1049630,41520077862,current
1049630,41520077878,current
1049630,42507029001,current
1049630,42507029003,current
1049630,42507029005,current
1049630,42507029103,current
1049630,46122029067,current
1049630,46122044162,current
1049630,46122065162,current
1049630,46122065178,current
1049630,47682016646,current
1049630,47682016650,current
1049630,47682016746,current
1049630,47682016747,current
1049630,47682016764,current
1049630,47682018446,current
1049630,47682018447,current
1049630,47682018464,current
1049630,49035016412,current
1049630,49035036708,current
1049630,49035036712,current
1049630,49035036742,current
1049630,49035067251,current
1049630,49035092912,current
1049630,49035092951,current
1049630,49035092998,current
1049630,49348056404,current
1049630,49483006101,current
1049630,49483006110,current
1049630,49483006142,current
1049630,49483006162,current
1049630,49483006165,current
1049630,49483032900,current
1049630,50090616600,current
1049630,50332013204,current
1049630,50332015004,current
1049630,50804004893,current
1049630,50844022908,current
1049630,50844032902,current
1049630,50844032907,current
1049630,50844032908,current
1049630,50844032912,current
1049630,50844032922,current
1049630,50844032951,current
1049630,50844032978,current
1049630,50844032982,current
1049630,51316018625,current
1049630,51316019100,current
1049630,51316036712,current
1049630,51662167401,current
1049630,51824005601,current
1049630,51824010201,current
1049630,53598000401,current
1049630,53942019005,current
1049630,53943009001,current
1049630,53943009003,current
1049630,53943009005,current
1049630,53943012803,current
1049630,53943019101,current
1049630,53943019103,current
1049630,55301018923,current
1049630,55301032912,current
1049630,55301032917,current
1049630,55319032902,current
1049630,55319032908,current
1049630,55319032912,current
1049630,55319032922,current
1049630,55319032951,current
1049630,55319036708,current
1049630,55319036712,current
1049630,55681032303,current
1049630,55910029308,current
1049630,55910029312,current
1049630,55910032912,current
1049630,55910032951,current
1049630,55910043162,current
1049630,55910043167,current
1049630,55910061412,current
1049630,55910068708,current
1049630,55910068722,current
1049630,55910077251,current
1049630,55910095924,current
1049630,56062009101,current
1049630,56062009103,current
1049630,56062047962,current
1049630,56062047967,current
1049630,56062047978,current
1049630,56062092308,current
1049630,56062092312,current
1049630,57243018921,current
1049630,57344009002,current
1049630,57344009003,current
1049630,57344009103,current
1049630,57896068101,current
1049630,57896068110,current
1049630,57896068301,current
1049630,57896068310,current
1049630,57896068324,current
1049630,57896068340,current
1049630,57896078572,current
1049630,59450060101,current
1049630,59726020032,current
1049630,59726021060,current
1049630,59726069001,current
1049630,59726069024,current
1049630,59779036708,current
1049630,59779036712,current
1049630,59779036720,current
1049630,59779036722,current
1049630,59779036751,current
1049630,59779043162,current
1049630,59779043178,current
1049630,59779061406,current
1049630,59779061811,current
1049630,59779092303,current
1049630,59779092306,current
1049630,59779092308,current
1049630,59779092312,current
1049630,59779092322,current
1049630,59779092351,current
1049630,61504009003,current
1049630,61504009103,current
1049630,62011031001,current
1049630,62011034301,current
1049630,63868049203,current
1049630,63868049210,current
1049630,63868049224,current
1049630,63868061132,current
1049630,63868077210,current
1049630,63868077224,current
1049630,63941009001,current
1049630,63941009003,current
1049630,63941009101,current
1049630,63941021901,current
1049630,63981032978,current
1049630,64024047978,current
1049630,66553001001,current
1049630,66715515408,current
1049630,66715550308,current
1049630,66715555402,current
1049630,66715555403,current
1049630,66715565402,current
1049630,66715565403,current
1049630,66715631408,current
1049630,66715651408,current
1049630,66715664308,current
1049630,66715691408,current
1049630,66715815703,current
1049630,66715971107,current
1049630,67091011510,current
1049630,67091020010,current
1049630,67091020024,current
1049630,67091033924,current
1049630,68016001456,current
1049630,68016001457,current
1049630,68016001485,current
1049630,68016001486,current
1049630,68016002160,current
1049630,68016026072,current
1049630,68016064110,current
1049630,68094001859,current
1049630,68094001861,current
1049630,68196016060,current
1049630,68196082978,current
1049630,68391016033,current
1049630,68391020079,current
1049630,68788810400,current
1049630,68788810401,current
1049630,68788810403,current
1049630,68998009003,current
1049630,68998009101,current
1049630,69168000293,current
1049630,69168004801,current
1049630,69168004820,current
1049630,69168004893,current
1049630,69168004898,current
1049630,69168024724,current
1049630,69168026330,current
1049630,69168026354,current
1049630,69168026393,current
1049630,69168026398,current
1049630,69452044431,current
1049630,69517000301,current
1049630,69517000303,current
1049630,69517000306,current
1049630,69517000310,current
1049630,69517000403,current
1049630,69517000406,current
1049630,69517000410,current
1049630,69618002501,current
1049630,69842067251,current
1049630,69842083451,current
1049630,69842083455,current
1049630,69842098108,current
1049630,70000013601,current
1049630,70000013602,current
1049630,70000013603,current
1049630,70000024401,current
1049630,70677000301,current
1049630,70677002401,current
1049630,70677101401,current
1049630,70677101402,current
1049630,70677112801,current
1049630,70677123801,current
1049630,70692001106,current
1049630,70692002206,current
1049630,70692014801,current
1049630,70692014811,current
1049630,70692014840,current
1049630,70692014846,current
1049630,70692014862,current
1049630,70692015146,current
1049630,71141017732,current
1049630,71309011001,current
1049630,71309011005,current
1049630,71309011030,current
1049630,71679010601,current
1049630,71679010603,current
1049630,71679010606,current
1049630,71679010610,current
1049630,71679011003,current
1049630,71679011006,current
1049630,71679011010,current
1049630,71679030800,current
1049630,71679031100,current
1049630,71800004801,current
1049630,72036001902,current
1049630,72036009001,current
1049630,72036009005,current
1049630,72036009101,current
1049630,72090002010,current
1049630,72090002110,current
1049630,72090002160,current
1049630,72090002901,current
1049630,72090002960,current
1049630,72090004001,current
1049630,72090004002,current
1049630,72288047978,current
1049630,72288047979,current
1049630,73376000380,current
1049630,76168001507,current
1049630,76168001512,current
1049630,76168012112,current
1049630,76457000200,current
1049630,79481014804,current
1049630,79481014805,current
1049630,79481014808,current
1049630,79481015101,current
1049630,79903005610,current
1049630,79903005630,current
1049630,79903027436,current
1049630,79903029710,current
1049630,79903049110,current
1049630,80136078596,current
1049630,80267043167,current
1049630,80513038322,current
1049630,80513072206,current
1049630,81522010903,current
1049630,81533030010,current
1049630,81533030024,current
1049630,82652003101,current
1049630,82706002102,current
1049630,82725100101,current
1049630,82725110101,current
1049630,82725110102,current
1049630,82725300102,current
1049630,82725400101,current
1049630,82725410101,current
1049630,82725420101,current
1049630,83059002103,current
1049630,83059011703,current
1049630,83164000001,current
1049630,83324008801,current
1049630,83324008803,current
1049630,83324008824,current
1049630,83324011032,current
1049630,83324011301,current
1049630,83324011324,current
1049630,83939068301,current
1049630,83939068302,current
1049630,83939068303,current
1049630,84324000401,current
1049630,84324001601,current
1049630,85766009201,current
1049630,85766009210,current
1049630,85766009220,current
1049630,85766009230,current
1049630,85766009260,current
1049630,85766009290,current
1049630,85786020224,current
1049630,85828004832,current
1049630,87509000106,current
1091392,00115180201,current
1091392,00406114601,current
1091392,00603457832,current
1091392,00781575301,current
1091392,10702010201,current
1091392,13107038201,current
1091392,16714082301,current
1091392,16729048001,current
1091392,31722017501,current
1091392,31722017505,current
1091392,43386057501,current
1091392,43386057503,current
1091392,43386057505,current
1091392,43547048810,current
1091392,47781053901,current
1091392,50268052911,current
1091392,50268052915,current
1091392,57664023008,current
1091392,57664023013,current
1091392,57664023018,current
1091392,57664023083,current
1091392,57664023088,current
1091392,63629108301,current
1091392,63629192201,current
1091392,63629316601,current
1091392,63629316602,current
1091392,63629947201,current
1091392,65580053201,current
1091392,67877061801,current
1091392,67877061833,current
1091392,71335121901,current
1091392,71335121902,current
1091392,71335121903,current
1091392,71335121904,current
1091392,71335121905,current
1091392,72162208701,current
1091392,72162243001,current
1091392,72865012401,current
1091392,72865012405,current
1091392,75834032601,current
1100184,00378102577,current
1100184,00378102593,current
1100184,24979000403,current
1100184,24979000406,current
1100184,24979000407,current
1100184,33342006107,current
1100184,33342006110,current
1100184,33342006112,current
1100184,42799095401,current
1100184,42799095402,current
1100184,43547038203,current
1100184,43547038209,current
1100184,51407032030,current
1100184,55111030230,current
1100184,55111030290,current
1100184,62756019418,current
1100184,62756019481,current
1100184,62756019483,current
1100184,63629111701,current
1100184,63629111801,current
1100184,63629848301,current
1100184,68180052706,current
1100184,68180052709,current
1100184,71205094800,current
1100184,71205094830,current
1100184,71205094855,current
1100184,71205094860,current
1100184,71205094890,current
1100184,72162127603,current
1100184,72162135503,current
1100184,72162135509,current
1116635,00378221505,current
1116635,00378221580,current
1116635,00378221591,current
1116635,00480269506,current
1116635,11788015801,current
1116635,11788015860,current
1116635,33342043209,current
1116635,33342043212,current
1116635,42658011503,current
1116635,42658011507,current
1116635,42658011510,current
1116635,43547065706,current
1116635,43547065718,current
1116635,43547065750,current
1116635,43598048018,current
1116635,43598048060,current
1116635,43598048078,current
1116635,43598048079,current
1116635,46708024130,current
1116635,46708024131,current
1116635,46708024160,current
1116635,46708024191,current
1116635,50228052210,current
1116635,50228052230,current
1116635,50228052260,current
1116635,50268082601,current
1116635,50268082611,current
1116635,51407086160,current
1116635,55488054301,current
1116635,55488054302,current
1116635,60505445206,current
1116635,60687092811,current
1116635,60687092857,current
1116635,62332024130,current
1116635,62332024131,current
1116635,62332024160,current
1116635,62332024191,current
1116635,67296226802,current
1116635,67877049105,current
1116635,67877049160,current
1116635,69097099103,current
1116635,69097099107,current
1116635,69097099112,current
1116635,69452050917,current
1116635,69452050930,current
1116635,70756004801,current
1116635,70756004860,current
1116635,70756004899,current
1116635,71610091441,current
1116635,71610091442,current
1116635,71610095841,current
1116635,71610095842,current
1116635,72205036811,current
1116635,72205036818,current
1116635,72205036860,current
1116635,72205036891,current
1116635,72205036899,current
1116635,72516001806,current
1116635,73190000860,current
1116635,76282055001,current
1116635,76282055005,current
1116635,76282055060,current
1116635,77771052260,current
1116758,00115701001,current
1116758,00115701002,current
1116758,00115701009,current
1116758,23155085074,current
1116758,42291004725,current
1116758,43063045440,current
1116758,62135071726,current
1116758,63304046126,current
1116758,64980017801,current
1116758,64980017802,current
1116758,64980017805,current
1116758,64980017810,current
1191013,00404719901,current
1191013,24208073006,current
1191013,42571049757,current
1191013,50090025900,current
1191013,50090192300,current
1191013,50090193100,current
1191013,51394023912,current
1191013,52959070501,current
1191013,61314001601,current
1191013,68071133205,current
1191013,68071436805,current
1191013,68071513905,current
1191013,70069060101,current
1191013,70518340800,current
1191013,70756019335,current
1191013,70756019395,current
1191013,85766003915,current
1191013,85766005615,current
1191013,85766005715,current
1234995,00143925001,current
1234995,00143925010,current
1234995,00143925101,current
1234995,00143925110,current
1234995,00409140305,current
1234995,00409140310,current
1234995,00409318905,current
1234995,00409318910,current
1234995,00409516001,current
1234995,00409516010,current
1234995,00409703701,current
1234995,00409703710,current
1234995,00409955805,current
1234995,00409955810,current
1234995,00409955811,current
1234995,00409955831,current
1234995,00409955849,current
1234995,00409955850,current
1234995,00409955869,current
1234995,00409955870,current
1234995,00781322070,current
1234995,00781322075,current
1234995,00781322092,current
1234995,00781322095,current
1234995,25021066205,current
1234995,25021066210,current
1234995,25021068705,current
1234995,25021068710,current
1234995,39822420001,current
1234995,39822420002,current
1234995,39822420005,current
1234995,39822420006,current
1234995,42677030901,current
1234995,42677030910,current
1234995,42677031001,current
1234995,42677031010,current
1234995,43066000710,current
1234995,43066001310,current
1234995,43547053001,current
1234995,43547053010,current
1234995,43547053101,current
1234995,43547053110,current
1234995,47781061617,current
1234995,47781061620,current
1234995,47781061722,current
1234995,47781061791,current
1234995,51662135401,current
1234995,51662135501,current
1234995,51662154501,current
1234995,51662154601,current
1234995,51662164001,current
1234995,55150022505,current
1234995,55150022610,current
1234995,63323042601,current
1234995,63323042602,current
1234995,63323042605,current
1234995,63323042610,current
1234995,63323042612,current
1234995,63323042615,current
1234995,65145013001,current
1234995,65145013010,current
1234995,65145013101,current
1234995,65145013110,current
1234995,65219006502,current
1234995,65219006505,current
1234995,66794022802,current
1234995,66794022841,current
1234995,66794022902,current
1234995,66794022941,current
1234995,67457022800,current
1234995,67457022805,current
1234995,67457022810,current
1234995,67457022899,current
1234995,67457057300,current
1234995,67457057305,current
1234995,67457057400,current
1234995,67457057410,current
1234995,68083036401,current
1234995,68083036410,current
1234995,68083036501,current
1234995,68083036510,current
1234995,70748034801,current
1234995,70748034802,current
1234995,70748034901,current
1234995,70748034902,current
1234995,70756066910,current
1234995,70756066985,current
1234995,70756067010,current
1234995,70756067086,current
1234995,70860065105,current
1234995,70860065110,current
1234995,70860065141,current
1234995,70860065142,current
1234995,71288070005,current
1234995,71288070006,current
1234995,71288070091,current
1234995,71288070092,current
1234995,71288071810,current
1234995,71288071811,current
1234995,71288071891,current
1234995,71288071892,current
1234995,71839014101,current
1234995,71839014110,current
1234995,71839014201,current
1234995,71839014210,current
1234995,71872703601,current
1234995,71872720201,current
1234995,71872720701,current
1234995,71872726201,current
1234995,71872730901,current
1234995,71872731701,current
1234995,71872734401,current
1234995,71872734901,current
1234995,71872737201,current
1234995,72162226302,current
1234995,72572065001,current
1234995,72572065010,current
1234995,72572065101,current
1234995,72572065110,current
1234995,72611075601,current
1234995,72611075610,current
1234995,72611075701,current
1234995,72611075710,current
1234995,81565020401,current
1234995,81565020402,current
1234995,82449000101,current
1234995,82449000102,current
1234995,84549013110,current
1234995,84549014110,current
1243052,51167020001,current
1243052,51167020002,current
1359133,00047057014,historical
1359133,00047057045,historical
1359133,00047057060,historical
1359133,00047057095,historical
1359133,00071092815,historical
1359133,00071092847,historical
1359133,00071092895,historical
1359133,00430000531,historical
1359133,00430057014,historical
1359133,00430057045,historical
1359133,00430057060,historical
1359133,00430057095,historical
1359133,54868394800,historical
1359269,31722008930,current
1359269,43598070505,current
1359269,43598070530,current
1359269,59651008630,current
1359269,60219114503,current
1359269,60687081911,current
1359269,60687081921,current
1359269,63629568601,current
1359269,68071391003,current
1359269,68180034606,current
1359269,69097024402,current
1359269,70771174603,current
1359269,70771174605,current
1359269,70771174609,current
1359269,71335261101,current
1359269,72205018530,current
1359269,72578014805,current
1359269,72578014806,current
1359269,72578014816,current
1359269,76282073830,current
1361048,00008048701,historical
1361048,00008048703,historical
1361048,00008252901,historical
1361048,00008252902,historical
1361048,00008252903,historical
1361048,00008252950,historical
1361048,00008252951,historical
1361048,00008252952,historical
1361048,00024072212,historical
1361048,00024072213,historical
1361048,00024072214,historical
1361048,00024072215,historical
1361048,00024072216,historical
1361048,00024072217,historical
1361048,00024072221,historical
1361048,00024072222,historical
1361048,00024072226,historical
1361048,00024072227,historical
1361048,00024072233,historical
1361048,00024072235,historical
1361048,00024072299,historical
1361048,00024073602,historical
1361048,00024073603,historical
1361048,00024074212,historical
1361048,00074115212,historical
1361048,00074115214,historical
1361048,00074115270,historical
1361048,00074115271,historical
1361048,00074115273,historical
1361048,00074115278,historical
1361048,00074128101,historical
1361048,00074128102,historical
1361048,00074128105,historical
1361048,00074128111,historical
1361048,00074128112,historical
1361048,00074128115,historical
1361048,00074128121,historical
1361048,00074128122,historical
1361048,00074128125,historical
1361048,00074128131,historical
1361048,00074128132,historical
1361048,00074128133,historical
1361048,00074128135,historical
1361048,00074138902,historical
1361048,00074138932,historical
1361048,00074345405,historical
1361048,00074345425,historical
1361048,00074628602,historical
1361048,00074628611,historical
1361048,00074629202,historical
1361048,00074765002,historical
1361048,00074765062,historical
1361048,00074779312,historical
1361048,00074779323,historical
1361048,00074779361,historical
1361048,00074779362,historical
1361048,00223786501,historical
1361048,00223786702,historical
1361048,00264958720,historical
1361048,00338045102,historical
1361048,00338055002,historical
1361048,00338055202,historical
1361048,00338821070,historical
1361048,00381040301,historical
1361048,00409115212,historical
1361048,00409115214,historical
1361048,00409115270,historical
1361048,00409115278,historical
1361048,00409128131,historical
1361048,00409128132,historical
1361048,00409128133,historical
1361048,00409128135,historical
1361048,00409345405,historical
1361048,00409345425,historical
1361048,00409765052,historical
1361048,00409765062,historical
1361048,00409779313,historical
1361048,00409779323,historical
1361048,00409779352,historical
1361048,00409779362,historical
1361048,00469003115,historical
1361048,00469190300,historical
1361048,00469190303,historical
1361048,00469310115,historical
1361048,00469310525,historical
1361048,00469504501,historical
1361048,00469504505,historical
1361048,00641027321,historical
1361048,00641027325,historical
1361048,00641038721,historical
1361048,00641038725,historical
1361048,00641038925,historical
1361048,00641040125,historical
1361048,00641041125,historical
1361048,00641243641,historical
1361048,00641243645,historical
1361048,00641244341,historical
1361048,00641244345,historical
1361048,00641326209,historical
1361048,00686001101,historical
1361048,00686001105,historical
1361048,08166110003,historical
1361048,08166110005,historical
1361048,08290037002,historical
1361048,08290037003,historical
1361048,08290038003,historical
1361048,08290038005,historical
1361048,08290039003,historical
1361048,08290039005,historical
1361048,08290039105,historical
1361048,08290041003,historical
1361048,08290306513,historical
1361048,08290306514,historical
1361048,08290306515,historical
1361048,08290306516,historical
1361048,08290306517,historical
1361048,08290306528,historical
1361048,08290306531,historical
1361048,08290306537,historical
1361048,08450604603,historical
1361048,08450604903,historical
1361048,08450605005,historical
1361048,08450605503,historical
1361048,08450605805,historical
1361048,24200066110,historical
1361048,39769001101,historical
1361048,39769001102,historical
1361048,39769001105,historical
1361048,39769001171,historical
1361048,39769001173,historical
1361048,39769001175,historical
1361048,39769001703,historical
1361048,39769003610,historical
1361048,39769003630,historical
1361048,39769003671,historical
1361048,39769003702,historical
1361048,39769003703,historical
1361048,39769003705,historical
1361048,39769010771,historical
1361048,39769010773,historical
1361048,39769010775,historical
1361048,39769011871,historical
1361048,39769011873,historical
1361048,39769011875,historical
1361048,52533014238,historical
1361048,52533017918,historical
1361048,52533017961,historical
1361048,52533017974,historical
1361048,52584015270,historical
1361048,52958032004,historical
1361048,55154236205,historical
1361048,55154510905,historical
1361048,55154935305,historical
1361048,55154935505,historical
1361048,59747003702,historical
1361048,59747003703,historical
1361048,59747003705,historical
1361048,61553020302,historical
1361048,61553020350,historical
1361048,61553040302,historical
1361048,61553041902,historical
1361048,61553094102,historical
1361048,62338022303,historical
1361048,62338022503,historical
1361048,62338313701,historical
1361048,62338332701,historical
1361048,62338352701,historical
1361048,63323054501,historical
1361048,63323054505,historical
1361048,63323054901,historical
1361048,63807060005,historical
1361048,63807060031,historical
1361048,63807060050,historical
1361048,63807060051,historical
1361048,63807060055,historical
1361048,63807066031,historical
1361048,64054100302,historical
1361048,64253033301,historical
1361048,64253033311,historical
1361048,64253033312,historical
1361048,64253033321,historical
1361048,64253033322,historical
1361048,64253033323,historical
1361048,64253033325,historical
1361048,64253033330,historical
1361048,64253033333,historical
1361048,64253033335,historical
1361048,64253033352,historical
1361048,68883010006,historical
1361226,00069005801,current
1361226,00069005802,current
1361226,00069013701,current
1361226,00069013703,current
1361226,00247119530,current
1361226,00247119550,current
1361226,00404997901,current
1361226,00409272002,current
1361226,00409272003,current
1361226,00409272031,current
1361226,00409272032,current
1361226,00641039112,current
1361226,00641039137,current
1361226,00641245030,current
1361226,00641245055,current
1361226,00781353810,current
1361226,00781353825,current
1361226,00781354010,current
1361226,00781354025,current
1361226,00781354310,current
1361226,00781354325,current
1361226,11743021002,current
1361226,25021040001,current
1361226,25021040010,current
1361226,25021040030,current
1361226,25021040066,current
1361226,25021040067,current
1361226,25021040068,current
1361226,55154813105,current
1361226,55154958305,current
1361226,63323054001,current
1361226,63323054003,current
1361226,63323054005,current
1361226,63323054007,current
1361226,63323054011,current
1361226,63323054013,current
1361226,63323054015,current
1361226,63323054031,current
1361226,63323054033,current
1361226,63323054036,current
1361226,63323054057,current
1361226,63323054067,current
1361226,63739092011,current
1361226,63739092025,current
1361226,63739093114,current
1361226,63739093128,current
1361226,63739094215,current
1361226,63739094229,current
1361226,65219006601,current
1361226,65219006610,current
1361226,67457037212,current
1361226,67457037299,current
1361226,67457038431,current
1361226,67457038499,current
1361226,67457038510,current
1361226,67457038599,current
1361226,67457095300,current
1361226,67457095310,current
1361226,67457095600,current
1361226,67457095630,current
1361226,68083042701,current
1361226,68083042725,current
1361226,68083042801,current
1361226,68083042825,current
1361226,71288040210,current
1361226,71288040211,current
1361226,71288040230,current
1361226,71288040231,current
1361226,71288042095,current
1361226,71288042096,current
1361226,71288042195,current
1361226,71288042196,current
1361226,71288044901,current
1361226,71288044902,current
1361226,71872735101,current
1361226,71872735201,current
1361226,71872736401,current
1361226,71872736501,current
1361226,72603017901,current
1361226,72603017925,current
1361226,72603025001,current
1361226,72603025025,current
1361226,72603026701,current
1361226,72603026725,current
1361226,81565020301,current
1361226,81565020302,current
1361226,81952011201,current
1361226,81952011204,current
1361226,81952011205,current
1361226,81952011206,current
1361226,81952011209,current
1361226,81952011210,current
1363309,00113004262,current
1363309,00113004278,current
1363309,00302081824,current
1363309,00363194115,current
1363309,00904001224,current
1363309,00904001259,current
1363309,00904001261,current
1363309,00904001280,current
1363309,10135013301,current
1363309,10135013310,current
1363309,10135013324,current
1363309,10135013330,current
1363309,10135013352,current
1363309,10135013357,current
1363309,10135013362,current
1363309,10135013369,current
1363309,10939015201,current
1363309,11383008911,current
1363309,11383008942,current
1363309,11383008950,current
1363309,11822066201,current
1363309,11822066204,current
1363309,11822066207,current
1363309,15127001601,current
1363309,15127082109,current
1363309,16103034611,current
1363309,16103034699,current
1363309,17714001601,current
1363309,17714001610,current
1363309,24385046362,current
1363309,24385046378,current
1363309,36800046362,current
1363309,36800069408,current
1363309,37835063301,current
1363309,41163019408,current
1363309,46122061862,current
1363309,46122061878,current
1363309,47682016946,current
1363309,47682016948,current
1363309,47682016964,current
1363309,47682024148,current
1363309,47682024164,current
1363309,49035019412,current
1363309,49035094012,current
1363309,49483024200,current
1363309,49483024201,current
1363309,49483024210,current
1363309,49483024224,current
1363309,50090004900,current
1363309,50090004901,current
1363309,50090004906,current
1363309,50090004907,current
1363309,50090276506,current
1363309,50090276507,current
1363309,50804027793,current
1363309,51467010101,current
1363309,51467010102,current
1363309,53185027724,current
1363309,54738010301,current
1363309,54738010303,current
1363309,54738010314,current
1363309,55289056001,current
1363309,55289056024,current
1363309,55289056030,current
1363309,57896078401,current
1363309,57896078410,current
1363309,57896097401,current
1363309,57896097410,current
1363309,59779046362,current
1363309,59779046378,current
1363309,61919040230,current
1363309,61919040271,current
1363309,62011031101,current
1363309,63868033324,current
1363309,67091020324,current
1363309,68016068381,current
1363309,68016068382,current
1363309,68998027793,current
1363309,69168027793,current
1363309,69618002201,current
1363309,69618002210,current
1363309,69842019412,current
1363309,70000016001,current
1363309,70000016002,current
1363309,70677000401,current
1363309,70677101601,current
1363309,71335096301,current
1363309,71335096302,current
1363309,71335096303,current
1363309,71335096304,current
1363309,71335096305,current
1363309,71335096306,current
1363309,71335205601,current
1363309,71335205602,current
1363309,71335205603,current
1363309,71335205604,current
1363309,71335205605,current
1363309,71335205606,current
1363309,71335281201,current
1363309,71335309301,current
1363309,71335309302,current
1363309,71335309303,current
1363309,71335309304,current
1363309,71335309305,current
1363309,71335309306,current
1363309,72789013424,current
1363309,73057034611,current
1363309,79903007412,current
1363309,83324006824,current
1366343,00008256401,historical
1367439,50090100800,current
1367439,50090561100,current
1367439,50090766300,current
1367439,59212014601,current
1367439,59212014603,current
1367439,78206014601,current
1367439,78206014603,current
1431987,00469068711,current
1431987,00469068773,current
1437975,15370016010,current
1437975,80056016010,current
1483744,00185003930,current
1483744,00406117001,current
1483744,00406117003,current
1483744,00615857939,current
1483744,00904703604,current
1483744,16729008101,current
1483744,16729008110,current
1483744,16729008116,current
1483744,16729008117,current
1483744,23155088601,current
1483744,23155088603,current
1483744,42291063230,current
1483744,42291063260,current
1483744,47335032608,current
1483744,47335032618,current
1483744,47335032683,current
1483744,47335032688,current
1483744,50090286600,current
1483744,50090307600,current
1483744,50090492500,current
1483744,50090682000,current
1483744,51224020630,current
1483744,51224020650,current
1483744,51407095901,current
1483744,51407095930,current
1483744,53401000831,current
1483744,62135024230,current
1483744,62135024260,current
1483744,62135024290,current
1483744,63629104601,current
1483744,63629104701,current
1483744,64850030001,current
1483744,64850030030,current
1483744,67046006003,current
1483744,67046030603,current
1483744,67296228209,current
1483744,68071365403,current
1483744,68084029111,current
1483744,68084029121,current
1483744,68094085359,current
1483744,68094085361,current
1483744,68094085362,current
1483744,68094085366,current
1483744,68094090930,current
1483744,68094090950,current
1483744,70518271800,current
1483744,70518271801,current
1483744,70518434400,current
1483744,71335001401,current
1483744,71335001402,current
1483744,71335001403,current
1483744,71335001404,current
1483744,71335001405,current
1483744,71335001406,current
1483744,71335001407,current
1483744,71335148001,current
1483744,71335148002,current
1483744,71335148003,current
1483744,71335148004,current
1483744,71335148005,current
1483744,71335148006,current
1483744,71335206201,current
1483744,71335206202,current
1483744,71335206203,current
1483744,71335206204,current
1483744,71335206205,current
1483744,71335206206,current
1483744,71335206207,current
1483744,71335241901,current
1483744,71335241902,current
1483744,71335241903,current
1483744,71335241904,current
1483744,71335241905,current
1483744,71335241906,current
1483744,71335241907,current
1483744,71335248001,current
1483744,71335248101,current
1483744,71335274301,current
1483744,71335298701,current
1483744,71335301101,current
1483744,71335301201,current
1483744,71335303901,current
1483744,71335304001,current
1483744,71335310401,current
1483744,71335310402,current
1483744,71335310403,current
1483744,71335310404,current
1483744,71335310405,current
1483744,71335310406,current
1483744,71335310407,current
1483744,71610091931,current
1483744,71610096431,current
1483744,72162156601,current
1483744,72162156603,current
1483744,72162215403,current
1483744,72162231101,current
1483744,72162231103,current
1483744,72162252901,current
1483744,72162252903,current
1483744,76519116005,current
1483744,82804019930,current
1534809,69238152101,current
1534809,69238152103,current
1534809,70710119001,current
1534809,70710119003,current
1534809,70771177701,current
1534809,70771177703,current
1535362,53045020217,current
1535362,53045020317,current
1535362,53045020417,current
1535362,53045020517,current
1535362,53045020608,current
1535362,53045020617,current
1535362,53045020717,current
1535362,62007080216,current
1535362,62007080516,current
1535362,62007080616,current
1535362,62007081016,current
1535362,62007081116,current
1535362,62007081216,current
1535362,62007081316,current
1535362,62007081416,current
1547672,00173087610,current
1599803,33342031307,current
1599803,33342031310,current
1599803,33342031356,current
1599803,69238124703,current
1599803,69238124709,current
1599803,69680018530,current
1599803,73190000430,current
1605257,00023585801,current
1648755,00185012201,current
1648755,00185012210,current
1648755,00378342201,current
1648755,00480347001,current
1648755,00591365801,current
1648755,00615853110,current
1648755,00615853114,current
1648755,00904713761,current
1648755,00904757161,current
1648755,13811071910,current
1648755,16714043901,current
1648755,42571039301,current
1648755,42571039305,current
1648755,42571039390,current
1648755,42708017828,current
1648755,42708018414,current
1648755,42708018428,current
1648755,43063058210,current
1648755,47781030301,current
1648755,50090086500,current
1648755,50090086501,current
1648755,50090086502,current
1648755,50090086600,current
1648755,50090086601,current
1648755,50090322300,current
1648755,50090373700,current
1648755,50090373701,current
1648755,50090373702,current
1648755,50090385601,current
1648755,50090459101,current
1648755,50090666400,current
1648755,50090666401,current
1648755,50090666402,current
1648755,50090666403,current
1648755,50090674800,current
1648755,50090674801,current
1648755,50090674802,current
1648755,50090675001,current
1648755,50090676901,current
1648755,50268062511,current
1648755,50268062515,current
1648755,50436659004,current
1648755,51079034801,current
1648755,51079034820,current
1648755,51655061102,current
1648755,51655061184,current
1648755,52959078300,current
1648755,52959078310,current
1648755,52959078314,current
1648755,52959078320,current
1648755,54348084906,current
1648755,54348084910,current
1648755,54348084914,current
1648755,54348085006,current
1648755,55289082210,current
1648755,55289082214,current
1648755,55887040710,current
1648755,55887040720,current
1648755,55887040730,current
1648755,58118030300,current
1648755,58118030302,current
1648755,58118030304,current
1648755,59746076201,current
1648755,59746076206,current
1648755,59746076215,current
1648755,59746076236,current
1648755,60687063301,current
1648755,60687063311,current
1648755,60687063365,current
1648755,60760019414,current
1648755,60760047814,current
1648755,60760085314,current
1648755,61919002102,current
1648755,61919002110,current
1648755,61919002114,current
1648755,63187026310,current
1648755,63187026314,current
1648755,63187026328,current
1648755,63187026330,current
1648755,63187026360,current
1648755,63187099510,current
1648755,63187099514,current
1648755,63187099520,current
1648755,63629174800,current
1648755,63629174801,current
1648755,63629174802,current
1648755,63629174803,current
1648755,63629174804,current
1648755,63629174805,current
1648755,63629174806,current
1648755,63629174807,current
1648755,63629174808,current
1648755,63629174809,current
1648755,63629246401,current
1648755,63629919101,current
1648755,65162047810,current
1648755,65862092901,current
1648755,67046119803,current
1648755,67046127103,current
1648755,67296144207,current
1648755,67296210501,current
1648755,67296210502,current
1648755,67296210504,current
1648755,67296218001,current
1648755,67296218004,current
1648755,68001042300,current
1648755,68001060600,current
1648755,68071356902,current
1648755,68071356904,current
1648755,68071359302,current
1648755,68071359306,current
1648755,68071436701,current
1648755,68071436702,current
1648755,68071436704,current
1648755,68071442802,current
1648755,68071442806,current
1648755,68084044601,current
1648755,68084044611,current
1648755,68788825800,current
1648755,68788825801,current
1648755,68788825808,current
1648755,68788857100,current
1648755,68788857101,current
1648755,70518026500,current
1648755,70518026501,current
1648755,70518026502,current
1648755,70518026503,current
1648755,70518108700,current
1648755,70518108701,current
1648755,70518108702,current
1648755,70518108703,current
1648755,70518371700,current
1648755,70518371701,current
1648755,70518371702,current
1648755,70518371703,current
1648755,70518402600,current
1648755,70518402601,current
1648755,70518402602,current
1648755,70518402603,current
1648755,70518402604,current
1648755,70518402605,current
1648755,70518435800,current
1648755,70756040411,current
1648755,70756040451,current
1648755,70934012914,current
1648755,71205054610,current
1648755,71205054614,current
1648755,71205054620,current
1648755,71205054630,current
1648755,71205085200,current
1648755,71205085210,current
1648755,71205085214,current
1648755,71205085220,current
1648755,71205085230,current
1648755,71205085255,current
1648755,71335086301,current
1648755,71335086302,current
1648755,71335086303,current
1648755,71335086306,current
1648755,71335086307,current
1648755,71335225501,current
1648755,71335225502,current
1648755,71335225503,current
1648755,71335225504,current
1648755,71335225505,current
1648755,71335225506,current
1648755,71335225507,current
1648755,71335225508,current
1648755,71335225509,current
1648755,71335232000,current
1648755,71335232001,current
1648755,71335232002,current
1648755,71335232003,current
1648755,71335232004,current
1648755,71335232005,current
1648755,71335232006,current
1648755,71335232007,current
1648755,71335232008,current
1648755,71335232009,current
1648755,71335237700,current
1648755,71335237701,current
1648755,71335237702,current
1648755,71335237703,current
1648755,71335237704,current
1648755,71335237705,current
1648755,71335237706,current
1648755,71335237707,current
1648755,71335237708,current
1648755,71335237709,current
1648755,71335291401,current
1648755,72162126200,current
1648755,72162126201,current
1648755,72162181502,current
1648755,72162181503,current
1648755,72162181504,current
1648755,72162181508,current
1648755,72162181509,current
1648755,72162261501,current
1648755,72189017910,current
1648755,72189017914,current
1648755,72189017920,current
1648755,72189039510,current
1648755,72189039514,current
1648755,72189039520,current
1648755,72603019601,current
1648755,72789023410,current
1648755,72789024202,current
1648755,72789024206,current
1648755,72789024210,current
1648755,72789024214,current
1648755,72789038606,current
1648755,72789038610,current
1648755,72789038614,current
1648755,72789038710,current
1648755,76420019501,current
1648755,76420019510,current
1648755,76420019514,current
1648755,76420019520,current
1648755,76420019530,current
1648755,76420019560,current
1648755,76420019590,current
1648755,76420088400,current
1648755,76420088401,current
1648755,76420088407,current
1648755,76420088410,current
1648755,76420088412,current
1648755,76420088414,current
1648755,76420088420,current
1648755,76420088428,current
1648755,76420088430,current
1648755,76420088460,current
1648755,76420088490,current
1648755,82619014701,current
1648755,82619014702,current
1648755,82619014703,current
1648755,82804011510,current
1648755,82804011514,current
1648755,82804011520,current
1648755,82868001210,current
1648755,82868001214,current
1648755,82868006510,current
1648755,82868006514,current
1648755,82868006520,current
1650142,00185021652,current
1650142,00185021653,current
1650142,00378602389,current
1650142,00527133825,current
1650142,00527133850,current
1650142,23155013505,current
1650142,23155013511,current
1650142,23155013525,current
1650142,23155013530,current
1650142,42291015605,current
1650142,42291015625,current
1650142,42783060130,current
1650142,42783060160,current
1650142,50090146200,current
1650142,50090178700,current
1650142,50090380900,current
1650142,51655035020,current
1650142,55700012220,current
1650142,60687034425,current
1650142,60687034495,current
1650142,61919047420,current
1650142,62135072620,current
1650142,63304013204,current
1650142,63304013210,current
1650142,63304013250,current
1650142,63629941001,current
1650142,64380020701,current
1650142,64380020702,current
1650142,70710112307,current
1650142,70710112308,current
1650142,70771100807,current
1650142,70771100808,current
1650142,70934032520,current
1650142,70934080820,current
1650142,71335263801,current
1650142,80425031901,current
1650142,80425031902,current
1650142,80425031903,current
1650142,82804002806,current
1650142,82804002814,current
1650142,82804002820,current
1650142,82804002830,current
1650142,82804002860,current
1650142,82804002890,current
1650142,82804026420,current
1650142,83008003120,current
1652673,00185003601,current
1652673,00378602101,current
1652673,00527133501,current
1652673,23155013301,current
1652673,23155013305,current
1652673,23155013311,current
1652673,23155013330,current
1652673,61919029960,current
1652673,62135072520,current
1652673,63304013010,current
1652673,64380020501,current
1652673,70710112101,current
1652673,70771100601,current
1656346,00078065920,current
1656346,00078065935,current
1656346,00078065961,current
1656346,00078065967,current
1656346,00078965950,current
1656346,71610081032,current
1656346,71610081088,current
1656346,71610081089,current
1656356,00078069620,current
1656356,00078069635,current
1656356,00078069661,current
1656356,00078069667,current
1656356,71610080737,current
1657066,50242006001,historical
1657066,50242006002,historical
1657066,50242006101,historical
1659131,00264344611,current
1659131,00409337402,current
1659131,00409337411,current
1659131,00409338302,current
1659131,00409338310,current
1659131,00409338311,current
1659131,00781311090,current
1659131,00781311095,current
1659131,00781334494,current
1659131,00781334495,current
1659131,00781921090,current
1659131,00781921095,current
1659131,25021016430,current
1659131,25021017520,current
1659131,35369050201,current
1659131,35369050202,current
1659131,44567080110,current
1659131,55150011909,current
1659131,55150011930,current
1659131,60505615600,current
1659131,60505615604,current
1659131,61990011001,current
1659131,61990011002,current
1659131,63323030920,current
1659131,63323030926,current
1659131,63323098121,current
1659131,63323098123,current
1659131,63323098141,current
1659131,63323098153,current
1659131,64679003401,current
1659131,64679003402,current
1659131,65219043402,current
1659131,65219043420,current
1659131,66794021641,current
1659131,67457052100,current
1659131,67457052122,current
1659131,68001050628,current
1659131,68001050630,current
1659131,70594007801,current
1659131,70594007802,current
1659131,70860012020,current
1659131,70860012041,current
1659131,71288000230,current
1659131,71288000231,current
1659131,81284015100,current
1659131,81284015110,current
1659131,83270030110,current
1659131,83634010420,current
1659131,83634010441,current
1659149,00264345022,current
1659149,00409337904,current
1659149,00409337911,current
1659149,00409339004,current
1659149,00409339010,current
1659149,00409339011,current
1659149,00781311491,current
1659149,00781311495,current
1659149,00781336794,current
1659149,00781336795,current
1659149,00781921491,current
1659149,00781921495,current
1659149,25021016648,current
1659149,25021017750,current
1659149,35369050101,current
1659149,35369050102,current
1659149,44567080310,current
1659149,55150012109,current
1659149,55150012150,current
1659149,60505615900,current
1659149,60505615904,current
1659149,61990013001,current
1659149,61990013002,current
1659149,63323032050,current
1659149,63323032056,current
1659149,63323098221,current
1659149,63323098243,current
1659149,63323098252,current
1659149,63323098254,current
1659149,64679001201,current
1659149,64679001202,current
1659149,65219025905,current
1659149,65219025915,current
1659149,65219025945,current
1659149,65219025955,current
1659149,66794021841,current
1659149,67457052300,current
1659149,67457052345,current
1659149,68001050829,current
1659149,68001050831,current
1659149,70594008001,current
1659149,70594008002,current
1659149,70860012241,current
1659149,70860012250,current
1659149,71288000450,current
1659149,71288000451,current
1659149,72485040401,current
1659149,72485040410,current
1659149,72572041801,current
1659149,72572041810,current
1659149,72572057401,current
1659149,72572057410,current
1659149,72572057701,current
1659149,72572057710,current
1659149,81284015300,current
1659149,81284015310,current
1659149,83270030310,current
1659149,83634010641,current
1659149,83634010650,current
1659263,00069005903,current
1659263,00069005904,current
1659263,00404987201,current
1659263,00409272301,current
1659263,00409272330,current
1659263,00641040037,current
1659263,55154513005,current
1659263,55154698505,current
1659263,67457094900,current
1659263,67457094901,current
1659263,70518454700,current
1659263,70518454701,current
1659263,71288040301,current
1659263,71288040302,current
1659263,71288042295,current
1659263,71288042296,current
1659263,72572025501,current
1659263,72572025525,current
1659263,72603041201,current
1659263,72603041225,current
1664463,68992301001,current
1664463,68992301003,current
1664986,00409083001,current
1664986,00409083011,current
1664986,55390017810,current
1664986,63323040201,current
1664986,63323040203,current
1664986,63323040220,current
1664986,63323040224,current
1664986,63323040230,current
1664986,63323040241,current
1665021,00143985701,current
1665021,00143985725,current
1665021,00264315311,current
1665021,00338500241,current
1665021,00409733201,current
1665021,00409733211,current
1665021,00409733220,current
1665021,00409733221,current
1665021,00409733304,current
1665021,00409733311,current
1665021,00409733331,current
1665021,00409733349,current
1665021,00781320885,current
1665021,00781320895,current
1665021,00781932885,current
1665021,00781932895,current
1665021,25021010610,current
1665021,25021010667,current
1665021,44567070125,current
1665021,44567070195,current
1665021,50090094500,current
1665021,50090094501,current
1665021,50090381000,current
1665021,50090381001,current
1665021,60505075203,current
1665021,60505075204,current
1665021,60505614800,current
1665021,60505614804,current
1665021,63323034601,current
1665021,63323034610,current
1665021,64679098301,current
1665021,64679098302,current
1665021,66794021302,current
1665021,66794021342,current
1665021,67184100701,current
1665021,68180063301,current
1665021,68180063310,current
1665021,70518249900,current
1665021,70518249901,current
1665021,70594009601,current
1665021,70594009602,current
1665021,71205054501,current
1665021,72572006101,current
1665021,72572006125,current
1665021,85766006901,current
1665021,85766006910,current
1665060,00143913901,current
1665060,00143913925,current
1665060,00264310511,current
1665060,00338350841,current
1665060,44567084001,current
1665060,44567084025,current
1665060,60505623100,current
1665060,60505623105,current
1665060,67184056001,current
1665227,00069324115,historical
1665227,00069324122,historical
1665227,00069324215,historical
1665227,00069324222,historical
1665227,00069334215,historical
1665227,00069334222,historical
1665227,00409476586,historical
1665227,00409477886,historical
1665227,00703095601,historical
1665227,00703095603,historical
1665227,00703095801,historical
1665227,00703095803,historical
1665227,10130019701,historical
1665227,10130019801,historical
1665227,10130019901,historical
1665227,21695042201,historical
1665227,21695091440,historical
1665227,36000001001,historical
1665227,36000001101,historical
1665227,55390019701,historical
1665227,55390019801,historical
1665227,55390019901,historical
1665227,68950000701,historical
1719286,00143915701,current
1719286,00143915710,current
1719286,00404986210,current
1719286,00409610210,current
1719286,00409610220,current
1719286,00409610227,current
1719286,00409610237,current
1719286,16729050203,current
1719286,16729050243,current
1719286,23155047333,current
1719286,23155047344,current
1719286,23155047345,current
1719286,23155052133,current
1719286,23155052144,current
1719286,25021031110,current
1719286,25021032010,current
1719286,31722031110,current
1719286,31722031131,current
1719286,36000006505,current
1719286,36000028425,current
1719286,42571043856,current
1719286,42571043885,current
1719286,51662122601,current
1719286,51662122602,current
1719286,51662122603,current
1719286,51662157501,current
1719286,55150032401,current
1719286,55150032425,current
1719286,59923060801,current
1719286,63323028005,current
1719286,63323028010,current
1719286,63323028036,current
1719286,63323028045,current
1719286,64679075903,current
1719286,64679075912,current
1719286,68083043405,current
1719286,68083043425,current
1719286,70121107601,current
1719286,70121107605,current
1719286,70756062010,current
1719286,70756062025,current
1719286,70756062086,current
1719286,70860030210,current
1719286,70860030243,current
1719286,71288020310,current
1719286,71288020311,current
1719286,71288020393,current
1719286,71288020394,current
1719286,71872730801,current
1719286,71872735001,current
1719286,72603047401,current
1719286,72603047425,current
1719286,73043002401,current
1719286,73043002491,current
1719286,73542010325,current
1719286,83634030210,current
1719286,83634030241,current
1719286,84549047425,current
1723208,00074226602,historical
1723208,00074226605,historical
1723208,00074226610,historical
1723208,00074226649,historical
1723208,00074226650,historical
1723208,00074226651,historical
1723208,00074226652,historical
1723208,00409226602,historical
1723208,00409226605,historical
1723208,00409226610,historical
1723208,00409226649,historical
1723208,00409226651,historical
1723208,10019006001,historical
1723208,10019006002,historical
1723208,10019006003,historical
1723208,10019006004,historical
1723208,10019006006,historical
1723208,10019006018,historical
1723208,10019006021,historical
1723208,10019006026,historical
1723208,11098006002,historical
1723208,11098006005,historical
1723208,11098006010,historical
1723208,11098006020,historical
1723208,17478006710,historical
1723208,17478084102,historical
1723208,17478084105,historical
1723208,17478084110,historical
1723208,17478084120,historical
1723208,17487084102,historical
1723208,50458006002,historical
1723208,50458006005,historical
1723208,50458006010,historical
1723208,50458006020,historical
1729584,00143939201,current
1729584,00143939210,current
1729584,63323072401,current
1729584,63323072405,current
1729584,75834023101,current
1732136,63323045500,current
1732136,63323045501,current
1732186,59923070100,current
1732186,63323015100,current
1732186,66758004202,current
1734919,00781324494,current
1734919,10019093601,current
1734919,10019093650,current
1734919,10019093901,current
1734919,10019093950,current
1734919,10019094401,current
1734919,10019094450,current
1734919,10019095601,current
1734919,10019095616,current
1734919,14335047101,current
1734919,14335047110,current
1734919,16714085701,current
1734919,25021024851,current
1734919,39822025501,current
1734919,42806090226,current
1734919,65219013120,current
1734919,68001044327,current
1734919,68001069532,current
1734919,70121123901,current
1734919,70436010680,current
1734919,72572008501,current
1734919,72603032601,current
1734919,81298811201,current
1734919,83634020651,current
1734919,83703055001,current
1734919,83703055050,current
1735006,00409909417,current
1735006,00409909428,current
1736776,00703398501,current
1736776,00781331570,current
1736776,00781931570,current
1736776,00955172510,current
1736776,00955173110,current
1736776,16729033203,current
1736776,25021023310,current
1736776,31722035710,current
1736776,42677033601,current
1736776,42677033610,current
1736776,43066001401,current
1736776,47335004640,current
1736776,50742040510,current
1736776,55150033101,current
1736776,60505613206,current
1736776,60505628702,current
1736776,61703036318,current
1736776,61703036330,current
1736776,63323021110,current
1736776,63323065017,current
1736776,63323075010,current
1736776,67184050801,current
1736776,67457046910,current
1736776,68001034128,current
1736776,68001046836,current
1736776,68083017601,current
1736776,70860020110,current
1736776,71288010110,current
1736776,71288014995,current
1736776,71288017111,current
1736776,71288017191,current
1736776,72266012501,current
1736776,72266012510,current
1736776,72266016101,current
1736776,72603030101,current
1736776,72603042001,current
1736854,44567053001,current
1737466,14789010101,current
1737466,55150042901,current
1740467,00143989101,current
1740467,00143989125,current
1740467,00404993002,current
1740467,00409000902,current
1740467,00409000925,current
1740467,00409227102,current
1740467,00409227125,current
1740467,00409475503,current
1740467,00409475518,current
1740467,00641607801,current
1740467,00641607825,current
1740467,00641608001,current
1740467,00641608025,current
1740467,00781301072,current
1740467,00781301095,current
1740467,23155019631,current
1740467,23155019642,current
1740467,23155019643,current
1740467,23155037831,current
1740467,23155037841,current
1740467,23155037842,current
1740467,23155054731,current
1740467,23155054741,current
1740467,23155054742,current
1740467,23155054831,current
1740467,23155054841,current
1740467,23155054842,current
1740467,25021077702,current
1740467,36000001225,current
1740467,50090493500,current
1740467,51662124501,current
1740467,51662124502,current
1740467,51662124503,current
1740467,51662136601,current
1740467,51662146901,current
1740467,55150012502,current
1740467,55154287605,current
1740467,55154287705,current
1740467,55154445305,current
1740467,55154697605,current
1740467,60505613000,current
1740467,60505613005,current
1740467,62756018101,current
1740467,63323037300,current
1740467,63323037302,current
1740467,64679072603,current
1740467,65219032300,current
1740467,65219032302,current
1740467,67184050705,current
1740467,67457044000,current
1740467,67457044022,current
1740467,68083011301,current
1740467,70860077602,current
1740467,70860077641,current
1740467,71872706801,current
1740467,71872706901,current
1740467,71872714001,current
1740467,71872716201,current
1740467,72266012301,current
1740467,72266012325,current
1740467,72572052001,current
1740467,72572052025,current
1740467,83270016003,current
1740467,84549013005,current
1740467,85766023401,current
1740467,85766023425,current
1789958,00299056230,current
1789958,00299596201,current
1789958,00299596230,current
1789958,15054053006,current
1790099,00069025510,current
1790099,00069027702,current
1790099,00069303120,current
1790099,00069401510,current
1790099,00069403112,current
1790099,00143908501,current
1790099,00143908901,current
1790099,45963073357,current
1790099,63323088310,current
1791701,16729027603,current
1791701,16729027668,current
1791701,55150049601,current
1791701,55150049610,current
1791701,63323011700,current
1791701,63323011710,current
1791701,63323011718,current
1791701,63323011719,current
1791701,63323011731,current
1791701,63323011743,current
1791701,68001052428,current
1791701,68001052430,current
1791701,68083026901,current
1791701,68083026910,current
1791701,70700018622,current
1791701,70700018623,current
1791701,84549011710,current
1796676,63323022926,current
1796676,63323022930,current
1796676,63323022935,current
1796676,63323022995,current
1803932,00143955401,current
1803932,00703514001,current
1803932,25021081430,current
1803932,25021081467,current
1803932,67457052810,current
1803932,68001028528,current
1803932,68001028536,current
1803932,68001041636,current
1803932,68001064836,current
1803932,70436011780,current
1803932,71288016120,current
1804799,50242004406,historical
1804799,50242004412,historical
1804799,50242004413,historical
1804799,50242008525,historical
1804799,50242008527,historical
1807510,00338358048,current
1807510,00338358201,current
1807510,70594005601,current
1807510,70594005602,current
1807510,70594005603,current
1807513,00143916201,current
1807513,00143916210,current
1807513,00143935701,current
1807513,00143935710,current
1807513,00409653301,current
1807513,00409653311,current
1807513,00409653321,current
1807513,00409653331,current
1807513,00409653359,current
1807513,00409653501,current
1807513,00409653511,current
1807513,16714030901,current
1807513,16714030910,current
1807513,25021015120,current
1807513,31722021110,current
1807513,31722021133,current
1807513,43538081001,current
1807513,43538081010,current
1807513,47781059707,current
1807513,47781059791,current
1807513,51991094117,current
1807513,51991094199,current
1807513,55150020420,current
1807513,63323028401,current
1807513,63323028420,current
1807513,63323028421,current
1807513,63323028426,current
1807513,63323028441,current
1807513,63323028442,current
1807513,63323028445,current
1807513,67457034000,current
1807513,67457034001,current
1807513,67457061200,current
1807513,67457061220,current
1807513,68001046664,current
1807513,68083014410,current
1807513,68462095601,current
1807513,68462095611,current
1807513,70436002182,current
1807513,70594004601,current
1807513,70594004602,current
1807513,70594012301,current
1807513,70594012302,current
1807513,70860010520,current
1807513,70860010541,current
1807513,71288002320,current
1807513,71288002321,current
1807513,72572002901,current
1807513,72572002910,current
1807513,72572080101,current
1807513,72572080102,current
1807513,72611076501,current
1807513,72611076510,current
1807513,87188020201,current
1807513,87188020290,current
1808217,00069024801,current
1808217,00069024810,current
1808217,00409469924,current
1808217,00409469954,current
1808217,00641619601,current
1808217,00641619610,current
1808217,16714069001,current
1808217,16714069010,current
1808217,23155034533,current
1808217,23155034543,current
1808217,25021060851,current
1808217,43598054910,current
1808217,43598054952,current
1808217,51662147001,current
1808217,63323027065,current
1808217,71288073152,current
1808217,71288073153,current
1808217,72572058501,current
1808217,72572058510,current
1808217,72572061201,current
1808217,72572061210,current
1808217,80830236501,current
1808217,80830236507,current
1808217,83634060343,current
1808217,83634060351,current
1809104,00641611201,current
1809104,00641611210,current
1856546,50419042401,current
1856546,50419042408,current
1856546,50419042471,current
1860154,00115155701,historical
1860480,00143920401,current
1860480,00409036601,current
1860480,00409423501,current
1860480,00955102001,current
1860480,23155090331,current
1860480,25021024501,current
1860480,43598025811,current
1860480,43598061111,current
1860480,45963073454,current
1860480,47335032340,current
1860480,57884304101,current
1860480,70121122101,current
1860480,71288013301,current
1860480,72485021401,current
1860491,47781040960,current
1860491,65224091060,current
1870230,00115169430,current
1870230,00115169449,current
1870230,00935098619,current
1870230,50090315500,current
1870230,51662122301,current
1870230,70385202201,current
1870230,70518204800,current
1870230,76420046702,current
1870230,76420083401,current
1870230,76420083402,current
1870230,80425026401,current
1870230,85766006101,current
1870230,85766006102,current
1946840,00002441562,current
1946840,00002481554,current
1946840,00002481562,current
1997015,42023062201,current
1997015,42023062210,current
1997015,70511014250,current
1997015,70511014284,current
1997015,70860040350,current
1997015,70860040351,current
1998772,50090345900,current
1998772,50090503200,current
1998772,59310030480,current
1998772,59310030481,current
1998774,50090345800,current
1998774,50090503100,current
1998774,59310030240,current
1998774,59310030241,current
2001499,11695123005,current
2001499,13985005685,current
2001499,59051908805,current
2103182,00517102001,current
2103182,00517102025,current
2103182,00548970100,current
2103182,25021047401,current
2103182,43598008511,current
2103182,43598008525,current
2103182,43598091406,current
2103182,43598091411,current
2103182,43598091425,current
2103182,51662131402,current
2103182,51662168801,current
2103182,51662168802,current
2103182,51662169401,current
2103182,51662169402,current
2103182,55150037101,current
2103182,55150037125,current
2103182,63323093000,current
2103182,63323093001,current
2103182,65219003900,current
2103182,65219003901,current
2103182,68083052010,current
2103182,68083052025,current
2103182,70121164201,current
2103182,70121164202,current
2103182,70121164205,current
2103182,70121164207,current
2103182,71872733401,current
2103182,72572086001,current
2103182,72572086025,current
2123111,00054074287,current
2123111,00781729685,current
2123111,50090517900,current
2123111,50090517901,current
2123111,50090573501,current
2123111,55700090867,current
2123111,60687066291,current
2123111,68788799602,current
2123111,68788878702,current
2123111,68788887402,current
2123111,69097014260,current
2123111,70518452800,current
2123111,72162121202,current
2123111,72572001401,current
2123111,76282067942,current
2123111,76420053101,current
2123111,82804003667,current
2123111,82804018967,current
2123111,85534003900,current
2123111,85766002090,current
2284960,61958290101,historical
2563431,73089008112,current
2563431,73089008121,current
